{
    "Decision Tree": {
        "accuracy": 0.9833,
        "precision": 0.9837,
        "recall": 0.9833,
        "f1": 0.9832,
        "confusion_matrix": [
            [
                361,
                3,
                0,
                0,
                0
            ],
            [
                17,
                211,
                0,
                0,
                0
            ],
            [
                0,
                0,
                223,
                0,
                0
            ],
            [
                0,
                0,
                0,
                130,
                0
            ],
            [
                0,
                0,
                0,
                0,
                255
            ]
        ],
        "report": {
            "0": {
                "precision": 0.955026455026455,
                "recall": 0.9917582417582418,
                "f1-score": 0.9730458221024259,
                "support": 364.0
            },
            "1": {
                "precision": 0.985981308411215,
                "recall": 0.9254385964912281,
                "f1-score": 0.9547511312217195,
                "support": 228.0
            },
            "2": {
                "precision": 1.0,
                "recall": 1.0,
                "f1-score": 1.0,
                "support": 223.0
            },
            "3": {
                "precision": 1.0,
                "recall": 1.0,
                "f1-score": 1.0,
                "support": 130.0
            },
            "4": {
                "precision": 1.0,
                "recall": 1.0,
                "f1-score": 1.0,
                "support": 255.0
            },
            "accuracy": 0.9833333333333333,
            "macro avg": {
                "precision": 0.9882015526875338,
                "recall": 0.983439367649894,
                "f1-score": 0.9855593906648291,
                "support": 1200.0
            },
            "weighted avg": {
                "precision": 0.9836944732894889,
                "recall": 0.9833333333333333,
                "f1-score": 0.9832266143031959,
                "support": 1200.0
            }
        }
    },
    "Random Forest": {
        "accuracy": 0.9992,
        "precision": 0.9992,
        "recall": 0.9992,
        "f1": 0.9992,
        "confusion_matrix": [
            [
                364,
                0,
                0,
                0,
                0
            ],
            [
                0,
                228,
                0,
                0,
                0
            ],
            [
                0,
                0,
                223,
                0,
                0
            ],
            [
                0,
                0,
                0,
                130,
                0
            ],
            [
                0,
                0,
                0,
                1,
                254
            ]
        ],
        "report": {
            "0": {
                "precision": 1.0,
                "recall": 1.0,
                "f1-score": 1.0,
                "support": 364.0
            },
            "1": {
                "precision": 1.0,
                "recall": 1.0,
                "f1-score": 1.0,
                "support": 228.0
            },
            "2": {
                "precision": 1.0,
                "recall": 1.0,
                "f1-score": 1.0,
                "support": 223.0
            },
            "3": {
                "precision": 0.9923664122137404,
                "recall": 1.0,
                "f1-score": 0.9961685823754789,
                "support": 130.0
            },
            "4": {
                "precision": 1.0,
                "recall": 0.996078431372549,
                "f1-score": 0.9980353634577603,
                "support": 255.0
            },
            "accuracy": 0.9991666666666666,
            "macro avg": {
                "precision": 0.9984732824427482,
                "recall": 0.9992156862745099,
                "f1-score": 0.9988407891666478,
                "support": 1200.0
            },
            "weighted avg": {
                "precision": 0.9991730279898218,
                "recall": 0.9991666666666666,
                "f1-score": 0.9991674444921176,
                "support": 1200.0
            }
        }
    },
    "KNN": {
        "accuracy": 0.7117,
        "precision": 0.7342,
        "recall": 0.7117,
        "f1": 0.7169,
        "confusion_matrix": [
            [
                287,
                51,
                12,
                6,
                8
            ],
            [
                24,
                154,
                37,
                7,
                6
            ],
            [
                5,
                38,
                141,
                32,
                7
            ],
            [
                2,
                0,
                15,
                103,
                10
            ],
            [
                10,
                14,
                19,
                43,
                169
            ]
        ],
        "report": {
            "0": {
                "precision": 0.875,
                "recall": 0.7884615384615384,
                "f1-score": 0.8294797687861272,
                "support": 364.0
            },
            "1": {
                "precision": 0.5992217898832685,
                "recall": 0.6754385964912281,
                "f1-score": 0.6350515463917525,
                "support": 228.0
            },
            "2": {
                "precision": 0.6294642857142857,
                "recall": 0.6322869955156951,
                "f1-score": 0.6308724832214765,
                "support": 223.0
            },
            "3": {
                "precision": 0.5392670157068062,
                "recall": 0.7923076923076923,
                "f1-score": 0.6417445482866043,
                "support": 130.0
            },
            "4": {
                "precision": 0.845,
                "recall": 0.6627450980392157,
                "f1-score": 0.7428571428571429,
                "support": 255.0
            },
            "accuracy": 0.7116666666666667,
            "macro avg": {
                "precision": 0.6975906182608721,
                "recall": 0.7102479841630738,
                "f1-score": 0.6960010979086207,
                "support": 1200.0
            },
            "weighted avg": {
                "precision": 0.7342273465412964,
                "recall": 0.7116666666666667,
                "f1-score": 0.7168852623997409,
                "support": 1200.0
            }
        }
    },
    "XGBoost": {
        "accuracy": 1.0,
        "precision": 1.0,
        "recall": 1.0,
        "f1": 1.0,
        "confusion_matrix": [
            [
                364,
                0,
                0,
                0,
                0
            ],
            [
                0,
                228,
                0,
                0,
                0
            ],
            [
                0,
                0,
                223,
                0,
                0
            ],
            [
                0,
                0,
                0,
                130,
                0
            ],
            [
                0,
                0,
                0,
                0,
                255
            ]
        ],
        "report": {
            "0": {
                "precision": 1.0,
                "recall": 1.0,
                "f1-score": 1.0,
                "support": 364.0
            },
            "1": {
                "precision": 1.0,
                "recall": 1.0,
                "f1-score": 1.0,
                "support": 228.0
            },
            "2": {
                "precision": 1.0,
                "recall": 1.0,