Age,Gender,Mood,Stress,SleepQuality,Anxiety,FavGenre,Language,Activity,RecommendedPlaylist
53,Female,Happy,2,Good,6,Nature Sounds,Spanish,Exercise,playlist_5
66,Male,Tired,8,Poor,9,Pop,Spanish,Sleeping,playlist_2
43,Male,Tired,2,Good,6,Classical,Tamil,Studying,playlist_1
29,Female,Happy,9,Good,3,Pop,Kannada,Relaxation,playlist_1
57,Male,Anxiety,4,Poor,1,Lo-fi,Malayalam,Relaxation,playlist_3
22,Female,Tired,1,Fair,4,Nature Sounds,Tamil,Relaxation,playlist_5
35,Female,Anxiety,4,Good,4,Lo-fi,Telugu,Sleeping,playlist_3
53,Male,Happy,3,Good,8,Instrumental,Tamil,Relaxation,playlist_1
72,Male,Tired,6,Poor,10,Pop,Other,Meditation,playlist_3
33,Female,Sad,7,Poor,10,Pop,Hindi,Exercise,playlist_2
37,Female,Happy,8,Poor,7,Pop,Other,Relaxation,playlist_1
25,Female,Angry,2,Poor,10,Classical,Kannada,Meditation,playlist_3
25,Male,Anxiety,6,Fair,7,Lo-fi,Kannada,Meditation,playlist_3
38,Female,Happy,6,Good,7,Instrumental,Tamil,Sleeping,playlist_1
67,Male,Happy,10,Good,2,Classical,Hindi,Sleeping,playlist_2
50,Male,Tired,5,Good,9,Classical,Spanish,Exercise,playlist_5
54,Female,Tired,10,Good,6,Nature Sounds,Malayalam,Exercise,playlist_5
38,Female,Tired,10,Fair,2,Instrumental,Tamil,Studying,playlist_1
17,Male,Angry,7,Good,1,Pop,Telugu,Exercise,playlist_4
36,Female,Tired,3,Fair,1,Pop,Spanish,Sleeping,playlist_5
67,Female,Happy,4,Fair,1,Nature Sounds,Kannada,Meditation,playlist_1
16,Male,Tired,10,Poor,4,Pop,Spanish,Studying,playlist_1
38,Female,Sad,9,Poor,4,Lo-fi,Kannada,Exercise,playlist_2
58,Female,Tired,4,Good,9,Pop,Malayalam,Meditation,playlist_3
44,Female,Angry,3,Fair,1,Lo-fi,Hindi,Sleeping,playlist_4
52,Female,Sad,2,Poor,3,Nature Sounds,English,Relaxation,playlist_2
16,Female,Happy,5,Fair,3,Nature Sounds,Malayalam,Studying,playlist_1
74,Female,Happy,4,Poor,8,Lo-fi,Hindi,Meditation,playlist_3
35,Male,Anxiety,8,Fair,2,Pop,Other,Sleeping,playlist_2
47,Male,Sad,7,Good,6,Nature Sounds,Spanish,Sleeping,playlist_2
26,Female,Anxiety,6,Good,4,Nature Sounds,Telugu,Studying,playlist_1
72,Female,Sad,2,Fair,10,Lo-fi,Hindi,Studying,playlist_1
36,Male,Sad,3,Poor,6,Nature Sounds,Malayalam,Exercise,playlist_5
58,Male,Angry,10,Poor,5,Pop,English,Exercise,playlist_4
39,Female,Anxiety,9,Good,9,Nature Sounds,Spanish,Studying,playlist_1
63,Male,Angry,9,Good,9,Lo-fi,Telugu,Studying,playlist_1
41,Male,Sad,5,Good,1,Pop,Telugu,Meditation,playlist_2
73,Male,Happy,3,Poor,3,Instrumental,Other,Exercise,playlist_5
56,Female,Sad,2,Poor,1,Lo-fi,English,Sleeping,playlist_2
42,Male,Angry,8,Good,6,Instrumental,Other,Exercise,playlist_4
74,Female,Anxiety,6,Fair,3,Nature Sounds,Tamil,Exercise,playlist_3
30,Female,Anxiety,10,Poor,1,Pop,Hindi,Studying,playlist_1
29,Female,Angry,7,Good,6,Nature Sounds,Malayalam,Studying,playlist_1
61,Male,Anxiety,1,Fair,5,Pop,Telugu,Exercise,playlist_5
65,Male,Tired,1,Poor,8,Classical,Malayalam,Relaxation,playlist_5
58,Male,Happy,10,Fair,2,Nature Sounds,Hindi,Relaxation,playlist_1
69,Female,Happy,2,Fair,8,Nature Sounds,Spanish,Exercise,playlist_5
66,Female,Happy,10,Poor,5,Nature Sounds,English,Relaxation,playlist_1
71,Male,Anxiety,3,Good,8,Lo-fi,Other,Exercise,playlist_5
17,Female,Anxiety,1,Fair,10,Pop,Kannada,Studying,playlist_1
51,Female,Sad,5,Good,4,Pop,English,Studying,playlist_1
65,Male,Sad,3,Poor,4,Pop,Hindi,Studying,playlist_1
21,Male,Happy,1,Fair,10,Lo-fi,Telugu,Sleeping,playlist_1
35,Female,Tired,8,Fair,4,Pop,Spanish,Studying,playlist_1
23,Female,Sad,6,Fair,6,Nature Sounds,Hindi,Studying,playlist_1
53,Prefer not to say,Sad,9,Fair,4,Instrumental,Spanish,Exercise,playlist_2
32,Male,Anxiety,3,Fair,9,Classical,Kannada,Relaxation,playlist_3
18,Other,Tired,9,Poor,9,Pop,Telugu,Relaxation,playlist_5
39,Male,Happy,9,Fair,3,Lo-fi,Spanish,Studying,playlist_1
74,Male,Sad,1,Poor,7,Lo-fi,Kannada,Studying,playlist_1
28,Female,Tired,3,Good,5,Pop,Spanish,Studying,playlist_1
64,Male,Tired,6,Poor,9,Instrumental,Tamil,Exercise,playlist_5
72,Female,Happy,8,Fair,2,Pop,Malayalam,Exercise,playlist_1
23,Male,Tired,4,Good,3,Lo-fi,English,Exercise,playlist_5
40,Female,Tired,5,Poor,10,Classical,Tamil,Relaxation,playlist_5
67,Female,Tired,9,Poor,5,Instrumental,Hindi,Sleeping,playlist_2
16,Other,Sad,6,Poor,5,Pop,Other,Relaxation,playlist_2
34,Male,Happy,7,Fair,10,Classical,Tamil,Exercise,playlist_1
42,Female,Tired,7,Fair,7,Pop,English,Meditation,playlist_3
61,Male,Tired,4,Poor,8,Instrumental,Telugu,Sleeping,playlist_5
74,Female,Sad,4,Poor,8,Lo-fi,Malayalam,Studying,playlist_1
21,Female,Happy,4,Good,1,Instrumental,Kannada,Relaxation,playlist_1
58,Male,Anxiety,5,Fair,1,Nature Sounds,Spanish,Sleeping,playlist_3
22,Male,Sad,5,Fair,3,Pop,Other,Meditation,playlist_2
61,Female,Happy,8,Good,1,Classical,Telugu,Sleeping,playlist_2
49,Female,Tired,9,Poor,1,Classical,Malayalam,Relaxation,playlist_5
28,Male,Happy,2,Poor,10,Instrumental,Tamil,Exercise,playlist_5
31,Female,Happy,7,Good,8,Instrumental,Hindi,Studying,playlist_1
50,Female,Happy,1,Poor,1,Instrumental,Tamil,Exercise,playlist_5
64,Female,Anxiety,1,Poor,9,Classical,English,Exercise,playlist_5
54,Male,Happy,4,Good,2,Lo-fi,English,Relaxation,playlist_1
18,Female,Anxiety,10,Good,9,Classical,Hindi,Exercise,playlist_3
16,Female,Tired,7,Good,7,Lo-fi,Malayalam,Exercise,playlist_5
20,Female,Anxiety,2,Poor,9,Instrumental,Telugu,Relaxation,playlist_3
68,Female,Tired,2,Good,3,Nature Sounds,Spanish,Relaxation,playlist_5
56,Male,Tired,1,Poor,1,Classical,Spanish,Meditation,playlist_5
18,Male,Anxiety,10,Fair,1,Instrumental,English,Exercise,playlist_3
68,Male,Sad,2,Fair,10,Classical,English,Sleeping,playlist_2
43,Male,Angry,7,Good,6,Instrumental,Hindi,Studying,playlist_1
32,Male,Happy,9,Poor,7,Classical,Telugu,Studying,playlist_1
40,Female,Angry,6,Poor,9,Pop,Other,Relaxation,playlist_4
58,Female,Happy,10,Poor,6,Classical,Other,Relaxation,playlist_1
48,Male,Happy,2,Good,5,Pop,Tamil,Meditation,playlist_1
24,Male,Tired,10,Poor,2,Lo-fi,Kannada,Exercise,playlist_5
50,Male,Happy,10,Poor,2,Classical,Hindi,Relaxation,playlist_1
28,Female,Happy,9,Poor,8,Lo-fi,Telugu,Relaxation,playlist_1
45,Female,Anxiety,7,Fair,1,Nature Sounds,Kannada,Studying,playlist_1
62,Male,Angry,1,Poor,8,Pop,Spanish,Exercise,playlist_5
29,Female,Anxiety,9,Fair,10,Classical,Hindi,Meditation,playlist_3
22,Male,Happy,2,Poor,7,Lo-fi,Tamil,Relaxation,playlist_1
28,Male,Tired,4,Poor,7,Instrumental,Tamil,Relaxation,playlist_5
37,Male,Anxiety,9,Poor,5,Lo-fi,Telugu,Relaxation,playlist_3
74,Female,Anxiety,4,Fair,3,Classical,Telugu,Studying,playlist_1
71,Male,Sad,3,Poor,7,Nature Sounds,Tamil,Relaxation,playlist_2
54,Male,Happy,1,Good,7,Pop,Tamil,Relaxation,playlist_1
35,Male,Tired,7,Poor,7,Instrumental,Hindi,Studying,playlist_1
30,Male,Anxiety,6,Fair,2,Lo-fi,Malayalam,Relaxation,playlist_3
59,Female,Anxiety,10,Fair,3,Classical,Spanish,Exercise,playlist_3
32,Male,Tired,4,Good,3,Classical,Malayalam,Exercise,playlist_5
61,Female,Happy,6,Good,4,Pop,Telugu,Studying,playlist_1
67,Male,Sad,6,Good,9,Instrumental,Kannada,Exercise,playlist_2
38,Male,Anxiety,4,Fair,10,Lo-fi,Tamil,Meditation,playlist_3
40,Male,Sad,6,Poor,1,Lo-fi,Kannada,Relaxation,playlist_2
39,Male,Angry,10,Poor,7,Lo-fi,Telugu,Meditation,playlist_3
74,Male,Happy,8,Good,7,Pop,Spanish,Exercise,playlist_1
74,Male,Angry,3,Good,4,Pop,Telugu,Studying,playlist_1
74,Female,Angry,4,Poor,1,Instrumental,English,Studying,playlist_1
59,Female,Angry,10,Good,3,Lo-fi,Tamil,Meditation,playlist_4
55,Female,Happy,1,Poor,5,Lo-fi,Spanish,Exercise,playlist_5
43,Male,Happy,4,Poor,2,Instrumental,Malayalam,Relaxation,playlist_1
29,Female,Tired,10,Poor,7,Instrumental,Malayalam,Exercise,playlist_5
59,Male,Sad,10,Poor,10,Instrumental,Other,Exercise,playlist_2
15,Female,Sad,9,Fair,10,Classical,Telugu,Studying,playlist_1
39,Prefer not to say,Tired,8,Poor,7,Instrumental,Telugu,Sleeping,playlist_2
21,Female,Tired,4,Good,10,Nature Sounds,Tamil,Relaxation,playlist_5
23,Male,Angry,7,Good,5,Pop,English,Relaxation,playlist_4
38,Male,Tired,10,Good,10,Instrumental,English,Studying,playlist_1
15,Male,Anxiety,3,Good,6,Classical,English,Exercise,playlist_5
58,Male,Sad,9,Fair,1,Nature Sounds,English,Studying,playlist_1
22,Male,Tired,10,Poor,4,Classical,Spanish,Exercise,playlist_5
38,Male,Anxiety,4,Poor,4,Classical,Hindi,Sleeping,playlist_3
25,Male,Anxiety,2,Good,8,Classical,Tamil,Sleeping,playlist_3
65,Male,Anxiety,10,Good,2,Classical,Tamil,Meditation,playlist_3
31,Male,Anxiety,5,Good,1,Lo-fi,Tamil,Exercise,playlist_5
22,Female,Angry,2,Poor,7,Pop,Spanish,Studying,playlist_1
49,Male,Anxiety,10,Fair,6,Lo-fi,Malayalam,Studying,playlist_1
49,Male,Angry,6,Fair,5,Nature Sounds,Spanish,Studying,playlist_1
47,Female,Angry,10,Fair,8,Lo-fi,English,Meditation,playlist_3
73,Female,Anxiety,1,Fair,2,Nature Sounds,English,Relaxation,playlist_3
19,Male,Sad,6,Good,2,Instrumental,Malayalam,Studying,playlist_1
56,Female,Anxiety,4,Poor,9,Nature Sounds,Other,Sleeping,playlist_3
53,Male,Anxiety,3,Good,1,Lo-fi,Spanish,Studying,playlist_1
72,Male,Anxiety,2,Fair,6,Lo-fi,Malayalam,Studying,playlist_1
55,Male,Sad,7,Good,3,Nature Sounds,Telugu,Studying,playlist_1
42,Male,Happy,9,Fair,5,Lo-fi,Hindi,Relaxation,playlist_1
21,Female,Happy,3,Poor,8,Nature Sounds,Malayalam,Studying,playlist_1
23,Male,Angry,6,Fair,7,Classical,Tamil,Relaxation,playlist_4
22,Male,Angry,9,Good,4,Pop,Hindi,Relaxation,playlist_4
26,Other,Sad,2,Poor,8,Nature Sounds,Spanish,Meditation,playlist_3
48,Male,Tired,7,Fair,10,Classical,Malayalam,Sleeping,playlist_2
47,Female,Happy,5,Fair,2,Classical,Other,Studying,playlist_1
62,Male,Angry,5,Poor,7,Classical,Tamil,Studying,playlist_1
69,Male,Happy,7,Good,5,Classical,English,Studying,playlist_1
37,Male,Sad,9,Poor,6,Nature Sounds,Spanish,Relaxation,playlist_2
38,Female,Sad,4,Good,3,Lo-fi,English,Exercise,playlist_5
51,Female,Tired,9,Fair,10,Classical,Tamil,Sleeping,playlist_2
49,Male,Tired,10,Fair,7,Instrumental,Other,Studying,playlist_1
58,Male,Sad,9,Poor,7,Classical,Kannada,Exercise,playlist_2
54,Other,Angry,4,Fair,2,Lo-fi,Spanish,Exercise,playlist_5
36,Female,Happy,3,Poor,1,Lo-fi,English,Exercise,playlist_5
41,Female,Anxiety,2,Fair,10,Pop,Other,Sleeping,playlist_3
49,Female,Tired,9,Fair,2,Pop,Other,Exercise,playlist_5
15,Female,Anxiety,2,Good,8,Classical,Telugu,Studying,playlist_1
49,Male,Angry,6,Poor,10,Classical,Malayalam,Studying,playlist_1
51,Female,Tired,5,Poor,3,Pop,English,Meditation,playlist_5
61,Female,Anxiety,5,Fair,4,Classical,Telugu,Relaxation,playlist_3
28,Female,Angry,4,Good,8,Instrumental,Other,Exercise,playlist_5
17,Male,Happy,6,Good,3,Nature Sounds,Hindi,Relaxation,playlist_1
15,Female,Angry,5,Poor,6,Pop,Spanish,Relaxation,playlist_4
19,Female,Tired,4,Poor,2,Pop,English,Relaxation,playlist_5
40,Female,Sad,9,Fair,3,Lo-fi,Malayalam,Relaxation,playlist_2
69,Female,Happy,6,Poor,1,Classical,English,Relaxation,playlist_1
28,Female,Anxiety,10,Fair,9,Pop,Malayalam,Studying,playlist_1
53,Female,Tired,10,Good,4,Pop,Hindi,Sleeping,playlist_2
41,Male,Sad,10,Poor,6,Instrumental,Malayalam,Exercise,playlist_2
23,Male,Angry,3,Good,7,Classical,Telugu,Exercise,playlist_5
29,Female,Sad,10,Good,2,Nature Sounds,Kannada,Studying,playlist_1
29,Female,Tired,6,Fair,8,Instrumental,Spanish,Studying,playlist_1
40,Male,Tired,1,Good,9,Nature Sounds,Malayalam,Relaxation,playlist_5
56,Female,Sad,5,Fair,10,Lo-fi,Spanish,Sleeping,playlist_2
74,Male,Angry,10,Fair,2,Pop,Malayalam,Exercise,playlist_4
27,Male,Sad,6,Good,5,Instrumental,Spanish,Meditation,playlist_2
65,Female,Tired,8,Good,2,Nature Sounds,Telugu,Studying,playlist_1
46,Female,Tired,9,Fair,5,Classical,Other,Meditation,playlist_5
53,Female,Anxiety,3,Fair,7,Lo-fi,Spanish,Exercise,playlist_5
63,Female,Anxiety,2,Good,6,Lo-fi,Tamil,Studying,playlist_1
66,Male,Happy,4,Fair,4,Pop,Tamil,Exercise,playlist_5
46,Male,Tired,8,Fair,2,Pop,Tamil,Studying,playlist_1
18,Female,Anxiety,8,Poor,7,Nature Sounds,Malayalam,Exercise,playlist_3
44,Female,Sad,3,Poor,10,Nature Sounds,Hindi,Meditation,playlist_3
51,Male,Angry,4,Poor,9,Lo-fi,Telugu,Sleeping,playlist_4
37,Female,Sad,3,Poor,1,Nature Sounds,Malayalam,Studying,playlist_1
53,Female,Angry,10,Poor,3,Pop,Spanish,Meditation,playlist_4
59,Female,Anxiety,2,Fair,7,Lo-fi,English,Exercise,playlist_5
29,Female,Happy,4,Fair,9,Lo-fi,Malayalam,Meditation,playlist_3
57,Male,Sad,6,Poor,5,Classical,Tamil,Studying,playlist_1
43,Male,Sad,5,Good,7,Classical,Telugu,Meditation,playlist_3
50,Female,Sad,3,Poor,10,Nature Sounds,English,Exercise,playlist_5
27,Female,Angry,2,Good,7,Nature Sounds,Other,Relaxation,playlist_4
46,Male,Anxiety,9,Fair,4,Pop,Telugu,Sleeping,playlist_2
21,Female,Sad,1,Good,5,Pop,Hindi,Sleeping,playlist_2
73,Female,Sad,9,Fair,2,Classical,Tamil,Relaxation,playlist_2
65,Male,Happy,1,Good,8,Lo-fi,Kannada,Studying,playlist_1
36,Female,Happy,7,Fair,1,Instrumental,Malayalam,Meditation,playlist_1
42,Male,Anxiety,6,Fair,2,Instrumental,Spanish,Meditation,playlist_3
16,Male,Anxiety,7,Poor,3,Nature Sounds,Tamil,Relaxation,playlist_3
56,Female,Tired,3,Fair,7,Instrumental,Tamil,Relaxation,playlist_5
59,Male,Happy,3,Poor,6,Instrumental,Hindi,Exercise,playlist_5
71,Male,Tired,1,Poor,7,Classical,English,Exercise,playlist_5
67,Female,Angry,4,Poor,5,Lo-fi,Tamil,Sleeping,playlist_4
20,Female,Tired,2,Good,4,Pop,English,Studying,playlist_1
42,Female,Sad,10,Good,7,Classical,English,Studying,playlist_1
42,Male,Tired,8,Fair,3,Pop,Hindi,Relaxation,playlist_5
58,Male,Anxiety,3,Poor,10,Classical,Tamil,Sleeping,playlist_3
58,Female,Angry,7,Poor,7,Classical,Malayalam,Sleeping,playlist_2
34,Male,Sad,7,Fair,2,Instrumental,Hindi,Exercise,playlist_2
44,Female,Tired,9,Poor,8,Pop,Hindi,Meditation,playlist_3
25,Male,Angry,6,Fair,6,Classical,Kannada,Studying,playlist_1
72,Female,Angry,1,Poor,3,Instrumental,Malayalam,Sleeping,playlist_4
69,Male,Sad,8,Good,3,Nature Sounds,Hindi,Exercise,playlist_2
42,Male,Tired,1,Fair,5,Pop,Kannada,Exercise,playlist_5
39,Prefer not to say,Angry,3,Fair,3,Classical,Other,Exercise,playlist_5
53,Prefer not to say,Angry,5,Good,6,Nature Sounds,English,Meditation,playlist_4
47,Male,Happy,8,Fair,2,Instrumental,Malayalam,Sleeping,playlist_2
15,Female,Angry,9,Good,8,Classical,Malayalam,Relaxation,playlist_4
71,Female,Happy,7,Poor,9,Instrumental,English,Relaxation,playlist_1
41,Male,Tired,9,Good,7,Instrumental,Other,Exercise,playlist_5
71,Male,Tired,3,Good,3,Instrumental,Telugu,Exercise,playlist_5
66,Male,Tired,5,Fair,10,Pop,Malayalam,Meditation,playlist_3
27,Female,Anxiety,10,Poor,4,Nature Sounds,Other,Exercise,playlist_3
55,Female,Tired,8,Good,10,Nature Sounds,Spanish,Sleeping,playlist_2
17,Other,Angry,1,Poor,2,Lo-fi,Telugu,Exercise,playlist_5
53,Female,Sad,8,Good,9,Classical,English,Exercise,playlist_2
20,Female,Happy,7,Fair,5,Instrumental,Tamil,Sleeping,playlist_2
22,Female,Anxiety,1,Good,2,Classical,Telugu,Studying,playlist_1
41,Female,Tired,10,Good,10,Nature Sounds,Hindi,Relaxation,playlist_5
23,Male,Tired,10,Poor,6,Nature Sounds,Malayalam,Exercise,playlist_5
51,Male,Sad,6,Good,7,Instrumental,Spanish,Sleeping,playlist_2
47,Female,Sad,1,Fair,2,Pop,Telugu,Relaxation,playlist_2
65,Female,Anxiety,2,Fair,1,Instrumental,Malayalam,Meditation,playlist_3
56,Male,Happy,5,Good,7,Instrumental,English,Studying,playlist_1
58,Female,Tired,2,Good,1,Lo-fi,Tamil,Exercise,playlist_5
38,Prefer not to say,Anxiety,10,Poor,3,Pop,Other,Studying,playlist_1
29,Female,Angry,1,Poor,4,Classical,English,Exercise,playlist_5
73,Female,Angry,6,Fair,2,Pop,Other,Exercise,playlist_4
68,Female,Anxiety,8,Poor,7,Instrumental,Tamil,Exercise,playlist_3
46,Male,Tired,8,Good,5,Instrumental,Other,Studying,playlist_1
46,Male,Anxiety,8,Fair,1,Instrumental,Malayalam,Meditation,playlist_3
38,Female,Tired,6,Poor,8,Instrumental,Telugu,Sleeping,playlist_5
55,Female,Sad,3,Fair,10,Instrumental,Hindi,Sleeping,playlist_2
66,Male,Anxiety,1,Good,7,Pop,Hindi,Meditation,playlist_3
63,Female,Tired,2,Poor,4,Instrumental,Other,Meditation,playlist_5
63,Male,Anxiety,5,Good,2,Nature Sounds,Other,Exercise,playlist_5
72,Female,Anxiety,10,Good,7,Nature Sounds,Other,Exercise,playlist_3
66,Female,Tired,5,Fair,2,Lo-fi,English,Sleeping,playlist_5
26,Male,Tired,10,Fair,6,Classical,Malayalam,Exercise,playlist_5
53,Male,Happy,1,Fair,1,Nature Sounds,Tamil,Exercise,playlist_5
16,Other,Anxiety,1,Poor,7,Lo-fi,Other,Meditation,playlist_3
17,Male,Angry,9,Poor,7,Pop,Telugu,Studying,playlist_1
63,Male,Anxiety,2,Fair,4,Classical,Spanish,Relaxation,playlist_3
51,Female,Anxiety,7,Poor,4,Instrumental,Other,Relaxation,playlist_3
63,Male,Tired,10,Poor,10,Instrumental,Tamil,Exercise,playlist_5
70,Female,Anxiety,4,Fair,5,Pop,Tamil,Exercise,playlist_5
31,Male,Anxiety,7,Good,2,Classical,Tamil,Relaxation,playlist_3
73,Female,Angry,8,Poor,9,Nature Sounds,Malayalam,Meditation,playlist_3
63,Male,Tired,5,Poor,10,Classical,Telugu,Relaxation,playlist_5
16,Female,Anxiety,1,Good,4,Lo-fi,Malayalam,Relaxation,playlist_3
16,Female,Sad,4,Good,9,Pop,Spanish,Relaxation,playlist_2
42,Male,Happy,10,Good,3,Nature Sounds,Tamil,Exercise,playlist_1
68,Prefer not to say,Angry,3,Fair,9,Classical,Spanish,Exercise,playlist_5
37,Male,Anxiety,10,Good,1,Classical,Spanish,Relaxation,playlist_3
51,Female,Sad,5,Fair,7,Nature Sounds,Malayalam,Exercise,playlist_5
46,Prefer not to say,Anxiety,10,Good,4,Lo-fi,Other,Relaxation,playlist_3
47,Female,Anxiety,10,Good,7,Lo-fi,Other,Meditation,playlist_3
15,Female,Tired,6,Fair,10,Classical,Hindi,Exercise,playlist_5
33,Male,Tired,2,Fair,6,Instrumental,English,Studying,playlist_1
16,Male,Tired,7,Good,4,Nature Sounds,Kannada,Exercise,playlist_5
67,Male,Sad,3,Good,4,Lo-fi,Other,Meditation,playlist_2
58,Prefer not to say,Anxiety,1,Good,8,Lo-fi,Tamil,Meditation,playlist_3
40,Prefer not to say,Happy,10,Poor,7,Lo-fi,Spanish,Exercise,playlist_1
46,Male,Angry,3,Good,4,Pop,Hindi,Sleeping,playlist_4
20,Male,Tired,9,Fair,6,Instrumental,Malayalam,Relaxation,playlist_5
46,Male,Tired,10,Poor,6,Lo-fi,Spanish,Relaxation,playlist_5
69,Male,Anxiety,6,Fair,1,Instrumental,Hindi,Meditation,playlist_3
18,Male,Anxiety,6,Poor,2,Classical,English,Exercise,playlist_3
69,Female,Sad,4,Poor,4,Classical,English,Sleeping,playlist_2
25,Female,Sad,8,Fair,6,Pop,Kannada,Studying,playlist_1
70,Female,Tired,5,Poor,6,Instrumental,Kannada,Relaxation,playlist_5
73,Female,Anxiety,7,Fair,1,Nature Sounds,Spanish,Sleeping,playlist_2
31,Female,Happy,9,Good,8,Pop,Other,Relaxation,playlist_1
52,Female,Angry,5,Poor,2,Lo-fi,Kannada,Exercise,playlist_5
38,Female,Anxiety,5,Fair,5,Classical,Telugu,Relaxation,playlist_3
19,Male,Anxiety,4,Poor,4,Classical,Telugu,Studying,playlist_1
66,Male,Sad,6,Fair,5,Nature Sounds,Hindi,Exercise,playlist_2
48,Female,Angry,2,Good,5,Pop,Malayalam,Meditation,playlist_4
20,Prefer not to say,Tired,3,Good,10,Instrumental,English,Sleeping,playlist_5
36,Female,Anxiety,1,Poor,8,Classical,Tamil,Relaxation,playlist_3
25,Other,Tired,2,Poor,10,Lo-fi,Other,Exercise,playlist_5
62,Male,Anxiety,2,Fair,7,Nature Sounds,English,Exercise,playlist_5
30,Female,Tired,8,Fair,9,Nature Sounds,Telugu,Relaxation,playlist_5
47,Female,Angry,8,Poor,1,Nature Sounds,Hindi,Meditation,playlist_4
23,Female,Sad,2,Fair,6,Lo-fi,Tamil,Relaxation,playlist_2
74,Other,Angry,6,Fair,6,Nature Sounds,Kannada,Meditation,playlist_4
73,Female,Happy,5,Fair,2,Instrumental,Kannada,Relaxation,playlist_1
20,Male,Sad,3,Poor,8,Instrumental,Telugu,Exercise,playlist_5
30,Male,Angry,5,Good,6,Pop,Hindi,Studying,playlist_1
43,Female,Happy,5,Good,10,Pop,Spanish,Studying,playlist_1
17,Other,Anxiety,5,Fair,9,Instrumental,Malayalam,Exercise,playlist_5
34,Male,Anxiety,3,Poor,10,Lo-fi,English,Studying,playlist_1
74,Female,Tired,3,Fair,5,Pop,Telugu,Meditation,playlist_5
73,Female,Sad,4,Good,7,Nature Sounds,Malayalam,Exercise,playlist_5
50,Male,Anxiety,7,Fair,6,Instrumental,Malayalam,Meditation,playlist_3
33,Male,Sad,2,Good,5,Classical,English,Exercise,playlist_5
40,Male,Anxiety,10,Poor,6,Lo-fi,Tamil,Meditation,playlist_3
17,Male,Tired,4,Fair,4,Lo-fi,English,Meditation,playlist_5
33,Male,Angry,4,Poor,3,Instrumental,Tamil,Studying,playlist_1
34,Male,Tired,1,Fair,1,Classical,Other,Exercise,playlist_5
46,Male,Happy,10,Fair,1,Lo-fi,Malayalam,Relaxation,playlist_1
21,Female,Anxiety,8,Fair,6,Pop,Hindi,Studying,playlist_1
66,Female,Happy,1,Fair,9,Classical,Telugu,Meditation,playlist_3
55,Female,Happy,8,Fair,8,Nature Sounds,English,Meditation,playlist_3
47,Female,Sad,7,Poor,2,Pop,Hindi,Relaxation,playlist_2
54,Prefer not to say,Anxiety,9,Poor,9,Classical,Hindi,Relaxation,playlist_3
53,Female,Happy,8,Good,8,Instrumental,English,Meditation,playlist_3
32,Prefer not to say,Angry,5,Fair,9,Lo-fi,Kannada,Relaxation,playlist_4
54,Male,Happy,8,Good,4,Pop,Malayalam,Sleeping,playlist_2
15,Female,Angry,10,Poor,9,Instrumental,Kannada,Studying,playlist_1
25,Female,Sad,3,Good,2,Classical,Tamil,Exercise,playlist_5
42,Male,Happy,10,Poor,1,Nature Sounds,Other,Relaxation,playlist_1
71,Male,Tired,7,Fair,9,Lo-fi,Hindi,Relaxation,playlist_5
39,Female,Sad,4,Good,10,Lo-fi,Telugu,Sleeping,playlist_2
64,Male,Angry,5,Good,8,Pop,Telugu,Exercise,playlist_5
37,Male,Sad,9,Good,7,Instrumental,Hindi,Sleeping,playlist_2
45,Female,Happy,7,Good,8,Classical,Kannada,Exercise,playlist_1
44,Female,Anxiety,4,Fair,1,Classical,Malayalam,Studying,playlist_1
56,Other,Anxiety,6,Poor,9,Instrumental,Hindi,Relaxation,playlist_3
49,Female,Angry,10,Poor,10,Lo-fi,Spanish,Studying,playlist_1
21,Female,Angry,7,Fair,9,Instrumental,Tamil,Exercise,playlist_4
74,Male,Anxiety,10,Poor,9,Classical,Hindi,Relaxation,playlist_3
30,Female,Angry,9,Good,6,Instrumental,English,Sleeping,playlist_2
40,Male,Sad,4,Fair,4,Lo-fi,Kannada,Meditation,playlist_2
62,Female,Tired,10,Poor,2,Pop,English,Sleeping,playlist_2
71,Male,Tired,3,Fair,4,Lo-fi,English,Meditation,playlist_5
66,Female,Sad,8,Fair,7,Nature Sounds,Hindi,Sleeping,playlist_2
74,Male,Tired,1,Poor,1,Nature Sounds,Malayalam,Exercise,playlist_5
63,Female,Happy,9,Poor,9,Instrumental,Hindi,Studying,playlist_1
16,Prefer not to say,Sad,1,Fair,3,Lo-fi,Malayalam,Meditation,playlist_2
15,Male,Angry,2,Fair,4,Lo-fi,Telugu,Exercise,playlist_5
62,Female,Sad,8,Poor,5,Classical,Malayalam,Studying,playlist_1
26,Female,Anxiety,9,Fair,3,Pop,Other,Studying,playlist_1
19,Female,Angry,7,Poor,4,Lo-fi,English,Relaxation,playlist_4
51,Female,Anxiety,3,Fair,5,Instrumental,Other,Relaxation,playlist_3
46,Male,Angry,7,Fair,1,Classical,Hindi,Relaxation,playlist_4
73,Male,Tired,6,Fair,9,Classical,Other,Meditation,playlist_3
69,Female,Sad,2,Poor,10,Instrumental,Telugu,Meditation,playlist_3
23,Male,Happy,3,Good,10,Instrumental,Spanish,Studying,playlist_1
55,Male,Angry,10,Poor,4,Lo-fi,English,Meditation,playlist_4
49,Male,Angry,10,Fair,9,Lo-fi,Telugu,Studying,playlist_1
33,Female,Anxiety,5,Good,4,Classical,Kannada,Exercise,playlist_5
62,Prefer not to say,Tired,10,Good,1,Classical,Tamil,Sleeping,playlist_2
30,Other,Anxiety,4,Fair,5,Pop,English,Studying,playlist_1
17,Female,Anxiety,2,Poor,9,Classical,Hindi,Studying,playlist_1
34,Female,Tired,4,Good,3,Instrumental,Malayalam,Exercise,playlist_5
38,Male,Happy,8,Good,5,Instrumental,Kannada,Relaxation,playlist_1
68,Female,Anxiety,5,Poor,3,Pop,Other,Relaxation,playlist_3
70,Male,Anxiety,5,Poor,3,Nature Sounds,Spanish,Relaxation,playlist_3
47,Female,Angry,10,Good,1,Nature Sounds,Telugu,Studying,playlist_1
38,Prefer not to say,Tired,3,Poor,2,Instrumental,Tamil,Studying,playlist_1
66,Female,Sad,8,Good,2,Nature Sounds,Malayalam,Meditation,playlist_2
25,Female,Happy,6,Fair,9,Nature Sounds,English,Meditation,playlist_3
63,Female,Happy,2,Poor,7,Pop,Tamil,Sleeping,playlist_1
22,Other,Tired,2,Good,8,Classical,Other,Sleeping,playlist_5
50,Male,Angry,9,Poor,2,Classical,Kannada,Meditation,playlist_4
52,Female,Angry,7,Poor,9,Nature Sounds,Other,Studying,playlist_1
54,Male,Tired,10,Good,3,Lo-fi,Tamil,Exercise,playlist_5
34,Female,Angry,9,Fair,10,Pop,Other,Meditation,playlist_3
49,Male,Happy,6,Good,2,Nature Sounds,English,Studying,playlist_1
62,Male,Happy,5,Poor,1,Lo-fi,Kannada,Meditation,playlist_1
39,Female,Sad,1,Good,9,Lo-fi,Telugu,Relaxation,playlist_2
49,Male,Tired,6,Poor,8,Pop,English,Meditation,playlist_3
39,Male,Anxiety,6,Good,4,Classical,Tamil,Relaxation,playlist_3
43,Female,Anxiety,3,Fair,7,Instrumental,English,Studying,playlist_1
32,Female,Sad,3,Fair,3,Lo-fi,Other,Relaxation,playlist_2
60,Male,Sad,3,Fair,3,Instrumental,Other,Meditation,playlist_2
32,Female,Angry,3,Fair,4,Instrumental,Other,Relaxation,playlist_4
16,Female,Sad,7,Good,2,Pop,Kannada,Exercise,playlist_2
68,Female,Sad,10,Fair,10,Classical,Tamil,Relaxation,playlist_2
49,Female,Anxiety,2,Good,4,Pop,Telugu,Relaxation,playlist_3
30,Male,Angry,10,Poor,10,Lo-fi,Spanish,Sleeping,playlist_2
55,Male,Sad,10,Poor,3,Classical,Spanish,Exercise,playlist_2
50,Male,Sad,2,Poor,8,Nature Sounds,Malayalam,Studying,playlist_1
47,Male,Angry,3,Fair,2,Classical,Hindi,Relaxation,playlist_4
18,Male,Tired,10,Fair,9,Pop,Telugu,Exercise,playlist_5
47,Male,Angry,7,Fair,3,Pop,English,Studying,playlist_1
28,Female,Anxiety,3,Poor,4,Instrumental,Hindi,Exercise,playlist_5
35,Female,Tired,7,Poor,10,Nature Sounds,Malayalam,Sleeping,playlist_2
62,Other,Happy,9,Poor,10,Classical,Malayalam,Studying,playlist_1
34,Male,Angry,10,Poor,3,Nature Sounds,Other,Studying,playlist_1
70,Male,Anxiety,4,Good,3,Instrumental,Kannada,Relaxation,playlist_3
22,Female,Tired,7,Good,8,Nature Sounds,Malayalam,Meditation,playlist_3
21,Male,Angry,9,Fair,8,Nature Sounds,Spanish,Studying,playlist_1
17,Female,Sad,8,Fair,6,Classical,Tamil,Studying,playlist_1
31,Female,Angry,8,Poor,4,Nature Sounds,Other,Sleeping,playlist_2
47,Female,Happy,9,Good,1,Instrumental,Tamil,Sleeping,playlist_2
62,Male,Angry,5,Good,4,Lo-fi,Kannada,Sleeping,playlist_4
26,Male,Tired,5,Fair,8,Lo-fi,Malayalam,Relaxation,playlist_5
73,Male,Tired,3,Good,6,Pop,English,Studying,playlist_1
65,Male,Angry,5,Fair,2,Lo-fi,Telugu,Sleeping,playlist_4
36,Male,Tired,8,Poor,3,Classical,Other,Sleeping,playlist_2
69,Female,Sad,5,Poor,7,Pop,Spanish,Exercise,playlist_5
36,Male,Angry,4,Fair,4,Lo-fi,Hindi,Exercise,playlist_5
60,Female,Sad,8,Poor,4,Lo-fi,Kannada,Sleeping,playlist_2
44,Male,Sad,7,Poor,5,Pop,Other,Relaxation,playlist_2
52,Male,Anxiety,6,Good,8,Classical,Malayalam,Meditation,playlist_3
52,Male,Angry,5,Good,7,Pop,English,Exercise,playlist_5
59,Male,Tired,5,Good,9,Classical,Other,Exercise,playlist_5
65,Male,Sad,10,Good,5,Classical,English,Studying,playlist_1
68,Male,Anxiety,2,Good,1,Instrumental,Hindi,Studying,playlist_1
22,Male,Angry,4,Fair,4,Lo-fi,Other,Sleeping,playlist_4
41,Male,Angry,8,Fair,6,Lo-fi,Kannada,Studying,playlist_1
41,Female,Happy,8,Good,6,Nature Sounds,Telugu,Studying,playlist_1
48,Female,Happy,1,Poor,9,Pop,Spanish,Meditation,playlist_3
35,Male,Sad,2,Poor,10,Instrumental,Telugu,Relaxation,playlist_2
44,Male,Happy,5,Fair,5,Lo-fi,Kannada,Sleeping,playlist_1
47,Female,Sad,9,Fair,5,Nature Sounds,Tamil,Meditation,playlist_2
42,Female,Tired,10,Fair,6,Instrumental,Spanish,Sleeping,playlist_2
61,Prefer not to say,Sad,7,Poor,6,Classical,Malayalam,Relaxation,playlist_2
47,Male,Happy,10,Fair,3,Lo-fi,Telugu,Sleeping,playlist_2
19,Male,Tired,5,Poor,6,Pop,Tamil,Studying,playlist_1
74,Female,Happy,1,Fair,8,Instrumental,Kannada,Relaxation,playlist_1
62,Female,Sad,6,Poor,6,Nature Sounds,Malayalam,Meditation,playlist_2
33,Male,Anxiety,8,Fair,5,Pop,English,Meditation,playlist_3
18,Female,Angry,7,Fair,3,Classical,Kannada,Exercise,playlist_4
49,Male,Happy,2,Poor,1,Pop,English,Meditation,playlist_1
63,Male,Sad,5,Fair,5,Nature Sounds,Other,Exercise,playlist_5
31,Female,Tired,4,Good,6,Classical,Kannada,Studying,playlist_1
58,Male,Happy,9,Poor,6,Nature Sounds,Spanish,Meditation,playlist_1
42,Female,Happy,10,Fair,6,Lo-fi,Tamil,Relaxation,playlist_1
44,Female,Angry,1,Poor,3,Nature Sounds,Malayalam,Exercise,playlist_5
43,Female,Sad,6,Fair,4,Pop,Tamil,Meditation,playlist_2
60,Male,Anxiety,3,Good,3,Lo-fi,Malayalam,Studying,playlist_1
67,Male,Tired,9,Fair,2,Lo-fi,Spanish,Relaxation,playlist_5
20,Male,Sad,5,Fair,8,Instrumental,Kannada,Relaxation,playlist_2
49,Female,Tired,6,Good,7,Pop,English,Studying,playlist_1
74,Female,Happy,9,Poor,8,Pop,Kannada,Meditation,playlist_3
55,Male,Angry,9,Fair,6,Classical,English,Sleeping,playlist_2
51,Female,Angry,8,Fair,7,Nature Sounds,Tamil,Meditation,playlist_3
38,Female,Anxiety,9,Good,1,Nature Sounds,Hindi,Exercise,playlist_3
43,Male,Angry,4,Poor,10,Pop,Telugu,Exercise,playlist_5
63,Female,Happy,6,Poor,5,Nature Sounds,Tamil,Meditation,playlist_1
60,Male,Anxiety,5,Good,4,Pop,Kannada,Exercise,playlist_5
67,Female,Sad,5,Good,10,Lo-fi,Kannada,Sleeping,playlist_2
45,Female,Angry,4,Fair,3,Nature Sounds,English,Sleeping,playlist_4
49,Male,Anxiety,2,Good,2,Nature Sounds,Telugu,Relaxation,playlist_3
74,Female,Happy,6,Good,9,Pop,Malayalam,Exercise,playlist_1
47,Female,Tired,9,Good,8,Pop,Tamil,Meditation,playlist_3
66,Male,Tired,1,Poor,10,Classical,Spanish,Relaxation,playlist_5
35,Female,Happy,7,Good,2,Nature Sounds,Telugu,Sleeping,playlist_2
46,Male,Happy,6,Fair,6,Instrumental,Other,Relaxation,playlist_1
37,Female,Tired,3,Fair,3,Pop,Telugu,Studying,playlist_1
47,Other,Anxiety,1,Fair,3,Instrumental,Tamil,Exercise,playlist_5
17,Female,Tired,4,Good,5,Lo-fi,English,Meditation,playlist_5
32,Male,Happy,9,Poor,7,Lo-fi,Malayalam,Sleeping,playlist_2
39,Male,Angry,2,Good,7,Instrumental,English,Relaxation,playlist_4
56,Male,Sad,3,Good,10,Lo-fi,Spanish,Meditation,playlist_3
45,Female,Angry,2,Fair,1,Instrumental,English,Exercise,playlist_5
68,Female,Angry,2,Good,7,Classical,Hindi,Meditation,playlist_3
72,Male,Happy,10,Poor,7,Classical,Telugu,Exercise,playlist_1
17,Other,Tired,8,Fair,6,Lo-fi,Hindi,Exercise,playlist_5
54,Male,Anxiety,3,Poor,6,Instrumental,English,Exercise,playlist_5
60,Female,Angry,7,Poor,2,Instrumental,Malayalam,Relaxation,playlist_4
38,Female,Tired,8,Poor,3,Instrumental,Tamil,Exercise,playlist_5
64,Female,Anxiety,3,Good,3,Lo-fi,Telugu,Meditation,playlist_3
46,Female,Angry,2,Good,3,Instrumental,Tamil,Studying,playlist_1
61,Male,Anxiety,8,Good,2,Pop,Kannada,Meditation,playlist_3
36,Other,Tired,3,Good,9,Instrumental,Telugu,Relaxation,playlist_5
37,Female,Sad,7,Fair,6,Pop,Tamil,Exercise,playlist_2
16,Female,Tired,1,Good,2,Classical,English,Studying,playlist_1
41,Female,Happy,6,Fair,3,Pop,Hindi,Relaxation,playlist_1
56,Male,Anxiety,9,Poor,10,Classical,Tamil,Sleeping,playlist_2
16,Female,Sad,3,Fair,6,Lo-fi,Spanish,Sleeping,playlist_2
40,Female,Anxiety,7,Good,4,Classical,Malayalam,Sleeping,playlist_2
31,Female,Anxiety,6,Fair,7,Classical,Other,Studying,playlist_1
54,Female,Angry,8,Good,6,Instrumental,Kannada,Meditation,playlist_4
47,Female,Happy,3,Good,6,Nature Sounds,English,Studying,playlist_1
23,Male,Anxiety,3,Fair,3,Classical,Spanish,Studying,playlist_1
57,Female,Tired,4,Fair,8,Pop,Kannada,Studying,playlist_1
68,Male,Tired,3,Poor,9,Lo-fi,Malayalam,Sleeping,playlist_5
62,Female,Angry,9,Poor,6,Pop,Malayalam,Meditation,playlist_4
53,Male,Happy,4,Poor,2,Lo-fi,Hindi,Studying,playlist_1
43,Male,Happy,6,Poor,1,Pop,Other,Meditation,playlist_1
56,Male,Tired,8,Poor,3,Classical,Kannada,Exercise,playlist_5
69,Male,Sad,8,Fair,3,Nature Sounds,Malayalam,Studying,playlist_1
40,Male,Angry,5,Poor,8,Classical,Tamil,Studying,playlist_1
49,Female,Angry,5,Fair,5,Instrumental,Malayalam,Studying,playlist_1
64,Male,Tired,6,Poor,1,Pop,Malayalam,Exercise,playlist_5
39,Female,Tired,10,Good,4,Nature Sounds,Other,Exercise,playlist_5
38,Male,Sad,7,Poor,7,Pop,Tamil,Sleeping,playlist_2
27,Male,Sad,10,Good,5,Instrumental,English,Relaxation,playlist_2
74,Male,Happy,7,Fair,10,Instrumental,Hindi,Meditation,playlist_3
72,Male,Angry,4,Poor,6,Instrumental,Hindi,Relaxation,playlist_4
21,Male,Angry,6,Fair,10,Classical,Telugu,Studying,playlist_1
71,Prefer not to say,Tired,7,Poor,4,Classical,Spanish,Studying,playlist_1
50,Male,Happy,5,Fair,2,Nature Sounds,Telugu,Sleeping,playlist_1
59,Female,Angry,5,Poor,9,Instrumental,Tamil,Relaxation,playlist_4
34,Male,Happy,2,Poor,2,Classical,Malayalam,Studying,playlist_1
15,Female,Happy,7,Good,2,Lo-fi,Kannada,Relaxation,playlist_1
22,Male,Tired,6,Fair,2,Lo-fi,Malayalam,Sleeping,playlist_5
60,Other,Happy,1,Fair,1,Classical,Malayalam,Relaxation,playlist_1
30,Male,Sad,4,Fair,3,Nature Sounds,Kannada,Meditation,playlist_2
28,Male,Sad,3,Fair,6,Pop,English,Sleeping,playlist_2
26,Female,Anxiety,3,Fair,7,Instrumental,Hindi,Relaxation,playlist_3
65,Female,Tired,7,Good,1,Classical,Other,Studying,playlist_1
37,Male,Anxiety,10,Poor,5,Nature Sounds,Tamil,Exercise,playlist_3
29,Male,Sad,4,Good,5,Pop,Kannada,Exercise,playlist_5
42,Female,Anxiety,8,Fair,1,Nature Sounds,Other,Sleeping,playlist_2
48,Male,Tired,9,Fair,4,Pop,Telugu,Exercise,playlist_5
16,Female,Tired,3,Poor,10,Lo-fi,Tamil,Meditation,playlist_3
46,Female,Happy,5,Good,1,Pop,English,Sleeping,playlist_1
37,Female,Angry,4,Poor,1,Lo-fi,Tamil,Studying,playlist_1
36,Male,Happy,10,Poor,7,Instrumental,Kannada,Studying,playlist_1
65,Female,Tired,6,Good,7,Classical,Spanish,Sleeping,playlist_5
39,Male,Sad,10,Poor,3,Lo-fi,English,Exercise,playlist_2
72,Male,Sad,4,Good,7,Nature Sounds,Malayalam,Exercise,playlist_5
36,Female,Happy,8,Good,3,Pop,Telugu,Studying,playlist_1
72,Other,Tired,3,Fair,2,Nature Sounds,Telugu,Meditation,playlist_5
72,Male,Sad,5,Poor,10,Lo-fi,Kannada,Exercise,playlist_5
36,Male,Tired,1,Fair,4,Nature Sounds,English,Meditation,playlist_5
63,Female,Sad,6,Poor,10,Pop,Telugu,Exercise,playlist_2
66,Male,Tired,5,Poor,3,Classical,Other,Sleeping,playlist_5
56,Female,Anxiety,8,Fair,7,Nature Sounds,English,Relaxation,playlist_3
20,Prefer not to say,Tired,9,Fair,1,Instrumental,Tamil,Studying,playlist_1
29,Prefer not to say,Tired,8,Fair,6,Pop,Spanish,Sleeping,playlist_2
68,Male,Happy,8,Good,2,Pop,Hindi,Exercise,playlist_1
57,Female,Anxiety,3,Poor,8,Instrumental,Hindi,Studying,playlist_1
74,Other,Angry,4,Good,5,Lo-fi,Hindi,Relaxation,playlist_4
51,Male,Happy,4,Poor,3,Instrumental,Telugu,Relaxation,playlist_1
47,Female,Angry,5,Poor,10,Lo-fi,Kannada,Exercise,playlist_5
22,Male,Sad,9,Good,7,Classical,Hindi,Studying,playlist_1
67,Male,Angry,9,Good,2,Lo-fi,Malayalam,Exercise,playlist_4
74,Prefer not to say,Tired,10,Poor,5,Classical,Spanish,Relaxation,playlist_5
58,Female,Angry,1,Fair,8,Classical,Kannada,Sleeping,playlist_4
58,Male,Happy,8,Fair,1,Instrumental,Spanish,Sleeping,playlist_2
19,Female,Happy,1,Fair,1,Classical,Hindi,Meditation,playlist_1
53,Female,Angry,2,Fair,3,Lo-fi,Other,Relaxation,playlist_4
18,Female,Happy,7,Poor,3,Nature Sounds,Tamil,Relaxation,playlist_1
20,Male,Happy,8,Fair,7,Pop,Other,Exercise,playlist_1
59,Male,Angry,1,Fair,6,Pop,Other,Meditation,playlist_4
46,Male,Anxiety,3,Fair,7,Lo-fi,Spanish,Meditation,playlist_3
66,Female,Anxiety,7,Poor,4,Nature Sounds,Hindi,Studying,playlist_1
44,Male,Sad,9,Good,2,Classical,Other,Exercise,playlist_2
61,Male,Happy,8,Fair,2,Lo-fi,Kannada,Sleeping,playlist_2
49,Prefer not to say,Angry,8,Poor,10,Classical,Telugu,Studying,playlist_1
69,Other,Happy,9,Poor,1,Instrumental,Spanish,Meditation,playlist_1
54,Female,Tired,10,Fair,9,Nature Sounds,Other,Sleeping,playlist_2
66,Female,Happy,3,Good,7,Pop,Malayalam,Relaxation,playlist_1
30,Other,Happy,8,Good,10,Lo-fi,Other,Exercise,playlist_1
27,Female,Anxiety,1,Good,3,Pop,Tamil,Meditation,playlist_3
64,Female,Angry,8,Poor,2,Classical,Kannada,Relaxation,playlist_4
74,Female,Happy,7,Fair,3,Classical,English,Meditation,playlist_1
56,Female,Anxiety,8,Fair,7,Instrumental,Hindi,Sleeping,playlist_2
44,Male,Sad,1,Poor,5,Classical,Tamil,Studying,playlist_1
33,Male,Anxiety,6,Fair,3,Classical,Telugu,Sleeping,playlist_3
31,Male,Anxiety,7,Fair,9,Pop,Spanish,Exercise,playlist_3
70,Other,Anxiety,5,Good,2,Pop,English,Exercise,playlist_5
33,Female,Happy,5,Fair,7,Lo-fi,Spanish,Meditation,playlist_3
42,Female,Happy,7,Fair,10,Lo-fi,Hindi,Sleeping,playlist_2
72,Female,Sad,3,Poor,6,Classical,Tamil,Studying,playlist_1
69,Male,Tired,6,Poor,6,Nature Sounds,Malayalam,Exercise,playlist_5
40,Female,Tired,7,Good,7,Lo-fi,Kannada,Studying,playlist_1
51,Male,Tired,1,Poor,6,Classical,Spanish,Relaxation,playlist_5
40,Male,Sad,2,Good,2,Pop,Hindi,Meditation,playlist_2
67,Female,Tired,4,Good,5,Instrumental,Tamil,Studying,playlist_1
37,Female,Tired,8,Fair,3,Pop,Hindi,Meditation,playlist_5
23,Female,Anxiety,10,Good,9,Pop,Malayalam,Relaxation,playlist_3
26,Male,Happy,6,Fair,8,Instrumental,Tamil,Studying,playlist_1
67,Female,Happy,1,Good,10,Pop,Kannada,Studying,playlist_1
15,Male,Anxiety,10,Poor,2,Lo-fi,Hindi,Relaxation,playlist_3
72,Female,Anxiety,5,Poor,1,Pop,Spanish,Sleeping,playlist_3
72,Male,Anxiety,7,Poor,4,Instrumental,Tamil,Studying,playlist_1
15,Female,Happy,6,Good,4,Classical,Spanish,Studying,playlist_1
61,Male,Tired,9,Good,10,Classical,English,Exercise,playlist_5
48,Male,Anxiety,8,Fair,2,Classical,Telugu,Sleeping,playlist_2
46,Female,Sad,4,Fair,7,Instrumental,Malayalam,Studying,playlist_1
68,Female,Anxiety,5,Fair,3,Instrumental,Tamil,Relaxation,playlist_3
62,Female,Angry,7,Fair,7,Lo-fi,Spanish,Meditation,playlist_3
39,Female,Anxiety,8,Good,7,Instrumental,Other,Relaxation,playlist_3
54,Other,Happy,5,Good,1,Classical,Other,Sleeping,playlist_1
59,Other,Anxiety,9,Fair,6,Instrumental,Tamil,Exercise,playlist_3
67,Male,Angry,10,Good,4,Nature Sounds,Tamil,Exercise,playlist_4
15,Male,Sad,4,Good,8,Pop,Other,Exercise,playlist_5
30,Female,Tired,4,Good,8,Lo-fi,Hindi,Relaxation,playlist_5
53,Male,Anxiety,8,Good,3,Classical,Malayalam,Meditation,playlist_3
19,Male,Angry,1,Fair,4,Classical,Telugu,Meditation,playlist_4
36,Male,Angry,8,Fair,1,Nature Sounds,Malayalam,Studying,playlist_1
43,Male,Sad,5,Good,10,Lo-fi,Hindi,Meditation,playlist_3
69,Female,Happy,1,Poor,2,Pop,Spanish,Meditation,playlist_1
17,Male,Anxiety,4,Fair,7,Lo-fi,Tamil,Studying,playlist_1
26,Male,Angry,2,Fair,7,Lo-fi,Malayalam,Relaxation,playlist_4
40,Female,Sad,4,Poor,9,Classical,Tamil,Relaxation,playlist_2
30,Female,Tired,8,Fair,10,Instrumental,Telugu,Sleeping,playlist_2
65,Female,Angry,5,Poor,9,Pop,English,Relaxation,playlist_4
51,Male,Sad,1,Poor,9,Lo-fi,Hindi,Exercise,playlist_5
36,Male,Happy,7,Good,6,Nature Sounds,English,Exercise,playlist_1
71,Male,Happy,1,Fair,8,Classical,Malayalam,Sleeping,playlist_1
43,Male,Angry,9,Poor,9,Instrumental,Tamil,Meditation,playlist_3
28,Male,Angry,3,Good,7,Instrumental,Spanish,Sleeping,playlist_4
42,Female,Anxiety,3,Fair,4,Classical,Spanish,Studying,playlist_1
19,Prefer not to say,Sad,6,Good,4,Lo-fi,Tamil,Sleeping,playlist_2
61,Female,Angry,10,Good,6,Classical,Kannada,Sleeping,playlist_2
63,Female,Anxiety,6,Poor,4,Instrumental,Kannada,Exercise,playlist_3
44,Female,Anxiety,6,Fair,7,Instrumental,English,Studying,playlist_1
60,Female,Angry,1,Good,8,Nature Sounds,Kannada,Studying,playlist_1
66,Other,Happy,5,Poor,8,Nature Sounds,Spanish,Sleeping,playlist_1
19,Female,Sad,6,Poor,8,Instrumental,Malayalam,Studying,playlist_1
26,Male,Sad,8,Good,2,Nature Sounds,Other,Studying,playlist_1
30,Male,Happy,1,Good,10,Nature Sounds,Telugu,Relaxation,playlist_1
40,Female,Angry,5,Poor,2,Nature Sounds,Malayalam,Studying,playlist_1
40,Male,Sad,3,Good,2,Instrumental,English,Meditation,playlist_2
62,Other,Angry,2,Good,2,Lo-fi,Malayalam,Studying,playlist_1
35,Female,Angry,8,Fair,4,Lo-fi,Kannada,Exercise,playlist_4
53,Female,Anxiety,7,Poor,5,Pop,Kannada,Relaxation,playlist_3
50,Male,Happy,10,Good,4,Nature Sounds,Telugu,Exercise,playlist_1
47,Female,Angry,7,Poor,5,Lo-fi,Other,Exercise,playlist_4
44,Male,Tired,5,Fair,4,Pop,Malayalam,Meditation,playlist_5
51,Female,Happy,9,Poor,7,Classical,Telugu,Relaxation,playlist_1
37,Male,Sad,5,Poor,10,Nature Sounds,Spanish,Sleeping,playlist_2
72,Prefer not to say,Anxiety,2,Poor,1,Lo-fi,English,Studying,playlist_1
24,Female,Sad,3,Fair,1,Lo-fi,Hindi,Meditation,playlist_2
68,Female,Sad,4,Fair,2,Lo-fi,Other,Meditation,playlist_2
19,Other,Happy,5,Poor,1,Pop,Malayalam,Sleeping,playlist_1
50,Prefer not to say,Sad,3,Poor,10,Classical,Spanish,Meditation,playlist_3
48,Male,Angry,7,Fair,10,Nature Sounds,Spanish,Sleeping,playlist_2
66,Female,Sad,5,Good,3,Lo-fi,Malayalam,Sleeping,playlist_2
45,Male,Anxiety,5,Fair,6,Instrumental,Telugu,Sleeping,playlist_3
24,Female,Anxiety,6,Poor,10,Nature Sounds,Kannada,Meditation,playlist_3
72,Male,Tired,7,Good,6,Instrumental,English,Sleeping,playlist_2
33,Female,Anxiety,10,Good,1,Pop,Hindi,Meditation,playlist_3
72,Female,Sad,10,Good,6,Lo-fi,Malayalam,Relaxation,playlist_2
46,Female,Anxiety,8,Fair,5,Nature Sounds,English,Sleeping,playlist_2
15,Female,Happy,9,Fair,7,Nature Sounds,Kannada,Meditation,playlist_3
70,Female,Anxiety,4,Fair,6,Lo-fi,Other,Meditation,playlist_3
19,Male,Angry,5,Fair,7,Classical,Hindi,Meditation,playlist_3
59,Female,Happy,5,Poor,2,Pop,Hindi,Studying,playlist_1
18,Female,Tired,8,Good,1,Lo-fi,Spanish,Studying,playlist_1
30,Female,Angry,9,Poor,7,Nature Sounds,Telugu,Sleeping,playlist_2
38,Prefer not to say,Sad,7,Fair,9,Classical,Tamil,Relaxation,playlist_2
30,Male,Sad,5,Fair,2,Nature Sounds,Kannada,Sleeping,playlist_2
69,Female,Sad,3,Poor,7,Instrumental,Tamil,Exercise,playlist_5
16,Female,Angry,1,Good,3,Nature Sounds,Kannada,Exercise,playlist_5
63,Male,Angry,9,Good,6,Pop,English,Relaxation,playlist_4
42,Male,Angry,5,Fair,3,Lo-fi,Tamil,Relaxation,playlist_4
46,Female,Happy,9,Fair,10,Nature Sounds,Spanish,Relaxation,playlist_1
41,Male,Happy,10,Fair,5,Instrumental,Malayalam,Studying,playlist_1
34,Female,Sad,4,Fair,2,Instrumental,Other,Studying,playlist_1
38,Female,Anxiety,5,Good,8,Lo-fi,Spanish,Exercise,playlist_5
26,Female,Sad,4,Poor,8,Instrumental,Spanish,Relaxation,playlist_2
64,Female,Tired,2,Good,7,Lo-fi,Malayalam,Meditation,playlist_3
49,Female,Happy,1,Poor,6,Pop,Malayalam,Exercise,playlist_5
74,Male,Angry,8,Fair,1,Lo-fi,Hindi,Relaxation,playlist_4
47,Female,Happy,4,Fair,8,Classical,Telugu,Meditation,playlist_3
47,Female,Angry,5,Poor,1,Instrumental,Spanish,Relaxation,playlist_4
65,Male,Tired,6,Fair,8,Instrumental,Kannada,Sleeping,playlist_5
57,Prefer not to say,Tired,8,Good,2,Nature Sounds,Telugu,Meditation,playlist_5
51,Female,Happy,8,Fair,8,Classical,Kannada,Sleeping,playlist_2
26,Male,Angry,7,Fair,10,Nature Sounds,Malayalam,Studying,playlist_1
17,Female,Tired,4,Fair,4,Lo-fi,Hindi,Exercise,playlist_5
15,Female,Sad,6,Fair,7,Pop,Hindi,Relaxation,playlist_2
47,Male,Sad,4,Good,5,Instrumental,Hindi,Exercise,playlist_5
54,Female,Angry,7,Poor,8,Pop,Hindi,Relaxation,playlist_4
24,Female,Happy,1,Fair,6,Lo-fi,Spanish,Sleeping,playlist_1
57,Female,Tired,5,Fair,5,Lo-fi,Hindi,Meditation,playlist_5
58,Male,Happy,10,Good,1,Classical,Malayalam,Meditation,playlist_1
43,Male,Sad,10,Good,3,Nature Sounds,Telugu,Relaxation,playlist_2
27,Male,Tired,4,Good,10,Instrumental,English,Sleeping,playlist_5
26,Female,Happy,7,Fair,9,Instrumental,Tamil,Relaxation,playlist_1
45,Female,Anxiety,9,Poor,9,Pop,Telugu,Relaxation,playlist_3
60,Male,Angry,5,Good,5,Classical,Malayalam,Relaxation,playlist_4
16,Male,Angry,4,Good,3,Lo-fi,Other,Meditation,playlist_4
65,Female,Anxiety,9,Good,6,Classical,Tamil,Relaxation,playlist_3
64,Female,Sad,5,Poor,5,Instrumental,English,Meditation,playlist_2
49,Female,Tired,9,Fair,1,Nature Sounds,Kannada,Studying,playlist_1
37,Female,Angry,8,Fair,2,Pop,Spanish,Sleeping,playlist_2
31,Male,Anxiety,4,Fair,5,Lo-fi,English,Studying,playlist_1
40,Male,Anxiety,7,Good,9,Lo-fi,English,Relaxation,playlist_3
22,Male,Sad,5,Fair,4,Lo-fi,Other,Meditation,playlist_2
43,Female,Sad,10,Good,9,Nature Sounds,Malayalam,Sleeping,playlist_2
40,Male,Happy,4,Poor,3,Instrumental,Spanish,Exercise,playlist_5
24,Female,Angry,5,Poor,1,Instrumental,Kannada,Sleeping,playlist_4
40,Female,Happy,5,Fair,6,Classical,Tamil,Sleeping,playlist_1
48,Prefer not to say,Anxiety,9,Good,10,Classical,Spanish,Relaxation,playlist_3
65,Prefer not to say,Tired,9,Good,7,Instrumental,Hindi,Studying,playlist_1
55,Prefer not to say,Tired,6,Fair,4,Lo-fi,Other,Studying,playlist_1
21,Female,Sad,4,Poor,10,Nature Sounds,Kannada,Exercise,playlist_5
18,Female,Tired,2,Poor,5,Instrumental,Kannada,Relaxation,playlist_5
72,Female,Tired,3,Poor,4,Nature Sounds,English,Sleeping,playlist_5
67,Female,Tired,2,Poor,3,Pop,Kannada,Studying,playlist_1
64,Prefer not to say,Anxiety,5,Poor,1,Lo-fi,Spanish,Studying,playlist_1
59,Male,Tired,6,Fair,6,Pop,Telugu,Meditation,playlist_5
25,Male,Tired,5,Fair,10,Instrumental,Spanish,Sleeping,playlist_5
43,Female,Tired,2,Fair,5,Classical,Hindi,Relaxation,playlist_5
70,Female,Happy,5,Poor,1,Instrumental,Other,Studying,playlist_1
50,Female,Anxiety,9,Poor,5,Pop,Spanish,Relaxation,playlist_3
39,Female,Sad,4,Fair,6,Nature Sounds,English,Sleeping,playlist_2
35,Female,Happy,10,Fair,10,Instrumental,Tamil,Sleeping,playlist_2
71,Male,Angry,2,Poor,5,Classical,Tamil,Studying,playlist_1
50,Prefer not to say,Anxiety,3,Good,1,Pop,Tamil,Exercise,playlist_5
24,Male,Anxiety,3,Fair,5,Instrumental,Tamil,Relaxation,playlist_3
51,Male,Angry,9,Poor,10,Pop,Tamil,Relaxation,playlist_4
23,Female,Angry,4,Poor,1,Pop,English,Meditation,playlist_4
38,Male,Angry,1,Fair,3,Lo-fi,Telugu,Sleeping,playlist_4
49,Male,Sad,1,Good,2,Nature Sounds,Telugu,Sleeping,playlist_2
63,Male,Tired,7,Poor,1,Lo-fi,Tamil,Studying,playlist_1
49,Male,Anxiety,7,Fair,4,Pop,Telugu,Studying,playlist_1
62,Female,Tired,2,Poor,2,Classical,Hindi,Studying,playlist_1
50,Male,Tired,9,Poor,5,Classical,Telugu,Meditation,playlist_5
32,Female,Angry,9,Poor,10,Lo-fi,Spanish,Exercise,playlist_4
63,Male,Sad,5,Poor,1,Classical,Kannada,Studying,playlist_1
53,Female,Happy,3,Good,10,Pop,Tamil,Studying,playlist_1
46,Male,Sad,3,Fair,1,Instrumental,Spanish,Studying,playlist_1
38,Male,Tired,3,Fair,10,Pop,Kannada,Meditation,playlist_3
37,Male,Sad,6,Fair,4,Instrumental,Kannada,Relaxation,playlist_2
46,Male,Angry,4,Fair,7,Classical,Tamil,Exercise,playlist_5
51,Female,Happy,8,Fair,2,Nature Sounds,Malayalam,Relaxation,playlist_1
26,Female,Angry,5,Good,2,Nature Sounds,English,Sleeping,playlist_4
63,Prefer not to say,Happy,1,Poor,1,Pop,Malayalam,Sleeping,playlist_1
69,Other,Tired,9,Poor,5,Pop,Telugu,Studying,playlist_1
27,Female,Happy,1,Fair,6,Classical,Malayalam,Relaxation,playlist_1
37,Male,Happy,6,Poor,6,Nature Sounds,Hindi,Meditation,playlist_1
39,Female,Happy,1,Poor,2,Nature Sounds,Malayalam,Exercise,playlist_5
49,Male,Sad,3,Poor,7,Pop,Malayalam,Relaxation,playlist_2
55,Female,Sad,10,Fair,6,Nature Sounds,English,Relaxation,playlist_2
44,Male,Tired,5,Fair,8,Pop,Other,Exercise,playlist_5
31,Female,Happy,10,Good,6,Lo-fi,Hindi,Relaxation,playlist_1
63,Other,Anxiety,7,Fair,9,Nature Sounds,Malayalam,Relaxation,playlist_3
34,Male,Tired,10,Good,10,Instrumental,Tamil,Exercise,playlist_5
62,Female,Happy,8,Fair,2,Classical,Telugu,Meditation,playlist_1
39,Female,Happy,9,Poor,7,Pop,Malayalam,Exercise,playlist_1
36,Male,Sad,6,Good,5,Nature Sounds,English,Studying,playlist_1
27,Other,Tired,9,Good,1,Nature Sounds,Tamil,Studying,playlist_1
73,Male,Happy,8,Good,3,Pop,English,Studying,playlist_1
33,Male,Happy,9,Fair,4,Instrumental,Kannada,Studying,playlist_1
63,Female,Tired,10,Good,2,Nature Sounds,Malayalam,Sleeping,playlist_2
50,Male,Anxiety,4,Fair,7,Lo-fi,Telugu,Meditation,playlist_3
26,Male,Tired,9,Good,1,Classical,Telugu,Sleeping,playlist_2
55,Female,Tired,7,Fair,3,Pop,Other,Relaxation,playlist_5
33,Female,Anxiety,5,Good,9,Nature Sounds,Tamil,Relaxation,playlist_3
26,Female,Tired,5,Poor,2,Classical,Tamil,Exercise,playlist_5
23,Female,Happy,1,Poor,5,Pop,Tamil,Studying,playlist_1
21,Male,Tired,2,Good,4,Pop,Telugu,Exercise,playlist_5
42,Female,Anxiety,10,Fair,3,Pop,Malayalam,Relaxation,playlist_3
28,Male,Angry,3,Fair,5,Instrumental,Kannada,Studying,playlist_1
45,Prefer not to say,Tired,8,Fair,6,Lo-fi,Telugu,Meditation,playlist_5
66,Male,Sad,6,Poor,1,Pop,Tamil,Relaxation,playlist_2
33,Male,Happy,10,Poor,2,Instrumental,Hindi,Exercise,playlist_1
72,Other,Happy,5,Poor,1,Pop,Malayalam,Exercise,playlist_5
61,Prefer not to say,Sad,1,Fair,3,Pop,Other,Relaxation,playlist_2
30,Female,Sad,9,Fair,8,Instrumental,Kannada,Sleeping,playlist_2
67,Male,Tired,3,Fair,8,Lo-fi,Telugu,Meditation,playlist_3
19,Female,Sad,3,Good,4,Classical,Hindi,Relaxation,playlist_2
49,Male,Angry,2,Good,6,Nature Sounds,Other,Relaxation,playlist_4
26,Female,Anxiety,4,Good,9,Pop,Malayalam,Exercise,playlist_5
39,Male,Sad,2,Poor,7,Lo-fi,Other,Studying,playlist_1
66,Male,Sad,9,Poor,2,Nature Sounds,Spanish,Studying,playlist_1
73,Female,Angry,10,Fair,2,Pop,Spanish,Studying,playlist_1
35,Male,Happy,7,Good,3,Nature Sounds,Kannada,Exercise,playlist_1
50,Female,Happy,8,Fair,8,Instrumental,Spanish,Studying,playlist_1
67,Female,Tired,3,Good,10,Lo-fi,Telugu,Relaxation,playlist_5
37,Female,Angry,6,Good,9,Lo-fi,Spanish,Sleeping,playlist_4
30,Male,Anxiety,10,Fair,3,Classical,Malayalam,Sleeping,playlist_2
71,Female,Anxiety,6,Fair,9,Classical,Malayalam,Sleeping,playlist_3
53,Male,Angry,1,Good,10,Nature Sounds,Tamil,Studying,playlist_1
59,Male,Anxiety,6,Good,8,Instrumental,Telugu,Sleeping,playlist_3
67,Female,Happy,3,Poor,5,Nature Sounds,Malayalam,Studying,playlist_1
56,Male,Anxiety,3,Fair,10,Pop,Kannada,Relaxation,playlist_3
72,Male,Anxiety,3,Fair,3,Lo-fi,Tamil,Relaxation,playlist_3
53,Male,Angry,10,Fair,7,Nature Sounds,Malayalam,Exercise,playlist_4
28,Other,Angry,10,Fair,9,Nature Sounds,English,Exercise,playlist_4
45,Other,Anxiety,8,Good,6,Lo-fi,Other,Meditation,playlist_3
72,Female,Sad,5,Poor,3,Lo-fi,Hindi,Relaxation,playlist_2
19,Male,Angry,4,Fair,5,Classical,Malayalam,Studying,playlist_1
49,Male,Tired,9,Good,7,Classical,Spanish,Meditation,playlist_3
37,Male,Tired,9,Good,8,Lo-fi,Tamil,Relaxation,playlist_5
43,Male,Happy,1,Good,4,Nature Sounds,Tamil,Studying,playlist_1
57,Male,Anxiety,2,Good,2,Pop,Kannada,Relaxation,playlist_3
25,Female,Sad,8,Good,10,Nature Sounds,Malayalam,Relaxation,playlist_2
32,Female,Happy,5,Fair,2,Pop,Malayalam,Studying,playlist_1
61,Male,Anxiety,7,Fair,3,Lo-fi,Kannada,Relaxation,playlist_3
26,Female,Angry,1,Poor,8,Pop,Hindi,Relaxation,playlist_4
23,Female,Tired,10,Fair,1,Classical,Other,Relaxation,playlist_5
24,Female,Sad,5,Good,7,Lo-fi,Kannada,Exercise,playlist_5
72,Male,Tired,3,Poor,6,Instrumental,Tamil,Sleeping,playlist_5
58,Other,Angry,10,Good,2,Pop,Hindi,Relaxation,playlist_4
31,Female,Anxiety,2,Good,9,Pop,Spanish,Studying,playlist_1
52,Male,Angry,2,Fair,5,Instrumental,Hindi,Relaxation,playlist_4
21,Female,Angry,9,Good,2,Instrumental,Telugu,Exercise,playlist_4
60,Male,Tired,4,Fair,3,Lo-fi,Tamil,Exercise,playlist_5
27,Female,Sad,4,Good,7,Nature Sounds,Tamil,Relaxation,playlist_2
54,Female,Angry,7,Poor,7,Instrumental,Kannada,Meditation,playlist_3
56,Female,Tired,10,Good,10,Pop,Tamil,Sleeping,playlist_2
23,Female,Sad,10,Fair,1,Instrumental,Malayalam,Studying,playlist_1
64,Female,Anxiety,2,Good,10,Lo-fi,Kannada,Studying,playlist_1
41,Male,Anxiety,3,Fair,4,Lo-fi,Spanish,Studying,playlist_1
72,Male,Happy,3,Fair,6,Pop,Tamil,Studying,playlist_1
16,Male,Tired,6,Poor,8,Pop,Malayalam,Exercise,playlist_5
19,Male,Sad,3,Fair,3,Pop,Telugu,Sleeping,playlist_2
43,Male,Angry,5,Poor,3,Nature Sounds,Tamil,Relaxation,playlist_4
51,Female,Anxiety,4,Poor,8,Pop,Telugu,Relaxation,playlist_3
52,Male,Sad,3,Good,8,Lo-fi,Spanish,Meditation,playlist_3
33,Female,Tired,8,Poor,8,Lo-fi,Tamil,Relaxation,playlist_5
22,Female,Happy,10,Fair,1,Instrumental,Other,Sleeping,playlist_2
62,Male,Anxiety,3,Fair,8,Pop,Tamil,Relaxation,playlist_3
59,Female,Sad,6,Poor,8,Nature Sounds,English,Exercise,playlist_2
15,Prefer not to say,Sad,7,Good,2,Classical,Spanish,Relaxation,playlist_2
36,Male,Sad,7,Poor,9,Instrumental,Malayalam,Studying,playlist_1
66,Other,Tired,2,Poor,7,Nature Sounds,Other,Studying,playlist_1
31,Female,Tired,3,Fair,8,Pop,Tamil,Studying,playlist_1
21,Female,Tired,10,Good,2,Nature Sounds,Telugu,Studying,playlist_1
39,Male,Angry,10,Good,4,Classical,Hindi,Exercise,playlist_4
59,Female,Sad,4,Good,7,Nature Sounds,Telugu,Exercise,playlist_5
18,Female,Anxiety,7,Good,6,Classical,Malayalam,Exercise,playlist_3
50,Female,Tired,2,Fair,7,Classical,Tamil,Relaxation,playlist_5
20,Female,Tired,3,Good,1,Classical,Kannada,Studying,playlist_1
74,Female,Sad,7,Good,8,Nature Sounds,English,Meditation,playlist_3
45,Male,Tired,7,Good,7,Pop,Kannada,Meditation,playlist_3
33,Male,Angry,10,Fair,4,Lo-fi,English,Studying,playlist_1
58,Male,Angry,3,Fair,1,Lo-fi,English,Sleeping,playlist_4
68,Female,Tired,1,Good,8,Nature Sounds,Other,Relaxation,playlist_5
53,Male,Sad,3,Fair,10,Pop,Kannada,Meditation,playlist_3
41,Male,Sad,5,Poor,7,Lo-fi,Malayalam,Exercise,playlist_5
24,Male,Sad,7,Good,8,Classical,Tamil,Sleeping,playlist_2
40,Female,Happy,4,Fair,10,Nature Sounds,Telugu,Exercise,playlist_5
33,Female,Tired,1,Good,1,Nature Sounds,Kannada,Sleeping,playlist_5
53,Prefer not to say,Sad,6,Good,5,Instrumental,Hindi,Sleeping,playlist_2
17,Female,Angry,2,Fair,9,Instrumental,English,Relaxation,playlist_4
59,Female,Anxiety,3,Poor,5,Instrumental,Other,Exercise,playlist_5
27,Male,Anxiety,4,Good,10,Pop,Telugu,Exercise,playlist_5
64,Male,Sad,6,Poor,3,Nature Sounds,Spanish,Meditation,playlist_2
42,Male,Anxiety,6,Fair,9,Instrumental,Spanish,Studying,playlist_1
72,Female,Anxiety,7,Good,9,Nature Sounds,Hindi,Studying,playlist_1
34,Female,Happy,5,Fair,4,Classical,Telugu,Meditation,playlist_1
42,Male,Angry,7,Fair,4,Instrumental,Tamil,Sleeping,playlist_2
22,Male,Angry,2,Fair,8,Nature Sounds,Hindi,Meditation,playlist_3
55,Female,Happy,1,Fair,7,Pop,Malayalam,Meditation,playlist_3
53,Male,Happy,10,Good,5,Pop,Malayalam,Exercise,playlist_1
15,Female,Anxiety,8,Poor,6,Pop,Kannada,Meditation,playlist_3
17,Male,Tired,1,Poor,3,Instrumental,Telugu,Sleeping,playlist_5
27,Female,Anxiety,2,Good,6,Pop,Other,Studying,playlist_1
42,Female,Happy,10,Good,8,Lo-fi,Other,Relaxation,playlist_1
71,Female,Angry,6,Poor,10,Classical,Spanish,Meditation,playlist_3
74,Male,Anxiety,1,Poor,9,Nature Sounds,Malayalam,Meditation,playlist_3
63,Male,Tired,10,Good,3,Lo-fi,Malayalam,Exercise,playlist_5
39,Female,Anxiety,3,Fair,8,Instrumental,Kannada,Exercise,playlist_5
70,Female,Sad,7,Good,3,Nature Sounds,Kannada,Meditation,playlist_2
47,Female,Anxiety,8,Poor,2,Nature Sounds,Malayalam,Meditation,playlist_3
52,Female,Happy,4,Fair,5,Pop,Telugu,Sleeping,playlist_1
67,Male,Angry,3,Poor,4,Nature Sounds,Telugu,Studying,playlist_1
20,Female,Angry,1,Fair,5,Nature Sounds,English,Studying,playlist_1
72,Female,Happy,9,Poor,6,Classical,English,Relaxation,playlist_1
58,Female,Sad,10,Fair,3,Instrumental,Other,Studying,playlist_1
59,Other,Happy,6,Good,1,Lo-fi,Hindi,Relaxation,playlist_1
46,Male,Anxiety,6,Good,4,Pop,Spanish,Exercise,playlist_3
59,Female,Happy,9,Fair,6,Classical,Hindi,Relaxation,playlist_1
61,Prefer not to say,Happy,1,Fair,2,Lo-fi,Hindi,Relaxation,playlist_1
35,Male,Sad,6,Good,2,Lo-fi,English,Studying,playlist_1
30,Male,Anxiety,5,Good,1,Classical,Kannada,Meditation,playlist_3
68,Female,Tired,6,Fair,9,Pop,Malayalam,Exercise,playlist_5
35,Male,Tired,8,Fair,3,Instrumental,Tamil,Sleeping,playlist_2
25,Female,Angry,5,Good,2,Classical,Tamil,Relaxation,playlist_4
74,Male,Happy,2,Poor,4,Classical,Spanish,Relaxation,playlist_1
51,Female,Angry,2,Good,6,Classical,Malayalam,Relaxation,playlist_4
50,Male,Sad,10,Fair,1,Pop,Telugu,Meditation,playlist_2
49,Male,Tired,5,Fair,9,Classical,English,Sleeping,playlist_5
33,Female,Happy,3,Poor,9,Classical,Telugu,Studying,playlist_1
34,Female,Sad,10,Good,8,Nature Sounds,Other,Exercise,playlist_2
71,Male,Sad,3,Fair,6,Nature Sounds,Tamil,Meditation,playlist_2
32,Male,Happy,8,Good,4,Nature Sounds,Telugu,Sleeping,playlist_2
61,Female,Sad,7,Fair,2,Nature Sounds,English,Exercise,playlist_2
55,Female,Happy,1,Poor,8,Classical,Other,Studying,playlist_1
63,Female,Happy,5,Good,7,Nature Sounds,English,Exercise,playlist_5
28,Female,Anxiety,9,Good,4,Lo-fi,English,Relaxation,playlist_3
29,Male,Angry,4,Poor,3,Instrumental,Tamil,Relaxation,playlist_4
45,Female,Sad,1,Fair,6,Nature Sounds,English,Meditation,playlist_2
15,Female,Sad,8,Fair,1,Pop,Hindi,Exercise,playlist_2
67,Female,Anxiety,5,Good,2,Instrumental,Hindi,Relaxation,playlist_3
68,Female,Anxiety,2,Poor,7,Lo-fi,Spanish,Meditation,playlist_3
68,Female,Anxiety,1,Good,3,Instrumental,Malayalam,Meditation,playlist_3
17,Female,Tired,3,Good,1,Instrumental,Other,Meditation,playlist_5
30,Female,Tired,9,Fair,2,Lo-fi,Spanish,Studying,playlist_1
37,Female,Tired,1,Fair,10,Nature Sounds,English,Relaxation,playlist_5
71,Female,Happy,4,Fair,10,Lo-fi,Hindi,Relaxation,playlist_1
25,Female,Sad,8,Fair,9,Pop,English,Sleeping,playlist_2
26,Female,Angry,8,Fair,7,Lo-fi,Tamil,Studying,playlist_1
24,Male,Happy,10,Poor,7,Classical,Hindi,Relaxation,playlist_1
46,Male,Sad,8,Good,10,Classical,Tamil,Relaxation,playlist_2
30,Female,Sad,10,Poor,8,Instrumental,Hindi,Sleeping,playlist_2
22,Other,Anxiety,8,Good,8,Nature Sounds,Kannada,Exercise,playlist_3
52,Male,Anxiety,4,Fair,9,Nature Sounds,Kannada,Exercise,playlist_5
26,Male,Happy,8,Poor,2,Classical,Malayalam,Studying,playlist_1
38,Male,Anxiety,9,Good,8,Pop,Malayalam,Meditation,playlist_3
42,Male,Sad,7,Fair,8,Lo-fi,Malayalam,Sleeping,playlist_2
67,Male,Anxiety,2,Fair,5,Lo-fi,Spanish,Sleeping,playlist_3
22,Female,Tired,9,Poor,5,Lo-fi,Tamil,Relaxation,playlist_5
72,Female,Anxiety,8,Poor,4,Pop,Hindi,Relaxation,playlist_3
42,Female,Sad,5,Poor,5,Pop,Kannada,Sleeping,playlist_2
50,Male,Happy,3,Fair,2,Lo-fi,Other,Meditation,playlist_1
40,Female,Angry,7,Good,2,Lo-fi,English,Exercise,playlist_4
22,Female,Anxiety,2,Good,5,Pop,Telugu,Studying,playlist_1
72,Male,Sad,3,Poor,3,Lo-fi,Kannada,Exercise,playlist_5
74,Male,Angry,9,Good,1,Pop,Spanish,Studying,playlist_1
64,Female,Angry,4,Fair,9,Instrumental,Kannada,Meditation,playlist_3
42,Female,Tired,4,Good,2,Classical,English,Sleeping,playlist_5
42,Female,Angry,3,Fair,10,Classical,Kannada,Meditation,playlist_3
51,Male,Sad,5,Poor,2,Pop,Other,Sleeping,playlist_2
55,Female,Sad,3,Good,4,Lo-fi,Kannada,Relaxation,playlist_2
50,Male,Anxiety,9,Fair,2,Classical,Kannada,Studying,playlist_1
41,Female,Anxiety,3,Poor,7,Nature Sounds,Malayalam,Relaxation,playlist_3
68,Female,Anxiety,2,Poor,10,Lo-fi,Malayalam,Sleeping,playlist_3
31,Male,Angry,5,Poor,1,Pop,Hindi,Studying,playlist_1
23,Male,Angry,6,Poor,2,Nature Sounds,Malayalam,Studying,playlist_1
47,Male,Tired,1,Good,5,Pop,Kannada,Relaxation,playlist_5
67,Male,Anxiety,6,Fair,2,Lo-fi,Telugu,Studying,playlist_1
34,Male,Happy,10,Good,9,Instrumental,Other,Sleeping,playlist_2
27,Female,Tired,3,Fair,4,Instrumental,Spanish,Sleeping,playlist_5
42,Female,Happy,4,Poor,9,Instrumental,Malayalam,Relaxation,playlist_1
62,Female,Angry,6,Good,1,Lo-fi,Hindi,Meditation,playlist_4
43,Female,Tired,8,Poor,1,Lo-fi,Spanish,Sleeping,playlist_2
27,Female,Tired,9,Fair,1,Nature Sounds,Hindi,Sleeping,playlist_2
60,Other,Sad,6,Poor,4,Lo-fi,Tamil,Studying,playlist_1
49,Male,Angry,7,Good,9,Lo-fi,Kannada,Studying,playlist_1
20,Female,Angry,5,Good,8,Nature Sounds,Other,Sleeping,playlist_4
32,Male,Tired,9,Fair,7,Nature Sounds,Spanish,Relaxation,playlist_5
65,Male,Angry,4,Fair,1,Pop,Telugu,Meditation,playlist_4
19,Female,Tired,10,Good,3,Classical,Telugu,Studying,playlist_1
61,Female,Sad,6,Good,9,Classical,Tamil,Studying,playlist_1
39,Female,Tired,5,Good,9,Pop,Telugu,Meditation,playlist_3
16,Male,Angry,1,Good,5,Instrumental,Spanish,Studying,playlist_1
24,Male,Angry,5,Fair,6,Lo-fi,Hindi,Relaxation,playlist_4
70,Female,Tired,5,Good,6,Nature Sounds,English,Studying,playlist_1
44,Male,Tired,9,Fair,10,Nature Sounds,Hindi,Studying,playlist_1
64,Male,Tired,1,Good,4,Instrumental,Malayalam,Sleeping,playlist_5
73,Male,Anxiety,5,Good,1,Nature Sounds,English,Relaxation,playlist_3
59,Prefer not to say,Angry,7,Poor,5,Instrumental,Telugu,Relaxation,playlist_4
19,Male,Angry,6,Poor,1,Pop,Other,Sleeping,playlist_4
69,Female,Anxiety,6,Good,1,Instrumental,Kannada,Exercise,playlist_3
70,Female,Tired,7,Fair,5,Classical,Spanish,Meditation,playlist_5
47,Female,Sad,6,Good,5,Instrumental,English,Relaxation,playlist_2
68,Female,Tired,5,Poor,7,Pop,Hindi,Exercise,playlist_5
15,Female,Tired,10,Good,2,Instrumental,Hindi,Meditation,playlist_5
32,Prefer not to say,Anxiety,5,Poor,6,Pop,Malayalam,Relaxation,playlist_3
46,Female,Angry,9,Good,2,Classical,Hindi,Studying,playlist_1
61,Male,Tired,8,Good,10,Lo-fi,Spanish,Relaxation,playlist_5
63,Male,Angry,10,Fair,5,Pop,Spanish,Meditation,playlist_4
25,Other,Happy,4,Poor,4,Lo-fi,Malayalam,Exercise,playlist_5
35,Female,Angry,4,Poor,10,Pop,Hindi,Studying,playlist_1
40,Female,Sad,10,Poor,5,Instrumental,Tamil,Meditation,playlist_2
39,Female,Sad,5,Fair,2,Lo-fi,Telugu,Meditation,playlist_2
36,Female,Tired,3,Good,8,Pop,Other,Relaxation,playlist_5
73,Male,Angry,8,Fair,8,Pop,Kannada,Sleeping,playlist_2
41,Male,Tired,7,Good,6,Lo-fi,Malayalam,Sleeping,playlist_2
63,Female,Anxiety,5,Fair,3,Pop,Tamil,Studying,playlist_1
27,Male,Sad,10,Fair,4,Lo-fi,Telugu,Meditation,playlist_2
47,Male,Tired,3,Poor,1,Classical,Spanish,Exercise,playlist_5
48,Female,Anxiety,5,Fair,9,Nature Sounds,Malayalam,Studying,playlist_1
55,Male,Tired,3,Good,10,Classical,English,Studying,playlist_1
49,Male,Angry,10,Fair,5,Lo-fi,Tamil,Relaxation,playlist_4
15,Female,Angry,5,Fair,8,Instrumental,Malayalam,Exercise,playlist_5
35,Female,Angry,1,Good,3,Instrumental,Spanish,Meditation,playlist_4
62,Male,Angry,6,Poor,4,Nature Sounds,Tamil,Meditation,playlist_4
69,Female,Happy,10,Good,4,Lo-fi,Tamil,Meditation,playlist_1
20,Female,Anxiety,4,Good,8,Pop,Tamil,Studying,playlist_1
42,Male,Anxiety,4,Good,9,Classical,English,Relaxation,playlist_3
31,Male,Angry,8,Fair,3,Classical,Hindi,Studying,playlist_1
19,Male,Happy,2,Fair,7,Nature Sounds,Spanish,Sleeping,playlist_1
45,Female,Angry,4,Good,9,Nature Sounds,Tamil,Sleeping,playlist_4
19,Female,Happy,2,Good,2,Nature Sounds,Telugu,Meditation,playlist_1
52,Female,Angry,1,Poor,4,Nature Sounds,Other,Relaxation,playlist_4
17,Female,Sad,10,Fair,3,Nature Sounds,Hindi,Meditation,playlist_2
67,Male,Sad,3,Fair,8,Nature Sounds,English,Meditation,playlist_3
37,Male,Tired,8,Fair,4,Pop,Kannada,Studying,playlist_1
51,Male,Angry,6,Fair,9,Pop,Other,Meditation,playlist_3
67,Male,Anxiety,7,Good,1,Classical,English,Meditation,playlist_3
51,Female,Tired,2,Good,1,Classical,Kannada,Relaxation,playlist_5
24,Female,Sad,6,Poor,4,Nature Sounds,Telugu,Relaxation,playlist_2
24,Male,Angry,8,Fair,3,Classical,Kannada,Relaxation,playlist_4
33,Male,Tired,8,Fair,3,Nature Sounds,Malayalam,Meditation,playlist_5
31,Male,Angry,4,Good,10,Pop,Tamil,Relaxation,playlist_4
35,Prefer not to say,Sad,6,Poor,2,Instrumental,Hindi,Relaxation,playlist_2
28,Female,Tired,5,Good,10,Pop,Spanish,Exercise,playlist_5
23,Female,Sad,9,Fair,10,Lo-fi,Malayalam,Exercise,playlist_2
60,Male,Happy,8,Fair,2,Pop,Hindi,Sleeping,playlist_2
15,Male,Sad,2,Poor,8,Lo-fi,Tamil,Studying,playlist_1
65,Male,Angry,7,Good,1,Classical,Hindi,Studying,playlist_1
59,Prefer not to say,Anxiety,7,Fair,8,Pop,English,Relaxation,playlist_3
27,Female,Sad,1,Fair,10,Instrumental,Tamil,Sleeping,playlist_2
18,Female,Anxiety,1,Poor,3,Pop,Tamil,Sleeping,playlist_3
15,Female,Happy,4,Fair,2,Pop,Hindi,Exercise,playlist_5
63,Female,Tired,5,Fair,9,Pop,Spanish,Sleeping,playlist_5
54,Male,Tired,4,Good,5,Nature Sounds,Malayalam,Meditation,playlist_5
46,Male,Anxiety,7,Poor,5,Pop,Kannada,Relaxation,playlist_3
48,Female,Tired,3,Poor,6,Pop,Spanish,Meditation,playlist_5
42,Male,Sad,7,Poor,4,Instrumental,Spanish,Studying,playlist_1
45,Male,Anxiety,8,Good,7,Lo-fi,Telugu,Exercise,playlist_3
22,Female,Angry,6,Poor,7,Lo-fi,Spanish,Meditation,playlist_3
53,Other,Sad,6,Fair,9,Instrumental,Kannada,Relaxation,playlist_2
40,Other,Sad,8,Poor,6,Classical,English,Meditation,playlist_2
72,Male,Sad,8,Fair,1,Pop,Tamil,Meditation,playlist_2
48,Male,Angry,7,Poor,9,Classical,Tamil,Sleeping,playlist_2
68,Female,Happy,6,Poor,10,Instrumental,English,Exercise,playlist_1
68,Female,Tired,6,Good,9,Classical,Telugu,Studying,playlist_1
17,Prefer not to say,Anxiety,10,Poor,5,Lo-fi,Tamil,Relaxation,playlist_3
73,Female,Happy,6,Poor,7,Nature Sounds,Kannada,Relaxation,playlist_1
64,Female,Anxiety,8,Good,1,Classical,English,Studying,playlist_1
26,Male,Tired,1,Fair,4,Nature Sounds,Tamil,Relaxation,playlist_5
15,Male,Angry,5,Poor,10,Classical,Kannada,Sleeping,playlist_4
68,Male,Sad,3,Poor,4,Instrumental,English,Meditation,playlist_2
58,Female,Sad,8,Fair,5,Nature Sounds,English,Sleeping,playlist_2
19,Male,Angry,6,Good,6,Classical,English,Sleeping,playlist_4
44,Female,Happy,2,Poor,4,Instrumental,Other,Sleeping,playlist_1
44,Female,Happy,7,Good,6,Lo-fi,Telugu,Studying,playlist_1
73,Male,Anxiety,7,Fair,10,Pop,English,Exercise,playlist_3
71,Other,Angry,5,Fair,7,Instrumental,Spanish,Studying,playlist_1
31,Female,Happy,8,Good,3,Instrumental,Malayalam,Studying,playlist_1
62,Other,Angry,5,Fair,9,Lo-fi,Hindi,Sleeping,playlist_4
61,Other,Tired,1,Fair,8,Nature Sounds,Hindi,Exercise,playlist_5
37,Male,Sad,9,Poor,1,Classical,English,Studying,playlist_1
29,Male,Sad,4,Good,2,Nature Sounds,Tamil,Exercise,playlist_5
51,Male,Sad,2,Poor,2,Instrumental,Spanish,Sleeping,playlist_2
35,Female,Angry,4,Good,10,Classical,Spanish,Studying,playlist_1
28,Female,Angry,9,Poor,9,Pop,Hindi,Exercise,playlist_4
16,Other,Anxiety,2,Fair,9,Pop,Kannada,Relaxation,playlist_3
25,Male,Sad,4,Good,9,Classical,Kannada,Studying,playlist_1
65,Female,Anxiety,2,Good,1,Instrumental,Tamil,Studying,playlist_1
53,Prefer not to say,Sad,5,Good,7,Lo-fi,Kannada,Studying,playlist_1
52,Female,Anxiety,3,Good,3,Nature Sounds,Malayalam,Exercise,playlist_5
74,Male,Anxiety,10,Fair,9,Nature Sounds,Tamil,Meditation,playlist_3
48,Female,Tired,2,Fair,8,Lo-fi,Kannada,Studying,playlist_1
52,Male,Anxiety,9,Fair,3,Lo-fi,English,Relaxation,playlist_3
64,Male,Angry,5,Poor,1,Pop,Spanish,Relaxation,playlist_4
48,Male,Anxiety,10,Fair,9,Lo-fi,Kannada,Sleeping,playlist_2
32,Male,Sad,5,Poor,10,Classical,Spanish,Meditation,playlist_3
44,Female,Anxiety,1,Poor,1,Pop,English,Meditation,playlist_3
29,Male,Happy,6,Fair,3,Instrumental,Kannada,Exercise,playlist_1
41,Female,Sad,7,Fair,6,Pop,Kannada,Sleeping,playlist_2
65,Male,Happy,1,Fair,6,Pop,Kannada,Exercise,playlist_5
48,Male,Sad,9,Poor,10,Nature Sounds,English,Sleeping,playlist_2
66,Male,Angry,8,Good,4,Lo-fi,Other,Meditation,playlist_4
71,Male,Angry,8,Fair,2,Classical,Kannada,Exercise,playlist_4
52,Male,Angry,7,Poor,10,Lo-fi,Kannada,Sleeping,playlist_2
47,Female,Happy,5,Poor,6,Nature Sounds,Spanish,Meditation,playlist_1
38,Prefer not to say,Tired,3,Fair,10,Lo-fi,Malayalam,Meditation,playlist_3
29,Male,Sad,9,Poor,5,Classical,Telugu,Studying,playlist_1
74,Male,Angry,7,Fair,6,Lo-fi,Other,Exercise,playlist_4
44,Male,Sad,10,Poor,7,Nature Sounds,English,Studying,playlist_1
69,Female,Happy,10,Good,9,Classical,Malayalam,Meditation,playlist_3
56,Female,Tired,8,Poor,7,Lo-fi,Hindi,Exercise,playlist_5
65,Female,Happy,6,Fair,4,Nature Sounds,Spanish,Exercise,playlist_1
31,Male,Sad,5,Good,10,Nature Sounds,Tamil,Relaxation,playlist_2
19,Male,Tired,8,Fair,5,Pop,Spanish,Sleeping,playlist_2
43,Male,Tired,3,Poor,6,Classical,Telugu,Relaxation,playlist_5
18,Female,Happy,7,Good,9,Classical,Malayalam,Relaxation,playlist_1
24,Male,Angry,2,Good,5,Lo-fi,Malayalam,Meditation,playlist_4
70,Female,Sad,3,Poor,5,Pop,Kannada,Sleeping,playlist_2
31,Female,Anxiety,2,Good,7,Classical,Hindi,Relaxation,playlist_3
24,Female,Anxiety,5,Good,2,Nature Sounds,Hindi,Relaxation,playlist_3
31,Male,Happy,7,Good,3,Classical,Kannada,Exercise,playlist_1
74,Female,Sad,10,Fair,2,Pop,Malayalam,Meditation,playlist_2
34,Male,Sad,10,Fair,10,Instrumental,Spanish,Relaxation,playlist_2
38,Prefer not to say,Happy,1,Good,10,Nature Sounds,Malayalam,Sleeping,playlist_1
19,Male,Sad,10,Poor,2,Classical,Kannada,Studying,playlist_1
48,Male,Angry,9,Poor,3,Nature Sounds,Telugu,Studying,playlist_1
20,Male,Happy,1,Fair,6,Lo-fi,Other,Meditation,playlist_1
67,Female,Angry,1,Poor,5,Nature Sounds,English,Studying,playlist_1
16,Male,Sad,10,Good,5,Classical,Telugu,Exercise,playlist_2
27,Female,Happy,8,Poor,2,Lo-fi,English,Exercise,playlist_1
57,Male,Sad,6,Fair,2,Lo-fi,Hindi,Sleeping,playlist_2
57,Male,Happy,6,Fair,1,Lo-fi,Tamil,Meditation,playlist_1
62,Female,Sad,9,Good,3,Instrumental,Kannada,Meditation,playlist_2
25,Male,Angry,4,Fair,7,Instrumental,Telugu,Studying,playlist_1
65,Female,Angry,8,Fair,5,Lo-fi,Hindi,Relaxation,playlist_4
61,Female,Sad,4,Fair,7,Classical,Telugu,Relaxation,playlist_2
71,Female,Happy,2,Poor,9,Lo-fi,Malayalam,Relaxation,playlist_1
37,Male,Anxiety,8,Fair,6,Lo-fi,English,Sleeping,playlist_2
69,Female,Angry,7,Poor,2,Nature Sounds,Kannada,Meditation,playlist_4
30,Other,Angry,4,Fair,1,Nature Sounds,Malayalam,Studying,playlist_1
45,Female,Anxiety,9,Fair,1,Nature Sounds,English,Sleeping,playlist_2
25,Male,Sad,9,Poor,10,Pop,Malayalam,Exercise,playlist_2
68,Female,Happy,8,Poor,9,Nature Sounds,English,Exercise,playlist_1
30,Other,Sad,1,Good,6,Nature Sounds,Other,Exercise,playlist_5
22,Male,Tired,7,Good,6,Classical,English,Meditation,playlist_5
18,Female,Angry,5,Poor,4,Instrumental,Malayalam,Exercise,playlist_5
54,Female,Tired,7,Fair,2,Instrumental,Hindi,Relaxation,playlist_5
18,Male,Angry,9,Good,10,Instrumental,Kannada,Exercise,playlist_4
70,Male,Angry,2,Poor,3,Pop,Tamil,Sleeping,playlist_4
39,Male,Tired,4,Poor,3,Lo-fi,Other,Exercise,playlist_5
17,Male,Tired,4,Fair,8,Nature Sounds,Other,Relaxation,playlist_5
46,Female,Sad,2,Poor,6,Classical,Other,Exercise,playlist_5
17,Female,Tired,3,Good,7,Pop,Telugu,Studying,playlist_1
41,Female,Sad,8,Fair,9,Instrumental,Other,Relaxation,playlist_2
43,Female,Sad,9,Poor,1,Pop,Spanish,Meditation,playlist_2
46,Male,Sad,6,Poor,2,Classical,English,Exercise,playlist_2
64,Male,Angry,10,Fair,9,Pop,Other,Sleeping,playlist_2
72,Other,Angry,2,Fair,5,Instrumental,Kannada,Exercise,playlist_5
65,Female,Tired,2,Fair,4,Lo-fi,Telugu,Sleeping,playlist_5
33,Female,Angry,7,Good,1,Instrumental,Kannada,Studying,playlist_1
35,Prefer not to say,Tired,8,Good,9,Instrumental,Malayalam,Meditation,playlist_3
19,Male,Angry,8,Poor,9,Instrumental,Telugu,Relaxation,playlist_4
32,Female,Happy,6,Poor,4,Pop,Kannada,Relaxation,playlist_1
42,Female,Happy,10,Fair,9,Classical,Tamil,Meditation,playlist_3
56,Male,Tired,8,Poor,10,Instrumental,Spanish,Studying,playlist_1
36,Male,Angry,1,Poor,1,Pop,Kannada,Studying,playlist_1
35,Prefer not to say,Angry,9,Fair,5,Classical,Spanish,Exercise,playlist_4
20,Male,Sad,1,Good,1,Lo-fi,Kannada,Studying,playlist_1
15,Male,Anxiety,3,Good,4,Instrumental,Spanish,Exercise,playlist_5
19,Female,Tired,9,Good,5,Nature Sounds,English,Sleeping,playlist_2
55,Female,Anxiety,5,Poor,3,Pop,Spanish,Meditation,playlist_3
26,Female,Anxiety,9,Fair,2,Lo-fi,Spanish,Sleeping,playlist_2
40,Other,Tired,9,Good,6,Lo-fi,English,Sleeping,playlist_2
60,Other,Angry,6,Poor,3,Lo-fi,English,Sleeping,playlist_4
48,Other,Tired,1,Fair,10,Pop,Malayalam,Sleeping,playlist_5
63,Male,Anxiety,10,Good,1,Classical,Spanish,Relaxation,playlist_3
28,Female,Angry,7,Good,5,Nature Sounds,Kannada,Studying,playlist_1
40,Male,Happy,6,Fair,2,Classical,Other,Meditation,playlist_1
59,Male,Tired,9,Poor,2,Instrumental,Tamil,Meditation,playlist_5
41,Female,Tired,7,Poor,4,Nature Sounds,Telugu,Sleeping,playlist_2
23,Male,Angry,4,Good,4,Classical,Other,Meditation,playlist_4
40,Other,Happy,7,Fair,4,Instrumental,English,Exercise,playlist_1
71,Male,Happy,2,Poor,7,Nature Sounds,Hindi,Meditation,playlist_3
61,Female,Angry,6,Fair,1,Pop,Kannada,Sleeping,playlist_4
71,Male,Sad,6,Fair,8,Instrumental,Tamil,Meditation,playlist_3
36,Male,Tired,2,Good,10,Classical,Tamil,Studying,playlist_1
61,Female,Tired,4,Fair,9,Nature Sounds,English,Sleeping,playlist_5
70,Male,Anxiety,8,Fair,10,Instrumental,Malayalam,Relaxation,playlist_3
44,Female,Angry,8,Fair,6,Instrumental,English,Studying,playlist_1
57,Other,Anxiety,8,Poor,4,Pop,Malayalam,Meditation,playlist_3
62,Female,Anxiety,8,Good,6,Instrumental,Other,Relaxation,playlist_3
31,Male,Happy,1,Good,10,Nature Sounds,Hindi,Studying,playlist_1
40,Male,Tired,2,Fair,7,Lo-fi,Hindi,Exercise,playlist_5
50,Male,Anxiety,4,Fair,6,Nature Sounds,English,Studying,playlist_1
15,Female,Happy,9,Poor,1,Nature Sounds,Telugu,Relaxation,playlist_1
22,Female,Angry,3,Good,5,Pop,Other,Exercise,playlist_5
63,Male,Anxiety,6,Poor,8,Pop,Spanish,Meditation,playlist_3
49,Female,Tired,7,Good,8,Instrumental,English,Sleeping,playlist_2
66,Male,Anxiety,8,Poor,10,Pop,English,Meditation,playlist_3
29,Female,Angry,7,Fair,9,Instrumental,Other,Sleeping,playlist_2
61,Female,Anxiety,3,Poor,4,Lo-fi,Tamil,Sleeping,playlist_3
70,Male,Tired,6,Fair,10,Classical,English,Relaxation,playlist_5
36,Female,Happy,5,Good,6,Pop,English,Exercise,playlist_5
28,Female,Tired,10,Good,7,Pop,English,Exercise,playlist_5
40,Female,Happy,4,Fair,5,Lo-fi,Telugu,Studying,playlist_1
42,Female,Sad,1,Good,8,Pop,Tamil,Meditation,playlist_3
37,Other,Tired,7,Poor,3,Lo-fi,Kannada,Relaxation,playlist_5
28,Female,Tired,8,Fair,8,Instrumental,Other,Meditation,playlist_3
38,Male,Angry,2,Good,5,Pop,Kannada,Studying,playlist_1
16,Male,Anxiety,7,Poor,1,Pop,Kannada,Studying,playlist_1
59,Male,Happy,6,Poor,6,Instrumental,Kannada,Relaxation,playlist_1
40,Male,Happy,5,Good,2,Pop,Tamil,Studying,playlist_1
28,Prefer not to say,Angry,4,Good,7,Nature Sounds,English,Relaxation,playlist_4
73,Male,Angry,2,Poor,9,Lo-fi,Kannada,Studying,playlist_1
70,Female,Anxiety,10,Fair,3,Classical,Other,Exercise,playlist_3
65,Male,Anxiety,6,Good,10,Nature Sounds,English,Relaxation,playlist_3
21,Male,Tired,5,Good,4,Classical,Spanish,Exercise,playlist_5
17,Prefer not to say,Sad,2,Fair,4,Nature Sounds,Spanish,Exercise,playlist_5
61,Male,Anxiety,10,Fair,4,Nature Sounds,Kannada,Relaxation,playlist_3
37,Female,Angry,7,Good,3,Nature Sounds,Telugu,Meditation,playlist_4
60,Other,Anxiety,6,Fair,5,Lo-fi,Other,Sleeping,playlist_3
57,Other,Happy,9,Poor,9,Classical,English,Studying,playlist_1
61,Female,Sad,10,Poor,8,Instrumental,Tamil,Studying,playlist_1
74,Female,Tired,5,Poor,10,Instrumental,Malayalam,Meditation,playlist_3
59,Female,Happy,9,Good,2,Pop,Telugu,Sleeping,playlist_2
32,Male,Happy,9,Fair,9,Lo-fi,Other,Meditation,playlist_3
72,Female,Sad,1,Poor,10,Lo-fi,Malayalam,Sleeping,playlist_2
52,Prefer not to say,Tired,5,Fair,2,Lo-fi,Telugu,Relaxation,playlist_5
49,Female,Angry,9,Poor,7,Nature Sounds,Tamil,Relaxation,playlist_4
65,Male,Tired,7,Fair,5,Lo-fi,Telugu,Exercise,playlist_5
29,Female,Anxiety,6,Poor,7,Instrumental,Spanish,Exercise,playlist_3
39,Female,Happy,6,Poor,5,Lo-fi,English,Relaxation,playlist_1
69,Male,Anxiety,7,Poor,6,Nature Sounds,Hindi,Exercise,playlist_3
51,Female,Angry,1,Poor,8,Classical,Hindi,Relaxation,playlist_4
42,Female,Anxiety,4,Poor,1,Lo-fi,Kannada,Meditation,playlist_3
24,Female,Tired,1,Poor,1,Classical,Spanish,Studying,playlist_1
53,Male,Anxiety,6,Poor,5,Pop,Kannada,Relaxation,playlist_3
71,Male,Angry,4,Poor,1,Nature Sounds,English,Relaxation,playlist_4
31,Female,Angry,1,Poor,3,Lo-fi,Tamil,Relaxation,playlist_4
53,Female,Angry,9,Fair,10,Pop,English,Exercise,playlist_4
36,Male,Tired,4,Fair,9,Pop,Kannada,Exercise,playlist_5
40,Male,Angry,6,Good,7,Classical,Telugu,Exercise,playlist_4
58,Male,Happy,7,Poor,6,Instrumental,Malayalam,Exercise,playlist_1
39,Female,Angry,8,Fair,8,Instrumental,Spanish,Meditation,playlist_3
31,Prefer not to say,Anxiety,9,Fair,8,Instrumental,English,Relaxation,playlist_3
27,Female,Anxiety,9,Fair,6,Instrumental,English,Meditation,playlist_3
34,Female,Anxiety,8,Fair,4,Nature Sounds,Tamil,Exercise,playlist_3
39,Female,Tired,10,Fair,4,Lo-fi,Kannada,Meditation,playlist_5
18,Female,Anxiety,3,Fair,4,Lo-fi,Other,Relaxation,playlist_3
24,Male,Tired,2,Good,6,Nature Sounds,English,Relaxation,playlist_5
17,Female,Tired,5,Fair,1,Classical,Telugu,Exercise,playlist_5
55,Male,Angry,1,Good,2,Lo-fi,Malayalam,Relaxation,playlist_4
59,Female,Happy,3,Good,6,Pop,Telugu,Meditation,playlist_1
32,Male,Angry,1,Poor,1,Lo-fi,Hindi,Sleeping,playlist_4
61,Male,Angry,3,Poor,9,Nature Sounds,Kannada,Relaxation,playlist_4
50,Male,Tired,4,Poor,6,Classical,Telugu,Meditation,playlist_5
61,Female,Tired,7,Fair,7,Lo-fi,Tamil,Meditation,playlist_3
36,Male,Anxiety,5,Poor,1,Nature Sounds,Malayalam,Meditation,playlist_3
48,Male,Anxiety,5,Fair,8,Pop,Kannada,Relaxation,playlist_3
61,Other,Angry,1,Fair,5,Instrumental,Telugu,Sleeping,playlist_4
22,Female,Sad,8,Poor,5,Pop,English,Exercise,playlist_2
54,Male,Sad,4,Poor,6,Pop,Kannada,Exercise,playlist_5
63,Male,Anxiety,10,Good,7,Classical,Telugu,Relaxation,playlist_3
58,Male,Sad,5,Good,7,Lo-fi,Other,Relaxation,playlist_2
33,Female,Anxiety,2,Fair,5,Instrumental,Spanish,Studying,playlist_1
56,Female,Tired,1,Fair,1,Nature Sounds,English,Sleeping,playlist_5
55,Male,Angry,9,Poor,9,Instrumental,Hindi,Meditation,playlist_3
51,Female,Happy,2,Poor,6,Lo-fi,Malayalam,Meditation,playlist_1
20,Male,Angry,6,Good,9,Classical,Kannada,Exercise,playlist_4
66,Male,Anxiety,1,Poor,4,Lo-fi,Kannada,Relaxation,playlist_3
40,Prefer not to say,Anxiety,1,Fair,2,Nature Sounds,Telugu,Sleeping,playlist_3
48,Male,Angry,9,Poor,3,Instrumental,Hindi,Exercise,playlist_4
73,Female,Anxiety,4,Good,4,Pop,Tamil,Sleeping,playlist_3
70,Female,Sad,9,Fair,10,Lo-fi,Telugu,Relaxation,playlist_2
73,Male,Sad,5,Good,8,Classical,Telugu,Meditation,playlist_3
59,Female,Anxiety,7,Good,3,Classical,Tamil,Studying,playlist_1
20,Female,Anxiety,1,Fair,8,Instrumental,Other,Sleeping,playlist_3
51,Other,Sad,6,Good,6,Pop,Tamil,Meditation,playlist_2
71,Male,Anxiety,8,Poor,4,Nature Sounds,Tamil,Sleeping,playlist_2
47,Male,Anxiety,1,Poor,7,Pop,Malayalam,Sleeping,playlist_3
67,Male,Angry,9,Good,5,Instrumental,Tamil,Sleeping,playlist_2
36,Female,Happy,3,Poor,5,Pop,Spanish,Relaxation,playlist_1
35,Male,Sad,1,Good,9,Instrumental,Tamil,Exercise,playlist_5
20,Male,Angry,1,Poor,3,Pop,English,Sleeping,playlist_4
20,Prefer not to say,Happy,6,Good,10,Lo-fi,English,Relaxation,playlist_1
69,Male,Anxiety,6,Poor,4,Classical,Tamil,Studying,playlist_1
62,Male,Anxiety,1,Fair,5,Instrumental,Malayalam,Exercise,playlist_5
18,Female,Angry,3,Fair,1,Instrumental,Malayalam,Relaxation,playlist_4
44,Female,Anxiety,7,Poor,7,Classical,Hindi,Studying,playlist_1
25,Male,Tired,10,Good,8,Nature Sounds,Malayalam,Exercise,playlist_5
44,Male,Angry,3,Poor,6,Instrumental,Spanish,Relaxation,playlist_4
45,Male,Happy,3,Good,9,Lo-fi,Spanish,Studying,playlist_1
38,Male,Angry,3,Poor,3,Pop,Hindi,Relaxation,playlist_4
69,Female,Sad,7,Poor,2,Lo-fi,Tamil,Studying,playlist_1
23,Female,Angry,4,Fair,5,Instrumental,Malayalam,Sleeping,playlist_4
69,Female,Anxiety,4,Good,9,Nature Sounds,English,Sleeping,playlist_3
17,Female,Anxiety,3,Good,1,Instrumental,Hindi,Exercise,playlist_5
65,Female,Tired,10,Good,1,Nature Sounds,English,Studying,playlist_1
45,Female,Tired,9,Good,10,Classical,Spanish,Sleeping,playlist_2
54,Other,Tired,2,Good,3,Pop,Telugu,Exercise,playlist_5
51,Female,Happy,4,Fair,10,Lo-fi,Other,Meditation,playlist_3
50,Female,Tired,8,Poor,3,Nature Sounds,Spanish,Sleeping,playlist_2
38,Male,Happy,6,Good,5,Lo-fi,Spanish,Sleeping,playlist_1
45,Male,Tired,7,Good,4,Classical,English,Relaxation,playlist_5
20,Female,Happy,7,Poor,6,Instrumental,Tamil,Meditation,playlist_1
16,Male,Angry,2,Fair,8,Nature Sounds,Malayalam,Studying,playlist_1
34,Female,Angry,4,Fair,8,Pop,Spanish,Exercise,playlist_5
42,Female,Anxiety,10,Fair,4,Nature Sounds,Malayalam,Meditation,playlist_3
25,Female,Happy,10,Poor,1,Instrumental,Other,Studying,playlist_1
18,Female,Sad,6,Poor,7,Instrumental,Kannada,Sleeping,playlist_2
29,Male,Anxiety,3,Fair,6,Pop,Other,Exercise,playlist_5
20,Male,Angry,9,Fair,5,Pop,Other,Exercise,playlist_4
68,Other,Happy,4,Poor,4,Classical,Tamil,Meditation,playlist_1
63,Male,Tired,10,Fair,6,Lo-fi,Other,Relaxation,playlist_5
44,Female,Sad,2,Good,8,Nature Sounds,Telugu,Studying,playlist_1
70,Male,Angry,6,Poor,6,Classical,Malayalam,Meditation,playlist_4
52,Male,Anxiety,1,Fair,3,Lo-fi,English,Relaxation,playlist_3
65,Male,Happy,6,Good,9,Classical,Hindi,Relaxation,playlist_1
71,Female,Sad,10,Poor,3,Pop,Spanish,Relaxation,playlist_2
16,Male,Happy,1,Poor,4,Pop,Tamil,Exercise,playlist_5
29,Male,Tired,8,Good,5,Instrumental,Other,Studying,playlist_1
25,Male,Anxiety,5,Poor,2,Nature Sounds,Malayalam,Studying,playlist_1
22,Male,Happy,6,Fair,10,Nature Sounds,Hindi,Meditation,playlist_3
40,Male,Angry,2,Poor,10,Nature Sounds,English,Sleeping,playlist_4
65,Male,Anxiety,2,Fair,2,Classical,Other,Meditation,playlist_3
59,Female,Angry,9,Good,6,Classical,Malayalam,Studying,playlist_1
58,Male,Happy,3,Good,2,Nature Sounds,Other,Exercise,playlist_5
19,Male,Anxiety,6,Poor,10,Instrumental,Other,Meditation,playlist_3
20,Prefer not to say,Angry,10,Good,1,Lo-fi,Telugu,Sleeping,playlist_2
40,Male,Tired,5,Good,8,Classical,Spanish,Meditation,playlist_3
68,Other,Tired,4,Poor,10,Nature Sounds,Spanish,Relaxation,playlist_5
18,Male,Happy,10,Fair,10,Pop,Tamil,Sleeping,playlist_2
33,Male,Anxiety,2,Poor,1,Classical,Hindi,Relaxation,playlist_3
34,Male,Sad,8,Poor,10,Lo-fi,Malayalam,Exercise,playlist_2
47,Female,Anxiety,10,Fair,6,Classical,Spanish,Studying,playlist_1
34,Female,Tired,7,Fair,1,Lo-fi,Tamil,Meditation,playlist_5
63,Male,Angry,2,Fair,8,Lo-fi,Other,Meditation,playlist_3
26,Female,Sad,6,Poor,5,Classical,Malayalam,Relaxation,playlist_2
61,Female,Happy,8,Fair,3,Lo-fi,Tamil,Relaxation,playlist_1
15,Male,Sad,7,Good,5,Classical,Hindi,Studying,playlist_1
40,Female,Happy,1,Fair,1,Classical,Telugu,Meditation,playlist_1
28,Female,Sad,5,Good,1,Instrumental,Tamil,Studying,playlist_1
52,Male,Happy,2,Fair,4,Pop,Telugu,Relaxation,playlist_1
51,Male,Happy,6,Good,9,Lo-fi,Telugu,Relaxation,playlist_1
25,Female,Sad,7,Good,9,Classical,Spanish,Sleeping,playlist_2
50,Prefer not to say,Sad,7,Good,1,Lo-fi,Spanish,Relaxation,playlist_2
27,Male,Happy,3,Good,3,Classical,English,Relaxation,playlist_1
57,Other,Tired,7,Good,4,Classical,Malayalam,Studying,playlist_1
17,Male,Sad,5,Fair,2,Classical,Hindi,Sleeping,playlist_2
47,Other,Anxiety,8,Poor,7,Pop,Other,Sleeping,playlist_2
20,Female,Angry,8,Poor,3,Lo-fi,English,Meditation,playlist_4
64,Female,Happy,7,Poor,1,Pop,Kannada,Exercise,playlist_1
70,Female,Happy,6,Poor,1,Pop,Other,Meditation,playlist_1
24,Male,Angry,2,Poor,3,Pop,Spanish,Meditation,playlist_4
19,Male,Tired,6,Good,6,Pop,Malayalam,Meditation,playlist_5
37,Female,Angry,9,Fair,4,Instrumental,English,Sleeping,playlist_2
24,Male,Sad,2,Good,1,Lo-fi,Other,Studying,playlist_1
58,Female,Angry,1,Fair,7,Lo-fi,Tamil,Relaxation,playlist_4
16,Prefer not to say,Happy,5,Fair,2,Classical,Tamil,Sleeping,playlist_1
27,Male,Angry,6,Fair,5,Lo-fi,Tamil,Relaxation,playlist_4
54,Female,Anxiety,3,Fair,8,Pop,Kannada,Relaxation,playlist_3
16,Male,Sad,8,Poor,7,Nature Sounds,Telugu,Exercise,playlist_2
34,Female,Angry,7,Fair,8,Lo-fi,Spanish,Meditation,playlist_3
15,Male,Happy,2,Fair,10,Nature Sounds,Tamil,Exercise,playlist_5
51,Male,Sad,7,Poor,6,Instrumental,Other,Meditation,playlist_2
23,Female,Happy,1,Good,7,Classical,Malayalam,Sleeping,playlist_1
31,Female,Tired,9,Good,9,Classical,Malayalam,Relaxation,playlist_5
23,Female,Anxiety,7,Good,6,Classical,Spanish,Exercise,playlist_3
25,Female,Tired,6,Good,9,Instrumental,English,Sleeping,playlist_5
29,Female,Anxiety,2,Fair,2,Pop,Telugu,Sleeping,playlist_3
38,Female,Angry,3,Poor,2,Nature Sounds,English,Meditation,playlist_4
52,Male,Sad,1,Poor,2,Lo-fi,English,Relaxation,playlist_2
69,Male,Angry,10,Good,6,Pop,Tamil,Meditation,playlist_4
49,Male,Anxiety,5,Poor,2,Classical,English,Meditation,playlist_3
44,Male,Anxiety,9,Fair,3,Classical,Other,Sleeping,playlist_2
45,Male,Anxiety,6,Good,8,Pop,Other,Meditation,playlist_3
63,Male,Happy,5,Fair,8,Nature Sounds,Spanish,Studying,playlist_1
19,Female,Sad,3,Fair,4,Pop,Kannada,Relaxation,playlist_2
74,Male,Angry,5,Fair,9,Instrumental,Malayalam,Meditation,playlist_3
58,Female,Angry,8,Fair,8,Classical,Malayalam,Meditation,playlist_3
64,Female,Tired,2,Fair,1,Nature Sounds,Malayalam,Exercise,playlist_5
28,Other,Anxiety,5,Good,8,Lo-fi,Spanish,Relaxation,playlist_3
67,Male,Anxiety,6,Fair,1,Classical,Other,Relaxation,playlist_3
70,Female,Anxiety,10,Good,4,Pop,Other,Meditation,playlist_3
25,Female,Angry,8,Poor,10,Nature Sounds,Telugu,Studying,playlist_1
23,Prefer not to say,Tired,8,Fair,6,Classical,Tamil,Exercise,playlist_5
48,Male,Happy,5,Fair,7,Lo-fi,Tamil,Studying,playlist_1
26,Male,Sad,9,Poor,10,Lo-fi,Spanish,Meditation,playlist_3
49,Male,Happy,4,Good,4,Pop,English,Relaxation,playlist_1
49,Male,Angry,9,Fair,8,Instrumental,English,Relaxation,playlist_4
15,Female,Anxiety,7,Poor,8,Pop,Hindi,Studying,playlist_1
54,Female,Sad,6,Poor,9,Nature Sounds,Hindi,Sleeping,playlist_2
36,Male,Angry,4,Fair,6,Pop,Tamil,Meditation,playlist_4
74,Male,Angry,2,Good,4,Nature Sounds,Spanish,Relaxation,playlist_4
43,Male,Angry,8,Good,2,Instrumental,Tamil,Sleeping,playlist_2
22,Male,Sad,6,Fair,7,Pop,English,Relaxation,playlist_2
25,Other,Sad,3,Poor,10,Lo-fi,Spanish,Relaxation,playlist_2
55,Female,Tired,7,Fair,3,Nature Sounds,Other,Sleeping,playlist_2
51,Male,Tired,10,Good,3,Nature Sounds,Kannada,Studying,playlist_1
28,Male,Happy,7,Poor,3,Lo-fi,Kannada,Meditation,playlist_1
74,Other,Sad,6,Fair,4,Pop,Malayalam,Sleeping,playlist_2
44,Male,Sad,2,Poor,2,Instrumental,English,Sleeping,playlist_2
49,Female,Sad,8,Good,5,Classical,Spanish,Relaxation,playlist_2
35,Other,Tired,1,Good,3,Pop,Hindi,Sleeping,playlist_5
51,Female,Angry,1,Good,10,Pop,Other,Meditation,playlist_3
19,Male,Anxiety,6,Fair,5,Nature Sounds,Hindi,Studying,playlist_1
33,Male,Tired,5,Poor,7,Nature Sounds,Kannada,Studying,playlist_1
73,Other,Sad,9,Fair,9,Instrumental,Tamil,Studying,playlist_1
28,Male,Tired,7,Fair,2,Instrumental,English,Meditation,playlist_5
40,Male,Happy,2,Fair,9,Instrumental,Malayalam,Relaxation,playlist_1
18,Female,Sad,7,Fair,10,Lo-fi,Other,Meditation,playlist_3
39,Female,Happy,3,Poor,6,Classical,Malayalam,Sleeping,playlist_1
59,Female,Sad,1,Poor,6,Classical,Tamil,Exercise,playlist_5
56,Male,Tired,8,Fair,3,Instrumental,Hindi,Exercise,playlist_5
39,Female,Angry,3,Fair,10,Nature Sounds,Kannada,Exercise,playlist_5
32,Male,Anxiety,8,Good,9,Classical,Tamil,Studying,playlist_1
54,Male,Happy,7,Good,4,Pop,Hindi,Meditation,playlist_1
22,Female,Tired,2,Poor,5,Lo-fi,Hindi,Meditation,playlist_5
53,Male,Angry,1,Good,3,Nature Sounds,Spanish,Studying,playlist_1
54,Male,Tired,7,Poor,5,Lo-fi,Malayalam,Sleeping,playlist_2
28,Male,Happy,1,Poor,8,Pop,Hindi,Exercise,playlist_5
46,Female,Anxiety,6,Poor,8,Classical,Tamil,Exercise,playlist_3
65,Female,Tired,10,Good,8,Lo-fi,Telugu,Studying,playlist_1
52,Female,Sad,10,Good,6,Lo-fi,Kannada,Exercise,playlist_2
47,Female,Angry,8,Poor,1,Lo-fi,Hindi,Relaxation,playlist_4
37,Female,Tired,7,Poor,10,Pop,Tamil,Meditation,playlist_3
29,Female,Angry,4,Fair,6,Nature Sounds,Other,Exercise,playlist_5
47,Male,Sad,1,Poor,10,Nature Sounds,Malayalam,Exercise,playlist_5
39,Male,Anxiety,1,Poor,7,Pop,English,Relaxation,playlist_3
31,Female,Anxiety,4,Fair,9,Lo-fi,Malayalam,Sleeping,playlist_3
47,Male,Sad,5,Poor,8,Lo-fi,Spanish,Sleeping,playlist_2
61,Male,Angry,7,Poor,8,Instrumental,Kannada,Relaxation,playlist_4
69,Male,Tired,4,Poor,7,Classical,English,Sleeping,playlist_5
16,Female,Sad,10,Fair,2,Classical,English,Studying,playlist_1
28,Female,Happy,1,Good,1,Nature Sounds,Malayalam,Relaxation,playlist_1
67,Female,Angry,10,Poor,2,Pop,Tamil,Meditation,playlist_4
54,Female,Anxiety,7,Fair,6,Lo-fi,Malayalam,Meditation,playlist_3
54,Other,Sad,2,Poor,2,Classical,Other,Meditation,playlist_2
65,Male,Anxiety,2,Fair,10,Pop,Telugu,Exercise,playlist_5
53,Female,Angry,8,Poor,4,Pop,Tamil,Relaxation,playlist_4
65,Male,Anxiety,10,Fair,10,Lo-fi,Tamil,Relaxation,playlist_3
20,Male,Sad,10,Good,3,Pop,Kannada,Sleeping,playlist_2
20,Female,Angry,10,Good,6,Classical,Other,Relaxation,playlist_4
17,Male,Happy,5,Good,8,Instrumental,Spanish,Relaxation,playlist_1
21,Male,Sad,10,Poor,6,Classical,Spanish,Sleeping,playlist_2
65,Female,Tired,2,Fair,2,Instrumental,Tamil,Relaxation,playlist_5
22,Male,Sad,5,Poor,5,Pop,Other,Relaxation,playlist_2
56,Female,Angry,8,Poor,6,Classical,Other,Studying,playlist_1
66,Male,Sad,6,Fair,9,Lo-fi,Other,Sleeping,playlist_2
29,Male,Happy,3,Poor,6,Pop,Kannada,Studying,playlist_1
61,Female,Happy,8,Fair,10,Lo-fi,Hindi,Exercise,playlist_1
43,Female,Tired,9,Fair,5,Instrumental,Kannada,Sleeping,playlist_2
47,Male,Anxiety,5,Good,1,Nature Sounds,Spanish,Relaxation,playlist_3
66,Female,Angry,2,Good,10,Nature Sounds,Tamil,Relaxation,playlist_4
44,Female,Angry,2,Good,5,Instrumental,Hindi,Studying,playlist_1
53,Female,Anxiety,7,Fair,5,Nature Sounds,Hindi,Studying,playlist_1
41,Male,Happy,1,Good,6,Pop,Telugu,Exercise,playlist_5
50,Male,Happy,10,Fair,7,Pop,Malayalam,Exercise,playlist_1
43,Male,Sad,2,Poor,4,Classical,Tamil,Relaxation,playlist_2
52,Male,Tired,10,Good,7,Pop,English,Meditation,playlist_3
71,Male,Tired,4,Fair,5,Nature Sounds,Malayalam,Exercise,playlist_5
47,Male,Tired,1,Fair,6,Lo-fi,Tamil,Relaxation,playlist_5
51,Female,Sad,4,Fair,4,Classical,English,Exercise,playlist_5
41,Female,Tired,10,Fair,8,Lo-fi,Malayalam,Sleeping,playlist_2
69,Male,Anxiety,5,Good,9,Nature Sounds,Spanish,Studying,playlist_1
47,Female,Sad,9,Good,2,Lo-fi,Telugu,Relaxation,playlist_2
18,Female,Anxiety,1,Good,4,Nature Sounds,Tamil,Exercise,playlist_5
36,Male,Sad,5,Fair,8,Pop,Malayalam,Studying,playlist_1
16,Female,Tired,2,Poor,8,Classical,Telugu,Meditation,playlist_3
24,Male,Anxiety,9,Fair,9,Instrumental,English,Exercise,playlist_3
19,Female,Anxiety,6,Poor,3,Nature Sounds,Kannada,Relaxation,playlist_3
73,Male,Anxiety,2,Good,1,Pop,Spanish,Sleeping,playlist_3
24,Male,Sad,3,Fair,9,Lo-fi,Tamil,Studying,playlist_1
47,Male,Angry,8,Fair,1,Pop,Hindi,Studying,playlist_1
68,Female,Tired,1,Good,3,Lo-fi,Hindi,Sleeping,playlist_5
52,Female,Anxiety,3,Fair,3,Lo-fi,Telugu,Relaxation,playlist_3
27,Male,Angry,10,Poor,9,Lo-fi,Spanish,Meditation,playlist_3
45,Male,Tired,1,Poor,1,Lo-fi,Kannada,Sleeping,playlist_5
61,Female,Tired,8,Poor,7,Classical,Hindi,Meditation,playlist_3
50,Female,Anxiety,1,Fair,2,Lo-fi,Other,Relaxation,playlist_3
59,Female,Anxiety,5,Fair,7,Classical,Hindi,Exercise,playlist_5
38,Prefer not to say,Sad,4,Poor,1,Instrumental,Other,Exercise,playlist_5
66,Male,Angry,7,Fair,10,Classical,Tamil,Relaxation,playlist_4
70,Male,Angry,5,Poor,10,Lo-fi,Hindi,Meditation,playlist_3
29,Female,Anxiety,8,Good,8,Instrumental,Spanish,Sleeping,playlist_2
43,Male,Tired,1,Poor,10,Pop,Spanish,Relaxation,playlist_5
22,Male,Anxiety,5,Good,10,Classical,Other,Relaxation,playlist_3
19,Male,Tired,4,Good,2,Pop,English,Exercise,playlist_5
43,Male,Tired,3,Good,3,Instrumental,Telugu,Sleeping,playlist_5
61,Male,Anxiety,5,Poor,8,Classical,Spanish,Exercise,playlist_5
18,Prefer not to say,Happy,10,Poor,3,Lo-fi,Malayalam,Meditation,playlist_1
26,Male,Angry,3,Fair,1,Classical,Hindi,Meditation,playlist_4
59,Male,Tired,8,Fair,9,Lo-fi,Tamil,Studying,playlist_1
16,Male,Tired,3,Good,8,Nature Sounds,Other,Relaxation,playlist_5
41,Female,Happy,1,Poor,4,Classical,Malayalam,Sleeping,playlist_1
45,Female,Sad,9,Fair,8,Classical,English,Sleeping,playlist_2
65,Male,Happy,9,Fair,5,Pop,Other,Exercise,playlist_1
65,Male,Happy,6,Fair,3,Pop,Malayalam,Exercise,playlist_1
50,Female,Tired,10,Poor,1,Instrumental,Other,Sleeping,playlist_2
50,Male,Angry,1,Fair,10,Lo-fi,Hindi,Exercise,playlist_5
40,Prefer not to say,Happy,8,Good,5,Pop,Telugu,Studying,playlist_1
57,Female,Sad,2,Poor,6,Instrumental,Telugu,Relaxation,playlist_2
41,Male,Anxiety,9,Fair,4,Lo-fi,Spanish,Studying,playlist_1
19,Female,Happy,8,Fair,7,Lo-fi,Telugu,Meditation,playlist_3
34,Male,Happy,3,Poor,3,Lo-fi,Hindi,Sleeping,playlist_1
25,Male,Sad,5,Fair,7,Nature Sounds,English,Studying,playlist_1
24,Male,Angry,9,Fair,1,Lo-fi,Spanish,Studying,playlist_1
54,Female,Happy,1,Good,7,Instrumental,Kannada,Exercise,playlist_5
52,Male,Happy,9,Poor,1,Lo-fi,Malayalam,Exercise,playlist_1
20,Male,Angry,4,Fair,1,Lo-fi,Spanish,Exercise,playlist_5
22,Male,Sad,4,Poor,2,Instrumental,Telugu,Meditation,playlist_2
37,Female,Happy,4,Poor,2,Classical,English,Studying,playlist_1
61,Male,Angry,10,Good,4,Lo-fi,Other,Relaxation,playlist_4
40,Male,Happy,9,Good,1,Instrumental,Other,Exercise,playlist_1
60,Female,Anxiety,6,Poor,4,Pop,Tamil,Meditation,playlist_3
57,Female,Tired,8,Good,2,Instrumental,Tamil,Meditation,playlist_5
26,Female,Anxiety,4,Good,4,Nature Sounds,Other,Exercise,playlist_5
40,Male,Happy,3,Fair,4,Pop,English,Sleeping,playlist_1
27,Female,Sad,1,Good,9,Classical,Tamil,Studying,playlist_1
54,Female,Tired,10,Good,9,Classical,Tamil,Exercise,playlist_5
32,Male,Anxiety,7,Fair,1,Instrumental,Telugu,Relaxation,playlist_3
39,Female,Angry,4,Fair,5,Instrumental,Hindi,Studying,playlist_1
47,Female,Sad,8,Poor,7,Lo-fi,Hindi,Meditation,playlist_3
61,Female,Anxiety,3,Good,4,Lo-fi,Hindi,Relaxation,playlist_3
54,Other,Angry,1,Fair,5,Nature Sounds,Hindi,Studying,playlist_1
74,Female,Happy,5,Good,2,Lo-fi,English,Relaxation,playlist_1
57,Male,Angry,2,Poor,3,Instrumental,Spanish,Meditation,playlist_4
26,Female,Anxiety,3,Good,7,Instrumental,Telugu,Exercise,playlist_5
58,Male,Anxiety,6,Good,10,Lo-fi,English,Relaxation,playlist_3
50,Female,Happy,3,Good,7,Nature Sounds,Other,Exercise,playlist_5
62,Male,Angry,3,Fair,4,Instrumental,Malayalam,Meditation,playlist_4
18,Male,Angry,6,Fair,1,Nature Sounds,Malayalam,Meditation,playlist_4
19,Female,Happy,5,Poor,1,Instrumental,Tamil,Relaxation,playlist_1
70,Male,Angry,10,Good,4,Nature Sounds,Other,Relaxation,playlist_4
51,Female,Happy,9,Poor,4,Nature Sounds,Telugu,Meditation,playlist_1
22,Female,Sad,1,Poor,6,Nature Sounds,Kannada,Relaxation,playlist_2
56,Male,Anxiety,3,Fair,7,Lo-fi,Other,Relaxation,playlist_3
63,Female,Sad,3,Good,9,Classical,Hindi,Relaxation,playlist_2
42,Female,Tired,6,Good,9,Nature Sounds,Malayalam,Relaxation,playlist_5
45,Female,Tired,8,Poor,10,Nature Sounds,Malayalam,Studying,playlist_1
72,Female,Tired,3,Good,5,Instrumental,Other,Meditation,playlist_5
23,Male,Happy,3,Fair,10,Classical,Tamil,Meditation,playlist_3
68,Male,Angry,6,Poor,3,Instrumental,Hindi,Sleeping,playlist_4
65,Male,Sad,8,Poor,3,Instrumental,Hindi,Exercise,playlist_2
43,Male,Sad,6,Fair,6,Nature Sounds,Hindi,Sleeping,playlist_2
28,Female,Sad,10,Fair,1,Pop,Spanish,Relaxation,playlist_2
54,Male,Sad,3,Fair,7,Classical,Malayalam,Relaxation,playlist_2
55,Prefer not to say,Tired,4,Fair,3,Instrumental,Other,Studying,playlist_1
36,Female,Sad,1,Fair,5,Pop,Kannada,Studying,playlist_1
25,Male,Angry,8,Fair,7,Pop,Tamil,Studying,playlist_1
37,Male,Tired,4,Poor,7,Instrumental,Other,Studying,playlist_1
15,Female,Sad,6,Good,9,Nature Sounds,Hindi,Studying,playlist_1
60,Female,Happy,3,Good,1,Lo-fi,Hindi,Studying,playlist_1
51,Prefer not to say,Anxiety,6,Poor,3,Instrumental,Telugu,Studying,playlist_1
35,Male,Anxiety,9,Good,9,Nature Sounds,Hindi,Studying,playlist_1
40,Male,Anxiety,9,Good,8,Classical,Telugu,Studying,playlist_1
60,Other,Tired,10,Poor,2,Nature Sounds,Tamil,Meditation,playlist_5
50,Male,Sad,3,Good,8,Pop,Tamil,Studying,playlist_1
68,Female,Tired,3,Good,8,Classical,Tamil,Exercise,playlist_5
37,Male,Angry,4,Poor,2,Classical,Telugu,Studying,playlist_1
71,Female,Happy,7,Good,8,Lo-fi,Malayalam,Relaxation,playlist_1
15,Male,Happy,3,Fair,3,Lo-fi,Malayalam,Relaxation,playlist_1
68,Female,Anxiety,10,Poor,7,Instrumental,Spanish,Studying,playlist_1
69,Female,Anxiety,8,Good,9,Nature Sounds,Kannada,Studying,playlist_1
65,Prefer not to say,Anxiety,8,Good,4,Instrumental,Spanish,Relaxation,playlist_3
54,Male,Sad,6,Fair,6,Lo-fi,Kannada,Exercise,playlist_2
29,Male,Angry,4,Poor,9,Pop,Spanish,Sleeping,playlist_4
35,Male,Angry,5,Poor,5,Lo-fi,Other,Meditation,playlist_4
61,Female,Angry,2,Good,1,Nature Sounds,Malayalam,Relaxation,playlist_4
23,Female,Angry,6,Fair,3,Pop,Spanish,Studying,playlist_1
67,Female,Anxiety,3,Fair,9,Instrumental,Malayalam,Meditation,playlist_3
23,Male,Happy,6,Fair,3,Instrumental,Hindi,Studying,playlist_1
24,Female,Anxiety,5,Fair,10,Lo-fi,Tamil,Sleeping,playlist_3
66,Male,Angry,2,Fair,2,Lo-fi,Malayalam,Sleeping,playlist_4
71,Male,Anxiety,5,Fair,4,Instrumental,Other,Relaxation,playlist_3
67,Female,Angry,5,Poor,5,Instrumental,English,Meditation,playlist_4
40,Male,Tired,9,Good,7,Classical,Malayalam,Meditation,playlist_3
55,Female,Happy,8,Good,7,Nature Sounds,Hindi,Sleeping,playlist_2
49,Female,Tired,7,Fair,9,Classical,Malayalam,Studying,playlist_1
66,Other,Sad,3,Poor,8,Classical,Kannada,Relaxation,playlist_2
39,Female,Anxiety,10,Poor,2,Instrumental,Kannada,Exercise,playlist_3
40,Male,Sad,4,Fair,8,Nature Sounds,Spanish,Sleeping,playlist_2
25,Female,Anxiety,6,Good,8,Instrumental,Tamil,Sleeping,playlist_3
52,Male,Tired,3,Fair,5,Classical,Telugu,Relaxation,playlist_5
16,Male,Angry,9,Poor,3,Classical,Other,Studying,playlist_1
21,Female,Angry,8,Fair,9,Instrumental,Other,Meditation,playlist_3
32,Female,Anxiety,6,Good,7,Lo-fi,Hindi,Sleeping,playlist_3
41,Male,Angry,4,Good,1,Lo-fi,Telugu,Relaxation,playlist_4
48,Male,Tired,7,Poor,8,Instrumental,Kannada,Relaxation,playlist_5
41,Female,Angry,3,Fair,10,Pop,Spanish,Relaxation,playlist_4
31,Male,Tired,10,Fair,5,Pop,Tamil,Meditation,playlist_5
57,Female,Sad,8,Poor,6,Lo-fi,Kannada,Sleeping,playlist_2
73,Male,Tired,1,Fair,9,Nature Sounds,Tamil,Relaxation,playlist_5
58,Male,Happy,3,Poor,10,Classical,Malayalam,Meditation,playlist_3
73,Female,Happy,5,Fair,8,Nature Sounds,Other,Studying,playlist_1
65,Female,Happy,5,Good,3,Lo-fi,English,Exercise,playlist_5
68,Female,Anxiety,10,Poor,5,Instrumental,Telugu,Sleeping,playlist_2
38,Female,Anxiety,2,Fair,4,Pop,Hindi,Meditation,playlist_3
39,Male,Anxiety,10,Fair,1,Lo-fi,Tamil,Exercise,playlist_3
21,Female,Tired,8,Fair,5,Nature Sounds,Malayalam,Exercise,playlist_5
66,Male,Anxiety,5,Poor,10,Nature Sounds,Malayalam,Meditation,playlist_3
20,Female,Sad,7,Good,7,Lo-fi,Spanish,Meditation,playlist_3
67,Female,Happy,7,Fair,1,Classical,Spanish,Meditation,playlist_1
38,Male,Tired,5,Poor,4,Nature Sounds,English,Relaxation,playlist_5
47,Male,Happy,8,Fair,6,Classical,Malayalam,Studying,playlist_1
63,Female,Anxiety,9,Good,9,Classical,Malayalam,Relaxation,playlist_3
43,Male,Tired,4,Good,8,Instrumental,English,Exercise,playlist_5
57,Other,Angry,4,Good,2,Lo-fi,Other,Exercise,playlist_5
36,Male,Sad,8,Poor,3,Lo-fi,Telugu,Exercise,playlist_2
40,Male,Anxiety,1,Fair,10,Classical,Malayalam,Meditation,playlist_3
42,Male,Anxiety,4,Poor,5,Instrumental,Tamil,Sleeping,playlist_3
64,Male,Sad,6,Fair,7,Nature Sounds,Hindi,Relaxation,playlist_2
35,Female,Sad,4,Poor,3,Nature Sounds,Hindi,Sleeping,playlist_2
63,Female,Angry,6,Fair,7,Lo-fi,Hindi,Studying,playlist_1
21,Female,Anxiety,5,Poor,5,Classical,Kannada,Studying,playlist_1
31,Male,Anxiety,9,Fair,10,Instrumental,Other,Relaxation,playlist_3
34,Other,Happy,10,Poor,6,Instrumental,Spanish,Exercise,playlist_1
55,Male,Tired,9,Good,6,Nature Sounds,Kannada,Studying,playlist_1
63,Other,Tired,4,Poor,4,Nature Sounds,Tamil,Sleeping,playlist_5
34,Male,Happy,4,Good,8,Pop,Spanish,Sleeping,playlist_1
68,Female,Tired,8,Good,9,Pop,Malayalam,Meditation,playlist_3
36,Female,Sad,10,Fair,2,Classical,Malayalam,Exercise,playlist_2
42,Male,Tired,4,Good,9,Pop,Spanish,Meditation,playlist_3
54,Male,Tired,2,Good,4,Instrumental,Hindi,Relaxation,playlist_5
63,Female,Happy,2,Fair,6,Pop,English,Studying,playlist_1
21,Male,Angry,1,Poor,7,Lo-fi,Malayalam,Meditation,playlist_3
15,Female,Tired,5,Poor,4,Lo-fi,Other,Meditation,playlist_5
46,Female,Tired,6,Good,8,Nature Sounds,Hindi,Relaxation,playlist_5
27,Female,Angry,9,Poor,10,Nature Sounds,Tamil,Sleeping,playlist_2
44,Prefer not to say,Happy,5,Good,8,Classical,Hindi,Sleeping,playlist_1
37,Male,Angry,6,Poor,1,Lo-fi,Telugu,Relaxation,playlist_4
65,Male,Happy,6,Poor,8,Classical,Hindi,Sleeping,playlist_1
73,Male,Sad,3,Poor,10,Classical,Other,Relaxation,playlist_2
70,Female,Happy,4,Good,3,Pop,Malayalam,Sleeping,playlist_1
33,Other,Sad,1,Fair,5,Nature Sounds,Spanish,Relaxation,playlist_2
46,Prefer not to say,Sad,4,Poor,10,Classical,Malayalam,Sleeping,playlist_2
44,Other,Happy,1,Poor,8,Classical,English,Meditation,playlist_3
43,Female,Anxiety,5,Poor,6,Nature Sounds,Tamil,Meditation,playlist_3
63,Prefer not to say,Happy,8,Good,4,Nature Sounds,Spanish,Sleeping,playlist_2
59,Male,Tired,8,Fair,4,Lo-fi,Spanish,Relaxation,playlist_5
43,Other,Tired,5,Good,4,Nature Sounds,Spanish,Meditation,playlist_5
44,Female,Anxiety,10,Poor,6,Pop,Tamil,Studying,playlist_1
30,Male,Sad,2,Good,7,Lo-fi,English,Sleeping,playlist_2
54,Male,Anxiety,6,Poor,5,Classical,Tamil,Studying,playlist_1
33,Male,Tired,1,Poor,10,Pop,Hindi,Studying,playlist_1
32,Female,Anxiety,7,Good,8,Pop,Tamil,Exercise,playlist_3
15,Female,Happy,4,Poor,7,Lo-fi,Hindi,Studying,playlist_1
28,Male,Anxiety,5,Poor,8,Classical,Tamil,Studying,playlist_1
65,Female,Sad,6,Fair,4,Lo-fi,Malayalam,Exercise,playlist_2
61,Male,Happy,1,Good,8,Instrumental,Other,Exercise,playlist_5
64,Female,Angry,9,Good,6,Instrumental,Hindi,Exercise,playlist_4
16,Female,Tired,10,Poor,3,Lo-fi,Hindi,Relaxation,playlist_5
68,Prefer not to say,Tired,4,Poor,8,Classical,Other,Exercise,playlist_5
42,Male,Anxiety,8,Good,7,Classical,Other,Relaxation,playlist_3
63,Other,Happy,5,Good,10,Nature Sounds,Malayalam,Sleeping,playlist_1
64,Male,Angry,8,Good,5,Pop,English,Relaxation,playlist_4
44,Male,Happy,1,Poor,4,Lo-fi,English,Sleeping,playlist_1
52,Female,Tired,8,Fair,1,Pop,Malayalam,Exercise,playlist_5
65,Female,Happy,4,Fair,10,Pop,Kannada,Exercise,playlist_5
18,Prefer not to say,Angry,2,Poor,3,Instrumental,English,Sleeping,playlist_4
15,Female,Anxiety,6,Poor,2,Instrumental,Hindi,Meditation,playlist_3
22,Other,Sad,2,Poor,8,Lo-fi,Spanish,Relaxation,playlist_2
43,Male,Happy,5,Good,8,Lo-fi,Hindi,Studying,playlist_1
69,Male,Sad,2,Poor,5,Classical,Tamil,Exercise,playlist_5
53,Female,Tired,3,Good,5,Lo-fi,Tamil,Relaxation,playlist_5
17,Male,Anxiety,6,Fair,4,Classical,Kannada,Relaxation,playlist_3
46,Prefer not to say,Anxiety,1,Poor,1,Classical,Other,Exercise,playlist_5
24,Female,Happy,6,Poor,1,Lo-fi,Hindi,Sleeping,playlist_1
24,Female,Anxiety,3,Good,6,Classical,Other,Exercise,playlist_5
33,Female,Happy,7,Good,4,Pop,Kannada,Relaxation,playlist_1
60,Female,Happy,2,Good,4,Classical,Hindi,Meditation,playlist_1
48,Male,Sad,6,Fair,3,Pop,English,Sleeping,playlist_2
74,Female,Anxiety,8,Fair,9,Pop,Tamil,Exercise,playlist_3
47,Female,Happy,1,Poor,3,Pop,Malayalam,Studying,playlist_1
37,Prefer not to say,Sad,9,Poor,8,Nature Sounds,Malayalam,Exercise,playlist_2
69,Male,Angry,5,Good,2,Nature Sounds,Spanish,Relaxation,playlist_4
42,Female,Sad,5,Fair,4,Classical,Kannada,Relaxation,playlist_2
46,Male,Sad,5,Poor,1,Lo-fi,Telugu,Studying,playlist_1
64,Male,Happy,6,Good,5,Classical,Malayalam,Sleeping,playlist_1
21,Female,Tired,2,Good,2,Nature Sounds,Spanish,Relaxation,playlist_5
43,Male,Tired,6,Fair,1,Instrumental,Hindi,Sleeping,playlist_5
22,Female,Tired,4,Fair,1,Instrumental,English,Sleeping,playlist_5
15,Female,Sad,8,Poor,2,Classical,Telugu,Exercise,playlist_2
71,Male,Happy,9,Poor,5,Nature Sounds,English,Sleeping,playlist_2
69,Female,Anxiety,9,Good,9,Pop,English,Relaxation,playlist_3
17,Male,Sad,8,Good,6,Nature Sounds,Hindi,Relaxation,playlist_2
38,Female,Sad,3,Good,4,Classical,English,Meditation,playlist_2
37,Male,Happy,10,Poor,3,Nature Sounds,Other,Sleeping,playlist_2
73,Male,Angry,4,Fair,8,Instrumental,Kannada,Meditation,playlist_3
22,Female,Sad,1,Poor,3,Pop,Telugu,Exercise,playlist_5
68,Prefer not to say,Angry,9,Fair,1,Classical,English,Meditation,playlist_4
71,Female,Angry,5,Poor,4,Classical,Other,Sleeping,playlist_4
61,Male,Tired,6,Poor,5,Lo-fi,Other,Relaxation,playlist_5
51,Male,Happy,3,Fair,5,Pop,Malayalam,Exercise,playlist_5
17,Female,Angry,10,Poor,5,Classical,Malayalam,Sleeping,playlist_2
65,Female,Happy,8,Poor,8,Nature Sounds,English,Exercise,playlist_1
47,Male,Tired,7,Good,8,Nature Sounds,Tamil,Studying,playlist_1
42,Male,Happy,1,Fair,4,Nature Sounds,Tamil,Sleeping,playlist_1
61,Male,Sad,10,Fair,9,Nature Sounds,Kannada,Studying,playlist_1
22,Male,Angry,5,Good,1,Classical,Malayalam,Meditation,playlist_4
48,Female,Happy,10,Fair,5,Instrumental,Tamil,Sleeping,playlist_2
49,Male,Anxiety,9,Good,5,Pop,English,Studying,playlist_1
46,Male,Happy,6,Fair,5,Nature Sounds,Malayalam,Relaxation,playlist_1
38,Male,Angry,8,Fair,8,Classical,English,Meditation,playlist_3
28,Male,Tired,10,Fair,9,Classical,Telugu,Sleeping,playlist_2
46,Male,Tired,1,Fair,3,Nature Sounds,Malayalam,Sleeping,playlist_5
70,Female,Angry,10,Good,9,Lo-fi,Tamil,Relaxation,playlist_4
60,Other,Sad,7,Good,8,Classical,Hindi,Relaxation,playlist_2
57,Male,Sad,3,Fair,3,Pop,Tamil,Studying,playlist_1
30,Female,Tired,9,Poor,2,Pop,English,Studying,playlist_1
18,Female,Tired,6,Good,4,Lo-fi,Telugu,Studying,playlist_1
66,Male,Angry,5,Fair,2,Classical,Tamil,Exercise,playlist_5
51,Male,Sad,8,Good,4,Lo-fi,Telugu,Meditation,playlist_2
68,Male,Tired,8,Poor,5,Classical,Tamil,Sleeping,playlist_2
35,Female,Sad,3,Poor,2,Classical,Kannada,Meditation,playlist_2
28,Female,Tired,2,Poor,8,Lo-fi,English,Relaxation,playlist_5
45,Male,Happy,2,Fair,1,Instrumental,English,Meditation,playlist_1
69,Female,Anxiety,5,Fair,3,Nature Sounds,Other,Meditation,playlist_3
62,Female,Happy,10,Poor,7,Nature Sounds,Hindi,Studying,playlist_1
32,Male,Tired,7,Good,10,Nature Sounds,English,Relaxation,playlist_5
21,Female,Anxiety,8,Good,1,Lo-fi,Other,Meditation,playlist_3
24,Male,Anxiety,10,Poor,2,Classical,Hindi,Sleeping,playlist_2
21,Female,Tired,8,Fair,3,Classical,Other,Studying,playlist_1
47,Male,Tired,8,Good,2,Pop,Other,Meditation,playlist_5
37,Female,Sad,10,Good,2,Classical,English,Relaxation,playlist_2
35,Male,Tired,3,Good,6,Instrumental,Spanish,Sleeping,playlist_5
33,Female,Angry,2,Fair,7,Nature Sounds,Tamil,Relaxation,playlist_4
62,Male,Tired,4,Poor,6,Instrumental,Other,Relaxation,playlist_5
33,Female,Angry,1,Fair,6,Nature Sounds,Other,Relaxation,playlist_4
50,Male,Tired,3,Good,9,Lo-fi,Tamil,Exercise,playlist_5
43,Male,Sad,9,Poor,8,Instrumental,Kannada,Sleeping,playlist_2
74,Male,Angry,7,Fair,8,Classical,Tamil,Relaxation,playlist_4
32,Male,Happy,7,Poor,6,Nature Sounds,Spanish,Exercise,playlist_1
16,Female,Angry,1,Good,5,Pop,Telugu,Studying,playlist_1
15,Prefer not to say,Sad,7,Fair,9,Instrumental,Spanish,Exercise,playlist_2
61,Female,Angry,10,Poor,2,Lo-fi,Other,Studying,playlist_1
19,Female,Tired,7,Fair,7,Pop,Tamil,Exercise,playlist_5
34,Male,Tired,4,Good,6,Lo-fi,Hindi,Relaxation,playlist_5
25,Male,Sad,7,Poor,7,Nature Sounds,Malayalam,Exercise,playlist_2
56,Female,Anxiety,8,Good,4,Instrumental,Kannada,Exercise,playlist_3
16,Prefer not to say,Tired,3,Poor,9,Lo-fi,Malayalam,Relaxation,playlist_5
17,Female,Happy,10,Good,7,Pop,Malayalam,Studying,playlist_1
37,Male,Sad,2,Good,2,Pop,Telugu,Relaxation,playlist_2
69,Male,Angry,7,Fair,4,Classical,Spanish,Sleeping,playlist_2
26,Male,Angry,5,Good,5,Lo-fi,Telugu,Exercise,playlist_5
34,Male,Happy,5,Fair,2,Instrumental,English,Sleeping,playlist_1
19,Female,Tired,5,Good,10,Instrumental,Other,Relaxation,playlist_5
51,Male,Sad,7,Good,8,Classical,Spanish,Relaxation,playlist_2
52,Female,Happy,9,Good,1,Pop,Hindi,Meditation,playlist_1
44,Other,Tired,8,Poor,3,Lo-fi,Malayalam,Sleeping,playlist_2
23,Female,Sad,6,Fair,1,Pop,Tamil,Meditation,playlist_2
48,Other,Angry,7,Poor,5,Lo-fi,Tamil,Sleeping,playlist_2
67,Male,Sad,9,Fair,8,Lo-fi,Other,Meditation,playlist_3
58,Prefer not to say,Anxiety,6,Good,7,Lo-fi,Spanish,Meditation,playlist_3
49,Male,Sad,1,Poor,9,Pop,English,Sleeping,playlist_2
66,Female,Anxiety,4,Fair,2,Pop,Tamil,Relaxation,playlist_3
72,Male,Sad,8,Good,8,Pop,Spanish,Studying,playlist_1
36,Male,Anxiety,7,Fair,8,Nature Sounds,Telugu,Relaxation,playlist_3
58,Male,Angry,3,Fair,6,Pop,Tamil,Studying,playlist_1
38,Male,Tired,10,Good,3,Classical,Malayalam,Sleeping,playlist_2
31,Other,Anxiety,3,Poor,2,Nature Sounds,Tamil,Exercise,playlist_5
24,Female,Anxiety,3,Good,8,Lo-fi,Telugu,Relaxation,playlist_3
44,Female,Angry,1,Poor,6,Instrumental,Hindi,Meditation,playlist_4
70,Female,Anxiety,10,Fair,4,Nature Sounds,Malayalam,Relaxation,playlist_3
73,Female,Happy,1,Fair,5,Nature Sounds,Hindi,Sleeping,playlist_1
60,Male,Angry,6,Fair,5,Lo-fi,Telugu,Exercise,playlist_4
37,Female,Happy,1,Poor,9,Pop,Telugu,Exercise,playlist_5
46,Female,Angry,5,Good,9,Pop,Malayalam,Relaxation,playlist_4
31,Female,Anxiety,4,Poor,8,Nature Sounds,Other,Relaxation,playlist_3
64,Prefer not to say,Happy,5,Fair,8,Pop,Kannada,Relaxation,playlist_1
65,Female,Anxiety,7,Fair,2,Nature Sounds,Kannada,Sleeping,playlist_2
31,Male,Angry,6,Good,3,Instrumental,Tamil,Studying,playlist_1
28,Other,Anxiety,9,Poor,8,Instrumental,Malayalam,Studying,playlist_1
23,Other,Happy,6,Fair,5,Lo-fi,Malayalam,Meditation,playlist_1
54,Prefer not to say,Happy,9,Poor,7,Classical,Other,Sleeping,playlist_2
16,Female,Anxiety,4,Poor,8,Classical,Spanish,Exercise,playlist_5
59,Male,Sad,1,Good,6,Pop,Spanish,Meditation,playlist_2
39,Male,Angry,1,Good,5,Classical,Tamil,Exercise,playlist_5
53,Male,Angry,10,Fair,8,Instrumental,Kannada,Exercise,playlist_4
23,Female,Anxiety,7,Good,1,Lo-fi,Spanish,Relaxation,playlist_3
68,Male,Sad,3,Poor,1,Instrumental,Tamil,Exercise,playlist_5
36,Female,Happy,2,Good,1,Nature Sounds,Hindi,Exercise,playlist_5
57,Other,Tired,6,Poor,3,Pop,Other,Sleeping,playlist_5
60,Prefer not to say,Tired,6,Fair,10,Pop,Hindi,Relaxation,playlist_5
18,Male,Anxiety,7,Poor,6,Classical,Spanish,Relaxation,playlist_3
40,Male,Sad,5,Good,6,Nature Sounds,Other,Meditation,playlist_2
72,Female,Sad,8,Good,5,Classical,English,Relaxation,playlist_2
43,Female,Angry,7,Fair,7,Classical,Kannada,Studying,playlist_1
59,Female,Happy,2,Good,5,Classical,Hindi,Sleeping,playlist_1
48,Female,Sad,1,Fair,2,Nature Sounds,Spanish,Meditation,playlist_2
37,Male,Tired,9,Fair,4,Classical,English,Studying,playlist_1
51,Male,Happy,5,Good,1,Pop,Other,Exercise,playlist_5
25,Female,Happy,5,Poor,7,Classical,Telugu,Studying,playlist_1
20,Female,Anxiety,10,Fair,4,Nature Sounds,Spanish,Meditation,playlist_3
32,Male,Sad,4,Poor,4,Nature Sounds,Malayalam,Relaxation,playlist_2
35,Female,Anxiety,2,Good,4,Instrumental,Hindi,Sleeping,playlist_3
56,Other,Sad,5,Poor,3,Classical,English,Meditation,playlist_2
50,Male,Angry,2,Poor,8,Nature Sounds,Tamil,Studying,playlist_1
55,Prefer not to say,Anxiety,7,Poor,4,Classical,Spanish,Studying,playlist_1
52,Female,Anxiety,9,Poor,8,Lo-fi,Malayalam,Meditation,playlist_3
48,Female,Tired,9,Good,9,Pop,English,Meditation,playlist_3
31,Male,Anxiety,6,Good,1,Pop,Hindi,Meditation,playlist_3
51,Male,Sad,1,Poor,4,Classical,Tamil,Relaxation,playlist_2
39,Male,Tired,6,Good,6,Pop,Spanish,Meditation,playlist_5
52,Male,Anxiety,5,Good,8,Pop,Other,Exercise,playlist_5
72,Male,Anxiety,4,Fair,6,Lo-fi,Tamil,Sleeping,playlist_3
26,Female,Angry,6,Good,6,Pop,English,Sleeping,playlist_4
37,Male,Anxiety,6,Poor,10,Pop,Spanish,Exercise,playlist_3
67,Prefer not to say,Happy,6,Good,4,Nature Sounds,Other,Studying,playlist_1
56,Female,Tired,2,Good,9,Pop,English,Studying,playlist_1
36,Male,Happy,7,Good,7,Classical,Hindi,Studying,playlist_1
35,Female,Tired,4,Good,6,Pop,Tamil,Studying,playlist_1
41,Prefer not to say,Angry,9,Fair,1,Classical,Kannada,Relaxation,playlist_4
71,Female,Anxiety,10,Poor,2,Pop,Spanish,Exercise,playlist_3
45,Male,Anxiety,2,Poor,6,Classical,Other,Sleeping,playlist_3
20,Other,Anxiety,5,Good,1,Pop,English,Exercise,playlist_5
41,Male,Tired,4,Good,5,Classical,Kannada,Sleeping,playlist_5
54,Female,Anxiety,9,Fair,1,Pop,Spanish,Studying,playlist_1
48,Female,Happy,4,Good,3,Lo-fi,Kannada,Relaxation,playlist_1
26,Male,Anxiety,8,Fair,7,Nature Sounds,Spanish,Meditation,playlist_3
59,Male,Angry,8,Poor,5,Nature Sounds,Spanish,Meditation,playlist_4
71,Other,Happy,6,Poor,10,Nature Sounds,Tamil,Studying,playlist_1
67,Other,Anxiety,6,Fair,1,Nature Sounds,Hindi,Studying,playlist_1
21,Female,Anxiety,8,Poor,1,Lo-fi,Kannada,Exercise,playlist_3
24,Male,Sad,10,Good,8,Lo-fi,Hindi,Relaxation,playlist_2
59,Male,Tired,9,Good,9,Pop,Other,Relaxation,playlist_5
31,Male,Happy,5,Fair,7,Lo-fi,English,Exercise,playlist_5
40,Female,Sad,1,Poor,3,Nature Sounds,Tamil,Relaxation,playlist_2
35,Male,Angry,1,Poor,6,Instrumental,Telugu,Relaxation,playlist_4
42,Male,Tired,2,Fair,3,Pop,Tamil,Meditation,playlist_5
72,Female,Happy,10,Fair,10,Classical,Telugu,Relaxation,playlist_1
60,Female,Anxiety,10,Poor,4,Nature Sounds,Malayalam,Studying,playlist_1
16,Female,Happy,5,Fair,4,Nature Sounds,Spanish,Meditation,playlist_1
74,Female,Anxiety,4,Good,3,Nature Sounds,English,Studying,playlist_1
68,Female,Tired,1,Poor,10,Lo-fi,Hindi,Studying,playlist_1
57,Male,Anxiety,4,Fair,6,Classical,English,Exercise,playlist_5
15,Female,Angry,4,Fair,5,Pop,Tamil,Relaxation,playlist_4
65,Female,Anxiety,10,Fair,9,Nature Sounds,Telugu,Relaxation,playlist_3
67,Female,Angry,4,Poor,9,Classical,Malayalam,Relaxation,playlist_4
50,Male,Tired,1,Good,3,Instrumental,Telugu,Relaxation,playlist_5
65,Female,Tired,9,Good,9,Lo-fi,Tamil,Meditation,playlist_3
40,Other,Happy,3,Poor,3,Nature Sounds,Tamil,Sleeping,playlist_1
43,Female,Angry,4,Fair,4,Classical,Spanish,Studying,playlist_1
35,Female,Angry,5,Poor,1,Classical,Spanish,Sleeping,playlist_4
25,Female,Sad,7,Poor,5,Nature Sounds,English,Sleeping,playlist_2
54,Male,Sad,6,Fair,9,Classical,Kannada,Sleeping,playlist_2
25,Female,Sad,5,Poor,2,Classical,Telugu,Meditation,playlist_2
50,Prefer not to say,Anxiety,8,Good,4,Pop,Tamil,Sleeping,playlist_2
63,Male,Sad,1,Poor,10,Lo-fi,Other,Meditation,playlist_3
73,Male,Angry,7,Fair,2,Pop,Spanish,Exercise,playlist_4
53,Female,Anxiety,6,Poor,8,Lo-fi,Spanish,Exercise,playlist_3
54,Male,Tired,5,Good,9,Lo-fi,English,Exercise,playlist_5
49,Female,Happy,7,Poor,3,Pop,Kannada,Meditation,playlist_1
68,Male,Sad,3,Poor,9,Nature Sounds,Spanish,Meditation,playlist_3
48,Female,Tired,1,Poor,6,Classical,Hindi,Studying,playlist_1
69,Female,Angry,9,Poor,6,Instrumental,Tamil,Sleeping,playlist_2
61,Male,Happy,2,Fair,7,Pop,Kannada,Relaxation,playlist_1
38,Male,Tired,10,Good,5,Pop,Hindi,Relaxation,playlist_5
68,Male,Happy,3,Good,6,Nature Sounds,Spanish,Sleeping,playlist_1
36,Male,Sad,8,Good,1,Classical,Malayalam,Relaxation,playlist_2
19,Female,Angry,10,Poor,3,Pop,Spanish,Relaxation,playlist_4
70,Male,Happy,9,Good,9,Instrumental,Hindi,Relaxation,playlist_1
47,Female,Tired,3,Fair,5,Classical,Other,Meditation,playlist_5
72,Female,Sad,6,Poor,5,Pop,Spanish,Meditation,playlist_2
50,Male,Sad,7,Poor,8,Pop,English,Meditation,playlist_3
61,Male,Tired,1,Good,2,Lo-fi,Telugu,Sleeping,playlist_5
34,Male,Tired,7,Poor,7,Lo-fi,Tamil,Exercise,playlist_5
33,Female,Happy,4,Poor,9,Pop,Kannada,Relaxation,playlist_1
49,Male,Anxiety,5,Good,7,Nature Sounds,Malayalam,Studying,playlist_1
66,Male,Sad,8,Fair,5,Lo-fi,Malayalam,Meditation,playlist_2
57,Male,Happy,4,Fair,6,Pop,Hindi,Studying,playlist_1
31,Prefer not to say,Tired,4,Good,4,Classical,Malayalam,Relaxation,playlist_5
73,Female,Happy,8,Fair,7,Instrumental,Telugu,Exercise,playlist_1
59,Female,Tired,5,Fair,1,Lo-fi,Hindi,Studying,playlist_1
57,Male,Angry,6,Fair,4,Pop,Tamil,Relaxation,playlist_4
48,Male,Tired,5,Poor,3,Lo-fi,Spanish,Relaxation,playlist_5
23,Male,Tired,1,Poor,4,Classical,Tamil,Meditation,playlist_5
40,Prefer not to say,Tired,7,Poor,1,Nature Sounds,Malayalam,Exercise,playlist_5
16,Male,Anxiety,6,Fair,2,Pop,English,Relaxation,playlist_3
67,Female,Tired,2,Poor,9,Classical,Tamil,Exercise,playlist_5
23,Male,Sad,7,Fair,7,Instrumental,Tamil,Meditation,playlist_3
23,Female,Sad,6,Good,6,Pop,Tamil,Studying,playlist_1
54,Male,Happy,5,Fair,2,Instrumental,Other,Sleeping,playlist_1
31,Female,Anxiety,8,Poor,1,Nature Sounds,Telugu,Sleeping,playlist_2
15,Prefer not to say,Happy,5,Fair,2,Pop,Kannada,Sleeping,playlist_1
39,Male,Sad,2,Poor,7,Pop,Other,Exercise,playlist_5
57,Female,Sad,6,Poor,2,Classical,Kannada,Sleeping,playlist_2
54,Female,Angry,1,Good,3,Lo-fi,Malayalam,Studying,playlist_1
56,Female,Tired,5,Good,8,Pop,Tamil,Relaxation,playlist_5
39,Male,Sad,6,Poor,7,Nature Sounds,Kannada,Exercise,playlist_2
53,Male,Happy,7,Fair,9,Pop,Other,Studying,playlist_1
49,Female,Happy,2,Good,4,Pop,Other,Exercise,playlist_5
17,Male,Tired,1,Good,7,Pop,Malayalam,Exercise,playlist_5
64,Other,Tired,6,Poor,1,Pop,Tamil,Exercise,playlist_5
51,Female,Angry,3,Fair,2,Nature Sounds,Kannada,Meditation,playlist_4
58,Female,Anxiety,5,Good,7,Classical,Kannada,Relaxation,playlist_3
58,Male,Happy,2,Good,2,Lo-fi,Malayalam,Sleeping,playlist_1
65,Female,Tired,1,Fair,6,Nature Sounds,Spanish,Meditation,playlist_5
44,Female,Happy,1,Good,10,Nature Sounds,Hindi,Relaxation,playlist_1
52,Female,Tired,4,Fair,9,Instrumental,Malayalam,Sleeping,playlist_5
48,Male,Sad,10,Poor,5,Lo-fi,Telugu,Meditation,playlist_2
26,Other,Happy,2,Good,10,Classical,Hindi,Meditation,playlist_3
33,Male,Sad,1,Poor,7,Classical,Hindi,Studying,playlist_1
51,Male,Happy,6,Fair,1,Instrumental,Kannada,Meditation,playlist_1
58,Prefer not to say,Anxiety,4,Poor,8,Instrumental,English,Exercise,playlist_5
73,Female,Angry,10,Poor,9,Nature Sounds,English,Meditation,playlist_3
73,Male,Sad,7,Poor,5,Classical,Spanish,Exercise,playlist_2
63,Other,Tired,6,Fair,6,Classical,Telugu,Relaxation,playlist_5
31,Male,Anxiety,5,Fair,8,Classical,Tamil,Relaxation,playlist_3
24,Male,Happy,10,Fair,4,Nature Sounds,Kannada,Exercise,playlist_1
71,Female,Sad,2,Fair,2,Classical,Other,Studying,playlist_1
69,Male,Happy,5,Fair,10,Pop,Telugu,Studying,playlist_1
63,Other,Happy,9,Good,8,Instrumental,Hindi,Relaxation,playlist_1
61,Female,Happy,9,Good,2,Instrumental,Kannada,Meditation,playlist_1
26,Male,Angry,2,Good,5,Instrumental,Hindi,Relaxation,playlist_4
30,Female,Angry,7,Poor,6,Instrumental,Telugu,Relaxation,playlist_4
38,Male,Tired,10,Poor,5,Pop,English,Exercise,playlist_5
33,Female,Sad,4,Fair,6,Lo-fi,Telugu,Studying,playlist_1
22,Other,Anxiety,3,Fair,6,Classical,Malayalam,Exercise,playlist_5
45,Female,Anxiety,1,Good,3,Instrumental,Kannada,Relaxation,playlist_3
35,Male,Anxiety,3,Fair,3,Classical,Other,Sleeping,playlist_3
31,Male,Happy,9,Poor,9,Classical,Kannada,Meditation,playlist_3
37,Male,Angry,9,Fair,3,Pop,Spanish,Relaxation,playlist_4
51,Female,Sad,7,Good,3,Classical,Tamil,Exercise,playlist_2
68,Female,Happy,3,Fair,2,Instrumental,English,Sleeping,playlist_1
30,Male,Angry,3,Poor,7,Classical,Kannada,Sleeping,playlist_4
20,Male,Angry,4,Good,10,Pop,English,Relaxation,playlist_4
22,Female,Sad,7,Fair,10,Instrumental,Kannada,Studying,playlist_1
39,Male,Sad,7,Poor,4,Pop,English,Sleeping,playlist_2
32,Male,Sad,2,Good,1,Nature Sounds,Spanish,Meditation,playlist_2
39,Prefer not to say,Happy,5,Good,6,Lo-fi,Malayalam,Exercise,playlist_5
26,Male,Tired,7,Poor,5,Classical,Spanish,Exercise,playlist_5
29,Female,Sad,7,Fair,2,Classical,Telugu,Exercise,playlist_2
73,Male,Tired,6,Fair,6,Classical,English,Relaxation,playlist_5
40,Male,Happy,10,Fair,1,Nature Sounds,Hindi,Exercise,playlist_1
55,Female,Tired,10,Good,3,Lo-fi,Malayalam,Exercise,playlist_5
59,Female,Anxiety,8,Good,4,Pop,Telugu,Meditation,playlist_3
40,Female,Tired,3,Fair,3,Nature Sounds,Kannada,Studying,playlist_1
61,Male,Sad,1,Good,6,Nature Sounds,Kannada,Relaxation,playlist_2
46,Female,Happy,3,Good,4,Instrumental,Tamil,Relaxation,playlist_1
24,Female,Sad,2,Poor,1,Nature Sounds,Other,Exercise,playlist_5
30,Male,Anxiety,2,Fair,5,Nature Sounds,Malayalam,Meditation,playlist_3
21,Prefer not to say,Sad,2,Fair,5,Classical,Other,Sleeping,playlist_2
31,Female,Sad,5,Fair,9,Instrumental,Hindi,Exercise,playlist_5
37,Female,Sad,1,Good,8,Pop,Malayalam,Exercise,playlist_5
40,Female,Angry,10,Good,8,Lo-fi,Spanish,Relaxation,playlist_4
35,Male,Anxiety,4,Good,5,Pop,Tamil,Relaxation,playlist_3
36,Female,Sad,10,Fair,8,Instrumental,Spanish,Exercise,playlist_2
72,Female,Sad,5,Good,10,Classical,Malayalam,Relaxation,playlist_2
21,Male,Sad,2,Fair,7,Lo-fi,Spanish,Meditation,playlist_3
28,Female,Happy,5,Good,1,Pop,Telugu,Sleeping,playlist_1
29,Male,Angry,10,Fair,7,Lo-fi,Tamil,Sleeping,playlist_2
67,Male,Happy,4,Poor,8,Lo-fi,Telugu,Sleeping,playlist_1
21,Male,Angry,8,Good,3,Lo-fi,Tamil,Exercise,playlist_4
23,Prefer not to say,Sad,1,Fair,9,Nature Sounds,English,Exercise,playlist_5
65,Female,Anxiety,5,Poor,8,Instrumental,Other,Exercise,playlist_5
62,Male,Tired,10,Poor,2,Instrumental,Telugu,Meditation,playlist_5
22,Female,Tired,1,Good,6,Classical,Telugu,Sleeping,playlist_5
64,Male,Sad,10,Fair,4,Pop,English,Relaxation,playlist_2
73,Female,Happy,10,Good,3,Classical,English,Relaxation,playlist_1
37,Female,Anxiety,4,Poor,6,Pop,Other,Studying,playlist_1
43,Female,Angry,8,Good,10,Lo-fi,Hindi,Studying,playlist_1
32,Female,Sad,1,Fair,9,Pop,Spanish,Relaxation,playlist_2
45,Female,Anxiety,2,Poor,2,Pop,English,Sleeping,playlist_3
44,Female,Anxiety,1,Good,10,Lo-fi,Tamil,Exercise,playlist_5
66,Female,Angry,7,Good,10,Classical,English,Relaxation,playlist_4
53,Female,Anxiety,2,Good,10,Pop,English,Relaxation,playlist_3
49,Female,Happy,1,Good,5,Classical,Telugu,Studying,playlist_1
32,Prefer not to say,Happy,6,Good,6,Classical,Telugu,Sleeping,playlist_1
73,Female,Happy,6,Poor,4,Instrumental,Malayalam,Relaxation,playlist_1
56,Female,Anxiety,10,Poor,7,Lo-fi,English,Exercise,playlist_3
53,Female,Happy,2,Fair,2,Lo-fi,Other,Exercise,playlist_5
31,Male,Angry,1,Good,7,Nature Sounds,Spanish,Meditation,playlist_3
28,Male,Anxiety,10,Fair,2,Classical,Hindi,Exercise,playlist_3
45,Female,Tired,3,Poor,1,Nature Sounds,Telugu,Relaxation,playlist_5
38,Female,Anxiety,10,Good,5,Lo-fi,Tamil,Relaxation,playlist_3
49,Female,Angry,5,Fair,2,Lo-fi,Malayalam,Exercise,playlist_5
58,Male,Tired,6,Good,8,Nature Sounds,Tamil,Studying,playlist_1
74,Male,Anxiety,3,Good,8,Lo-fi,Other,Sleeping,playlist_3
59,Female,Happy,9,Fair,1,Lo-fi,Other,Relaxation,playlist_1
48,Male,Sad,5,Poor,4,Instrumental,English,Exercise,playlist_5
17,Male,Sad,2,Fair,9,Pop,Other,Exercise,playlist_5
51,Male,Happy,10,Fair,5,Instrumental,English,Relaxation,playlist_1
57,Female,Sad,6,Fair,10,Pop,Hindi,Meditation,playlist_3
54,Female,Sad,8,Good,6,Instrumental,Spanish,Sleeping,playlist_2
40,Prefer not to say,Happy,6,Poor,3,Instrumental,English,Relaxation,playlist_1
69,Male,Happy,4,Poor,5,Classical,Spanish,Exercise,playlist_5
37,Female,Anxiety,6,Good,1,Nature Sounds,Spanish,Meditation,playlist_3
58,Male,Anxiety,8,Poor,8,Instrumental,Malayalam,Relaxation,playlist_3
53,Male,Happy,8,Fair,6,Classical,Kannada,Sleeping,playlist_2
29,Female,Angry,10,Poor,2,Instrumental,Kannada,Meditation,playlist_4
70,Male,Sad,2,Good,4,Nature Sounds,English,Exercise,playlist_5
63,Male,Anxiety,8,Poor,4,Classical,Malayalam,Studying,playlist_1
18,Male,Sad,6,Good,9,Pop,Kannada,Sleeping,playlist_2
43,Male,Tired,2,Fair,9,Nature Sounds,Spanish,Meditation,playlist_3
36,Female,Happy,1,Good,5,Lo-fi,Tamil,Relaxation,playlist_1
39,Male,Angry,6,Poor,3,Classical,Malayalam,Relaxation,playlist_4
27,Prefer not to say,Tired,7,Fair,1,Lo-fi,Malayalam,Meditation,playlist_5
32,Female,Tired,10,Poor,6,Classical,English,Relaxation,playlist_5
47,Male,Tired,5,Good,8,Pop,Tamil,Meditation,playlist_3
30,Female,Happy,10,Fair,1,Classical,Other,Sleeping,playlist_2
59,Female,Anxiety,8,Good,1,Instrumental,Other,Relaxation,playlist_3
56,Female,Happy,9,Poor,7,Lo-fi,Spanish,Sleeping,playlist_2
58,Female,Anxiety,4,Good,7,Lo-fi,Tamil,Exercise,playlist_5
16,Female,Tired,7,Poor,2,Classical,Kannada,Exercise,playlist_5
69,Male,Tired,8,Poor,3,Instrumental,Hindi,Exercise,playlist_5
49,Female,Angry,6,Fair,2,Instrumental,Tamil,Exercise,playlist_4
56,Female,Anxiety,2,Fair,6,Classical,Kannada,Relaxation,playlist_3
48,Female,Tired,7,Good,8,Nature Sounds,Spanish,Meditation,playlist_3
44,Female,Sad,9,Poor,8,Pop,Hindi,Relaxation,playlist_2
73,Female,Angry,5,Poor,1,Classical,Other,Relaxation,playlist_4
69,Male,Happy,2,Fair,9,Instrumental,Spanish,Sleeping,playlist_1
27,Prefer not to say,Angry,4,Fair,8,Pop,Malayalam,Meditation,playlist_3
27,Other,Sad,3,Fair,9,Classical,Kannada,Studying,playlist_1
32,Male,Anxiety,4,Fair,9,Pop,Other,Studying,playlist_1
46,Male,Happy,10,Good,6,Nature Sounds,Kannada,Meditation,playlist_1
46,Female,Happy,7,Good,3,Instrumental,English,Studying,playlist_1
49,Female,Anxiety,10,Good,1,Nature Sounds,Malayalam,Meditation,playlist_3
73,Male,Angry,8,Good,8,Nature Sounds,Spanish,Sleeping,playlist_2
53,Male,Tired,1,Fair,10,Instrumental,Malayalam,Sleeping,playlist_5
60,Female,Angry,8,Good,3,Nature Sounds,Telugu,Relaxation,playlist_4
66,Male,Sad,5,Good,7,Classical,Hindi,Studying,playlist_1
43,Male,Tired,7,Good,10,Classical,Other,Meditation,playlist_3
63,Female,Angry,1,Fair,6,Pop,Kannada,Sleeping,playlist_4
43,Female,Anxiety,2,Poor,3,Classical,Tamil,Relaxation,playlist_3
67,Female,Sad,1,Fair,6,Classical,Tamil,Studying,playlist_1
58,Female,Sad,5,Poor,3,Pop,Telugu,Studying,playlist_1
71,Female,Sad,6,Poor,9,Lo-fi,Spanish,Studying,playlist_1
30,Female,Tired,10,Good,1,Instrumental,Hindi,Sleeping,playlist_2
70,Male,Happy,9,Good,8,Classical,English,Sleeping,playlist_2
58,Male,Tired,8,Good,5,Pop,Hindi,Studying,playlist_1
61,Male,Angry,7,Fair,4,Nature Sounds,Tamil,Sleeping,playlist_2
71,Other,Happy,5,Fair,1,Nature Sounds,Spanish,Studying,playlist_1
24,Female,Angry,3,Good,9,Classical,Spanish,Exercise,playlist_5
44,Female,Happy,9,Fair,9,Instrumental,Tamil,Sleeping,playlist_2
39,Other,Tired,5,Fair,5,Pop,English,Meditation,playlist_5
53,Female,Sad,3,Poor,9,Pop,English,Sleeping,playlist_2
34,Other,Anxiety,3,Fair,10,Pop,Tamil,Studying,playlist_1
19,Male,Sad,3,Poor,9,Pop,Spanish,Meditation,playlist_3
15,Female,Tired,6,Good,7,Pop,Spanish,Relaxation,playlist_5
44,Female,Happy,1,Fair,8,Instrumental,Kannada,Meditation,playlist_3
63,Female,Sad,4,Poor,1,Pop,Kannada,Meditation,playlist_2
17,Male,Tired,8,Fair,4,Instrumental,English,Sleeping,playlist_2
59,Female,Angry,3,Poor,10,Instrumental,Malayalam,Meditation,playlist_3
28,Male,Anxiety,5,Poor,10,Instrumental,Kannada,Meditation,playlist_3
70,Female,Sad,2,Fair,4,Nature Sounds,Spanish,Studying,playlist_1
44,Female,Happy,2,Good,9,Lo-fi,English,Sleeping,playlist_1
64,Male,Angry,7,Poor,3,Classical,Hindi,Studying,playlist_1
18,Male,Tired,10,Good,10,Nature Sounds,Hindi,Sleeping,playlist_2
32,Female,Anxiety,3,Fair,10,Lo-fi,Hindi,Relaxation,playlist_3
51,Female,Happy,5,Fair,1,Nature Sounds,English,Meditation,playlist_1
39,Female,Tired,3,Good,5,Instrumental,English,Sleeping,playlist_5
62,Female,Tired,6,Fair,7,Instrumental,Other,Meditation,playlist_3
15,Female,Sad,10,Poor,4,Pop,Kannada,Meditation,playlist_2
67,Male,Sad,3,Good,9,Instrumental,Kannada,Exercise,playlist_5
60,Female,Happy,8,Fair,6,Nature Sounds,Kannada,Studying,playlist_1
29,Female,Tired,2,Fair,6,Classical,Telugu,Sleeping,playlist_5
23,Female,Sad,3,Good,3,Instrumental,English,Relaxation,playlist_2
29,Male,Anxiety,8,Poor,10,Lo-fi,Malayalam,Exercise,playlist_3
63,Male,Anxiety,8,Good,10,Nature Sounds,Hindi,Studying,playlist_1
71,Male,Tired,1,Fair,5,Lo-fi,Spanish,Relaxation,playlist_5
38,Other,Sad,8,Fair,10,Pop,Spanish,Relaxation,playlist_2
18,Female,Happy,10,Good,6,Pop,Hindi,Meditation,playlist_1
26,Male,Happy,2,Poor,4,Classical,Telugu,Studying,playlist_1
73,Male,Happy,7,Poor,3,Nature Sounds,Telugu,Exercise,playlist_1
72,Male,Anxiety,6,Poor,5,Classical,Hindi,Sleeping,playlist_3
51,Female,Sad,2,Good,7,Lo-fi,English,Sleeping,playlist_2
51,Female,Sad,5,Poor,6,Classical,Hindi,Exercise,playlist_5
57,Female,Anxiety,7,Poor,2,Lo-fi,Hindi,Meditation,playlist_3
74,Male,Happy,8,Poor,1,Classical,Malayalam,Meditation,playlist_1
20,Male,Happy,3,Poor,5,Pop,Spanish,Relaxation,playlist_1
53,Female,Tired,1,Fair,5,Nature Sounds,Telugu,Studying,playlist_1
70,Male,Angry,7,Good,6,Classical,Other,Relaxation,playlist_4
60,Female,Sad,5,Good,3,Lo-fi,Telugu,Sleeping,playlist_2
38,Male,Sad,5,Poor,1,Nature Sounds,Spanish,Exercise,playlist_5
25,Male,Sad,7,Good,4,Pop,Kannada,Studying,playlist_1
27,Female,Angry,1,Good,4,Pop,Telugu,Exercise,playlist_5
48,Other,Tired,8,Fair,10,Instrumental,Malayalam,Studying,playlist_1
39,Male,Angry,10,Good,2,Nature Sounds,Malayalam,Sleeping,playlist_2
21,Female,Happy,5,Fair,8,Classical,Spanish,Sleeping,playlist_1
66,Female,Happy,8,Good,6,Pop,Hindi,Studying,playlist_1
18,Male,Sad,10,Fair,3,Classical,Malayalam,Meditation,playlist_2
73,Male,Anxiety,10,Fair,1,Classical,Kannada,Studying,playlist_1
22,Other,Sad,5,Good,3,Lo-fi,Hindi,Sleeping,playlist_2
34,Male,Anxiety,7,Fair,8,Classical,English,Exercise,playlist_3
43,Female,Angry,10,Fair,4,Instrumental,Other,Relaxation,playlist_4
68,Prefer not to say,Happy,3,Good,3,Nature Sounds,English,Exercise,playlist_5
67,Male,Anxiety,2,Fair,4,Nature Sounds,Spanish,Sleeping,playlist_3
65,Male,Angry,6,Fair,4,Lo-fi,Telugu,Exercise,playlist_4
59,Male,Happy,5,Fair,2,Instrumental,Other,Meditation,playlist_1
60,Male,Anxiety,9,Fair,4,Instrumental,Kannada,Meditation,playlist_3
24,Male,Sad,10,Fair,9,Nature Sounds,Malayalam,Studying,playlist_1
57,Female,Sad,4,Poor,4,Instrumental,Tamil,Exercise,playlist_5
48,Female,Sad,3,Fair,1,Pop,English,Exercise,playlist_5
71,Female,Angry,9,Fair,1,Classical,Malayalam,Sleeping,playlist_2
40,Other,Sad,8,Fair,1,Classical,Other,Studying,playlist_1
55,Male,Tired,6,Fair,5,Nature Sounds,Spanish,Studying,playlist_1
63,Male,Happy,1,Good,6,Nature Sounds,English,Exercise,playlist_5
72,Male,Angry,10,Poor,6,Instrumental,English,Relaxation,playlist_4
17,Male,Sad,1,Good,6,Lo-fi,Other,Exercise,playlist_5
70,Male,Happy,6,Poor,9,Nature Sounds,English,Exercise,playlist_1
20,Female,Anxiety,3,Fair,1,Nature Sounds,Telugu,Exercise,playlist_5
19,Female,Sad,3,Fair,10,Nature Sounds,Kannada,Meditation,playlist_3
19,Prefer not to say,Happy,6,Poor,6,Instrumental,English,Studying,playlist_1
68,Male,Tired,3,Poor,8,Pop,Malayalam,Meditation,playlist_3
61,Female,Anxiety,10,Good,8,Nature Sounds,Malayalam,Relaxation,playlist_3
37,Female,Tired,6,Poor,3,Pop,Spanish,Sleeping,playlist_5
63,Male,Happy,5,Fair,5,Instrumental,Telugu,Relaxation,playlist_1
23,Male,Tired,4,Good,10,Lo-fi,Kannada,Studying,playlist_1
49,Prefer not to say,Happy,8,Poor,4,Classical,Other,Sleeping,playlist_2
34,Female,Happy,2,Poor,1,Classical,Kannada,Relaxation,playlist_1
72,Prefer not to say,Tired,7,Good,9,Classical,Spanish,Studying,playlist_1
63,Female,Happy,4,Poor,5,Classical,Tamil,Relaxation,playlist_1
73,Male,Sad,2,Fair,2,Instrumental,Hindi,Sleeping,playlist_2
56,Male,Happy,7,Good,2,Classical,English,Sleeping,playlist_2
49,Prefer not to say,Angry,1,Poor,7,Instrumental,Telugu,Relaxation,playlist_4
64,Male,Happy,4,Fair,4,Lo-fi,Other,Meditation,playlist_1
32,Male,Angry,9,Poor,1,Nature Sounds,Kannada,Relaxation,playlist_4
31,Female,Happy,4,Good,5,Nature Sounds,Tamil,Relaxation,playlist_1
38,Male,Happy,3,Poor,2,Nature Sounds,Hindi,Relaxation,playlist_1
17,Male,Tired,10,Poor,7,Instrumental,Kannada,Meditation,playlist_3
46,Female,Sad,10,Poor,9,Instrumental,Other,Exercise,playlist_2
49,Male,Sad,2,Fair,1,Instrumental,Kannada,Sleeping,playlist_2
52,Male,Anxiety,3,Fair,2,Lo-fi,English,Studying,playlist_1
27,Male,Tired,1,Poor,6,Pop,Hindi,Sleeping,playlist_5
70,Female,Tired,10,Poor,8,Instrumental,Hindi,Sleeping,playlist_2
61,Male,Sad,8,Good,7,Instrumental,Spanish,Exercise,playlist_2
39,Male,Tired,1,Poor,9,Nature Sounds,Telugu,Sleeping,playlist_5
23,Female,Sad,3,Good,2,Classical,Tamil,Sleeping,playlist_2
18,Male,Tired,3,Fair,9,Classical,Spanish,Meditation,playlist_3
28,Male,Happy,2,Poor,4,Lo-fi,Malayalam,Meditation,playlist_1
51,Female,Sad,5,Good,3,Classical,Telugu,Meditation,playlist_2
48,Male,Sad,10,Fair,7,Pop,Tamil,Meditation,playlist_3
25,Male,Angry,3,Good,5,Nature Sounds,Other,Meditation,playlist_4
55,Female,Tired,3,Fair,5,Lo-fi,Spanish,Studying,playlist_1
70,Female,Tired,8,Poor,2,Classical,Telugu,Exercise,playlist_5
17,Female,Sad,4,Good,6,Classical,Other,Relaxation,playlist_2
73,Female,Happy,4,Poor,6,Nature Sounds,Other,Meditation,playlist_1
42,Female,Happy,3,Good,4,Lo-fi,Tamil,Exercise,playlist_5
43,Female,Happy,1,Fair,5,Nature Sounds,Other,Relaxation,playlist_1
23,Male,Tired,8,Good,7,Lo-fi,Malayalam,Sleeping,playlist_2
17,Male,Angry,1,Good,8,Classical,English,Sleeping,playlist_4
39,Female,Sad,7,Poor,6,Nature Sounds,Tamil,Exercise,playlist_2
48,Male,Anxiety,5,Poor,5,Nature Sounds,Malayalam,Studying,playlist_1
26,Female,Angry,4,Poor,3,Pop,Other,Studying,playlist_1
56,Male,Anxiety,4,Fair,7,Nature Sounds,Telugu,Exercise,playlist_5
23,Male,Angry,8,Poor,8,Lo-fi,Hindi,Studying,playlist_1
29,Female,Happy,6,Good,3,Pop,Kannada,Studying,playlist_1
54,Male,Tired,1,Fair,5,Nature Sounds,Malayalam,Sleeping,playlist_5
39,Female,Anxiety,10,Poor,2,Nature Sounds,Malayalam,Studying,playlist_1
19,Male,Angry,8,Good,10,Pop,Malayalam,Studying,playlist_1
25,Male,Tired,2,Good,10,Classical,Tamil,Exercise,playlist_5
73,Male,Anxiety,6,Fair,4,Nature Sounds,Spanish,Studying,playlist_1
48,Male,Sad,9,Good,4,Instrumental,Tamil,Meditation,playlist_2
38,Prefer not to say,Angry,1,Poor,8,Classical,Hindi,Meditation,playlist_3
74,Female,Sad,6,Good,3,Nature Sounds,English,Exercise,playlist_2
29,Female,Happy,8,Poor,5,Classical,Other,Meditation,playlist_1
52,Female,Sad,10,Poor,5,Lo-fi,Telugu,Sleeping,playlist_2
22,Female,Sad,2,Fair,2,Classical,English,Exercise,playlist_5
73,Male,Angry,5,Good,9,Pop,Other,Studying,playlist_1
19,Male,Happy,6,Fair,4,Nature Sounds,Spanish,Meditation,playlist_1
62,Female,Sad,5,Fair,9,Classical,Tamil,Sleeping,playlist_2
40,Male,Tired,3,Fair,9,Instrumental,Tamil,Exercise,playlist_5
32,Male,Anxiety,4,Poor,2,Lo-fi,Malayalam,Exercise,playlist_5
20,Female,Sad,7,Poor,9,Lo-fi,Malayalam,Studying,playlist_1
51,Male,Happy,4,Poor,9,Classical,English,Relaxation,playlist_1
74,Male,Sad,9,Poor,2,Pop,Telugu,Meditation,playlist_2
62,Male,Anxiety,10,Good,6,Lo-fi,Tamil,Sleeping,playlist_2
27,Female,Happy,2,Good,9,Classical,Tamil,Exercise,playlist_5
42,Male,Angry,5,Poor,4,Classical,Spanish,Meditation,playlist_4
19,Female,Happy,8,Poor,2,Lo-fi,Other,Sleeping,playlist_2
27,Male,Angry,5,Good,7,Classical,English,Sleeping,playlist_4
31,Female,Happy,10,Fair,9,Classical,Kannada,Exercise,playlist_1
64,Male,Anxiety,8,Fair,6,Instrumental,Malayalam,Meditation,playlist_3
54,Prefer not to say,Anxiety,8,Poor,4,Classical,Hindi,Sleeping,playlist_2
59,Female,Happy,9,Fair,1,Classical,Tamil,Exercise,playlist_1
46,Female,Sad,10,Poor,4,Pop,Telugu,Meditation,playlist_2
43,Female,Anxiety,6,Poor,3,Lo-fi,Other,Meditation,playlist_3
65,Female,Angry,4,Poor,7,Pop,Kannada,Exercise,playlist_5
72,Male,Angry,3,Good,10,Nature Sounds,English,Meditation,playlist_3
17,Female,Tired,5,Fair,5,Pop,Spanish,Relaxation,playlist_5
70,Female,Angry,6,Good,3,Nature Sounds,Other,Sleeping,playlist_4
54,Female,Tired,3,Fair,2,Nature Sounds,Other,Sleeping,playlist_5
48,Male,Happy,2,Good,2,Pop,English,Meditation,playlist_1
54,Male,Happy,7,Good,5,Instrumental,Spanish,Exercise,playlist_1
41,Male,Happy,5,Poor,8,Pop,Telugu,Studying,playlist_1
27,Male,Sad,9,Poor,8,Lo-fi,Spanish,Meditation,playlist_3
59,Other,Sad,3,Good,5,Pop,Malayalam,Studying,playlist_1
47,Male,Tired,8,Fair,2,Instrumental,Malayalam,Meditation,playlist_5
20,Male,Angry,6,Fair,4,Pop,Kannada,Studying,playlist_1
38,Female,Angry,4,Poor,7,Instrumental,Telugu,Meditation,playlist_3
33,Female,Happy,9,Poor,6,Lo-fi,Tamil,Exercise,playlist_1
30,Female,Anxiety,5,Fair,10,Classical,Kannada,Studying,playlist_1
54,Male,Sad,10,Fair,7,Instrumental,Hindi,Relaxation,playlist_2
42,Male,Sad,6,Fair,5,Instrumental,Hindi,Exercise,playlist_2
47,Male,Happy,9,Poor,2,Instrumental,Telugu,Meditation,playlist_1
73,Male,Sad,7,Fair,8,Lo-fi,Other,Studying,playlist_1
73,Male,Happy,5,Poor,2,Nature Sounds,Hindi,Sleeping,playlist_1
62,Male,Tired,2,Good,8,Instrumental,Telugu,Exercise,playlist_5
55,Other,Angry,4,Good,7,Lo-fi,Spanish,Studying,playlist_1
27,Male,Anxiety,2,Good,3,Classical,Tamil,Exercise,playlist_5
57,Male,Angry,3,Fair,4,Instrumental,Malayalam,Studying,playlist_1
59,Prefer not to say,Angry,10,Poor,7,Nature Sounds,Tamil,Sleeping,playlist_2
39,Female,Tired,3,Fair,4,Lo-fi,Telugu,Relaxation,playlist_5
67,Male,Sad,4,Poor,9,Classical,Tamil,Sleeping,playlist_2
56,Male,Anxiety,6,Fair,7,Nature Sounds,Hindi,Meditation,playlist_3
50,Prefer not to say,Sad,3,Good,1,Classical,Spanish,Exercise,playlist_5
41,Male,Angry,10,Poor,1,Nature Sounds,Tamil,Relaxation,playlist_4
52,Female,Happy,1,Fair,4,Pop,Spanish,Exercise,playlist_5
74,Female,Angry,1,Poor,9,Pop,Hindi,Studying,playlist_1
21,Male,Sad,9,Poor,4,Pop,Malayalam,Meditation,playlist_2
19,Female,Angry,9,Fair,5,Classical,Other,Meditation,playlist_4
57,Prefer not to say,Happy,5,Fair,1,Pop,Malayalam,Exercise,playlist_5
59,Female,Tired,9,Poor,2,Lo-fi,Hindi,Meditation,playlist_5
72,Male,Sad,7,Poor,4,Lo-fi,Spanish,Exercise,playlist_2
71,Female,Angry,9,Good,4,Pop,English,Studying,playlist_1
65,Female,Sad,7,Poor,10,Nature Sounds,Tamil,Studying,playlist_1
45,Female,Tired,9,Good,6,Nature Sounds,Tamil,Exercise,playlist_5
37,Female,Angry,2,Good,6,Classical,Telugu,Sleeping,playlist_4
56,Male,Angry,8,Good,8,Nature Sounds,Other,Sleeping,playlist_2
24,Male,Sad,7,Poor,9,Instrumental,Telugu,Studying,playlist_1
46,Male,Sad,6,Good,1,Nature Sounds,Spanish,Relaxation,playlist_2
57,Male,Happy,5,Poor,1,Lo-fi,Kannada,Sleeping,playlist_1
67,Male,Tired,4,Poor,6,Nature Sounds,Hindi,Exercise,playlist_5
44,Male,Happy,7,Fair,4,Classical,Malayalam,Studying,playlist_1
53,Male,Angry,3,Poor,4,Nature Sounds,Malayalam,Meditation,playlist_4
45,Female,Sad,8,Poor,1,Classical,English,Meditation,playlist_2
32,Female,Angry,2,Good,9,Instrumental,Hindi,Sleeping,playlist_4
50,Female,Angry,1,Poor,3,Pop,Tamil,Relaxation,playlist_4
16,Female,Anxiety,2,Poor,5,Instrumental,Kannada,Sleeping,playlist_3
28,Male,Anxiety,9,Fair,10,Lo-fi,Other,Relaxation,playlist_3
27,Female,Angry,5,Fair,1,Instrumental,Hindi,Sleeping,playlist_4
43,Female,Sad,8,Good,8,Instrumental,Kannada,Meditation,playlist_3
26,Female,Angry,3,Good,3,Lo-fi,Hindi,Relaxation,playlist_4
53,Male,Anxiety,7,Fair,1,Lo-fi,Spanish,Meditation,playlist_3
16,Female,Sad,2,Fair,10,Pop,Tamil,Exercise,playlist_5
46,Female,Angry,8,Poor,6,Pop,Tamil,Exercise,playlist_4
27,Female,Tired,7,Good,1,Nature Sounds,Other,Studying,playlist_1
60,Male,Tired,5,Good,3,Classical,Hindi,Meditation,playlist_5
41,Female,Angry,4,Poor,5,Lo-fi,Malayalam,Meditation,playlist_4
63,Female,Sad,1,Poor,4,Instrumental,Spanish,Studying,playlist_1
55,Female,Angry,5,Good,7,Instrumental,Malayalam,Exercise,playlist_5
31,Female,Angry,9,Fair,6,Pop,English,Exercise,playlist_4
54,Male,Anxiety,10,Fair,3,Classical,Tamil,Relaxation,playlist_3
45,Male,Tired,4,Poor,8,Lo-fi,Other,Relaxation,playlist_5
48,Male,Anxiety,9,Good,8,Pop,Spanish,Exercise,playlist_3
74,Male,Anxiety,2,Poor,2,Classical,Telugu,Sleeping,playlist_3
38,Male,Angry,4,Fair,7,Lo-fi,English,Meditation,playlist_3
59,Male,Anxiety,9,Fair,1,Instrumental,Hindi,Relaxation,playlist_3
49,Male,Tired,4,Poor,2,Instrumental,English,Sleeping,playlist_5
62,Female,Anxiety,5,Fair,8,Pop,Telugu,Relaxation,playlist_3
20,Female,Tired,8,Good,1,Classical,Tamil,Studying,playlist_1
33,Male,Anxiety,1,Poor,2,Instrumental,Tamil,Meditation,playlist_3
44,Male,Tired,1,Poor,1,Classical,Malayalam,Relaxation,playlist_5
21,Female,Anxiety,9,Poor,5,Pop,Tamil,Exercise,playlist_3
24,Female,Anxiety,9,Fair,7,Nature Sounds,Spanish,Studying,playlist_1
55,Male,Sad,4,Good,6,Classical,Malayalam,Studying,playlist_1
46,Female,Tired,2,Poor,6,Classical,Other,Exercise,playlist_5
48,Male,Tired,9,Poor,6,Pop,Telugu,Studying,playlist_1
42,Female,Tired,4,Fair,8,Nature Sounds,English,Meditation,playlist_3
74,Prefer not to say,Happy,6,Good,5,Instrumental,Hindi,Relaxation,playlist_1
29,Male,Anxiety,1,Poor,10,Lo-fi,Hindi,Studying,playlist_1
44,Other,Tired,9,Fair,7,Pop,Spanish,Meditation,playlist_3
51,Male,Happy,5,Poor,3,Lo-fi,Other,Exercise,playlist_5
43,Female,Sad,3,Fair,9,Nature Sounds,English,Relaxation,playlist_2
36,Female,Tired,4,Good,10,Nature Sounds,Other,Exercise,playlist_5
18,Female,Tired,1,Fair,3,Classical,Tamil,Relaxation,playlist_5
34,Male,Happy,9,Poor,6,Lo-fi,Malayalam,Studying,playlist_1
46,Female,Anxiety,8,Poor,3,Lo-fi,Hindi,Studying,playlist_1
50,Female,Sad,4,Fair,1,Nature Sounds,Tamil,Relaxation,playlist_2
64,Female,Tired,2,Good,1,Lo-fi,Spanish,Meditation,playlist_5
18,Male,Anxiety,9,Good,3,Instrumental,Kannada,Meditation,playlist_3
41,Male,Sad,4,Poor,4,Nature Sounds,Kannada,Meditation,playlist_2
31,Female,Angry,9,Poor,2,Classical,Spanish,Sleeping,playlist_2
26,Female,Angry,10,Fair,9,Classical,Hindi,Meditation,playlist_3
36,Male,Sad,3,Fair,8,Classical,English,Studying,playlist_1
31,Female,Happy,7,Fair,3,Lo-fi,English,Sleeping,playlist_2
24,Male,Sad,7,Good,7,Nature Sounds,Other,Meditation,playlist_3
68,Male,Sad,10,Good,4,Classical,English,Studying,playlist_1
15,Male,Happy,4,Poor,5,Nature Sounds,Tamil,Sleeping,playlist_1
36,Female,Happy,2,Poor,4,Lo-fi,Kannada,Studying,playlist_1
40,Prefer not to say,Anxiety,9,Poor,9,Instrumental,Tamil,Relaxation,playlist_3
70,Female,Anxiety,4,Fair,7,Instrumental,Telugu,Studying,playlist_1
73,Male,Happy,8,Good,4,Instrumental,Telugu,Sleeping,playlist_2
32,Female,Angry,2,Poor,8,Lo-fi,Other,Meditation,playlist_3
64,Male,Angry,8,Poor,2,Classical,Hindi,Sleeping,playlist_2
28,Male,Sad,10,Poor,7,Lo-fi,Telugu,Meditation,playlist_3
61,Male,Tired,5,Poor,1,Nature Sounds,English,Meditation,playlist_5
43,Male,Sad,7,Poor,8,Instrumental,Hindi,Exercise,playlist_2
26,Female,Sad,7,Poor,6,Nature Sounds,Kannada,Relaxation,playlist_2
50,Female,Tired,9,Good,5,Lo-fi,Malayalam,Exercise,playlist_5
73,Other,Happy,3,Poor,9,Pop,Kannada,Sleeping,playlist_1
49,Male,Angry,10,Good,9,Pop,Other,Exercise,playlist_4
66,Male,Sad,4,Fair,3,Lo-fi,Spanish,Meditation,playlist_2
26,Male,Tired,10,Good,9,Classical,Telugu,Sleeping,playlist_2
21,Male,Anxiety,4,Fair,9,Nature Sounds,Spanish,Exercise,playlist_5
43,Prefer not to say,Sad,10,Good,2,Lo-fi,Other,Studying,playlist_1
25,Male,Angry,5,Good,5,Lo-fi,Telugu,Relaxation,playlist_4
47,Other,Happy,6,Poor,2,Pop,Kannada,Studying,playlist_1
20,Male,Sad,3,Good,1,Instrumental,Spanish,Sleeping,playlist_2
61,Male,Sad,4,Good,7,Instrumental,Telugu,Exercise,playlist_5
29,Male,Tired,3,Poor,4,Classical,Telugu,Meditation,playlist_5
46,Female,Anxiety,2,Fair,5,Classical,Tamil,Exercise,playlist_5
65,Male,Anxiety,10,Poor,4,Classical,Malayalam,Sleeping,playlist_2
25,Prefer not to say,Happy,9,Poor,6,Pop,Malayalam,Sleeping,playlist_2
72,Male,Angry,1,Poor,2,Lo-fi,Other,Sleeping,playlist_4
37,Male,Happy,2,Fair,8,Classical,Kannada,Sleeping,playlist_1
40,Female,Sad,8,Good,4,Pop,Kannada,Exercise,playlist_2
48,Male,Sad,7,Good,8,Nature Sounds,Telugu,Studying,playlist_1
60,Male,Anxiety,1,Poor,3,Lo-fi,English,Meditation,playlist_3
48,Female,Angry,5,Poor,5,Nature Sounds,Tamil,Meditation,playlist_4
43,Male,Tired,10,Good,3,Instrumental,English,Relaxation,playlist_5
18,Female,Angry,6,Good,7,Instrumental,Telugu,Sleeping,playlist_4
31,Male,Sad,5,Good,3,Lo-fi,Other,Sleeping,playlist_2
49,Male,Tired,4,Fair,8,Classical,Kannada,Sleeping,playlist_5
27,Male,Angry,1,Fair,9,Lo-fi,Spanish,Studying,playlist_1
55,Female,Angry,7,Poor,2,Classical,Spanish,Sleeping,playlist_2
53,Female,Tired,9,Fair,3,Instrumental,Other,Relaxation,playlist_5
29,Female,Sad,6,Poor,7,Lo-fi,English,Relaxation,playlist_2
69,Female,Angry,3,Good,5,Lo-fi,Malayalam,Studying,playlist_1
43,Male,Tired,10,Good,10,Classical,Hindi,Sleeping,playlist_2
43,Male,Sad,4,Poor,7,Instrumental,English,Exercise,playlist_5
25,Male,Tired,10,Good,2,Instrumental,Kannada,Exercise,playlist_5
66,Female,Tired,5,Poor,4,Classical,Malayalam,Meditation,playlist_5
46,Female,Angry,1,Poor,1,Classical,Telugu,Studying,playlist_1
16,Male,Sad,5,Poor,5,Classical,English,Exercise,playlist_5
61,Male,Angry,1,Fair,8,Instrumental,Telugu,Meditation,playlist_3
28,Female,Happy,9,Poor,1,Instrumental,Tamil,Relaxation,playlist_1
34,Female,Happy,7,Poor,7,Lo-fi,Hindi,Meditation,playlist_3
36,Female,Sad,3,Poor,7,Instrumental,Spanish,Sleeping,playlist_2
25,Male,Tired,9,Fair,7,Nature Sounds,Kannada,Sleeping,playlist_2
41,Female,Angry,2,Good,1,Nature Sounds,Kannada,Relaxation,playlist_4
17,Female,Angry,7,Fair,3,Classical,Telugu,Studying,playlist_1
31,Male,Sad,9,Poor,2,Classical,Hindi,Sleeping,playlist_2
58,Female,Sad,6,Fair,5,Classical,Malayalam,Sleeping,playlist_2
70,Male,Happy,10,Good,2,Lo-fi,Kannada,Meditation,playlist_1
42,Male,Anxiety,5,Good,5,Nature Sounds,English,Meditation,playlist_3
43,Prefer not to say,Sad,7,Poor,5,Nature Sounds,Kannada,Meditation,playlist_2
35,Other,Anxiety,6,Good,4,Instrumental,English,Exercise,playlist_3
61,Male,Sad,5,Fair,7,Nature Sounds,Kannada,Relaxation,playlist_2
30,Male,Tired,2,Fair,10,Instrumental,English,Studying,playlist_1
51,Female,Tired,8,Good,6,Lo-fi,Tamil,Meditation,playlist_5
73,Male,Happy,7,Poor,2,Classical,Other,Studying,playlist_1
34,Male,Happy,6,Poor,4,Classical,Telugu,Meditation,playlist_1
20,Male,Anxiety,5,Fair,7,Instrumental,Other,Sleeping,playlist_3
33,Female,Sad,5,Good,9,Pop,Malayalam,Studying,playlist_1
71,Male,Angry,9,Fair,9,Instrumental,Malayalam,Exercise,playlist_4
19,Female,Happy,1,Fair,3,Lo-fi,Tamil,Meditation,playlist_1
17,Male,Angry,9,Fair,1,Nature Sounds,Spanish,Relaxation,playlist_4
73,Female,Angry,6,Poor,9,Instrumental,Malayalam,Sleeping,playlist_4
15,Other,Sad,4,Good,8,Lo-fi,English,Meditation,playlist_3
72,Female,Anxiety,10,Good,7,Classical,Malayalam,Studying,playlist_1
74,Female,Sad,7,Poor,6,Pop,Telugu,Meditation,playlist_2
52,Male,Happy,9,Fair,10,Pop,Hindi,Sleeping,playlist_2
29,Female,Angry,5,Fair,7,Instrumental,English,Relaxation,playlist_4
48,Other,Sad,5,Poor,9,Nature Sounds,Spanish,Relaxation,playlist_2
49,Male,Sad,8,Good,6,Instrumental,Spanish,Relaxation,playlist_2
63,Female,Sad,7,Poor,10,Pop,Spanish,Sleeping,playlist_2
39,Male,Happy,8,Good,3,Pop,Malayalam,Meditation,playlist_1
38,Male,Anxiety,10,Good,3,Classical,Kannada,Sleeping,playlist_2
26,Male,Sad,2,Good,4,Nature Sounds,Kannada,Sleeping,playlist_2
32,Prefer not to say,Happy,9,Fair,10,Nature Sounds,Hindi,Meditation,playlist_3
29,Male,Angry,3,Fair,10,Pop,Tamil,Exercise,playlist_5
58,Female,Tired,6,Poor,8,Pop,English,Relaxation,playlist_5
30,Prefer not to say,Happy,6,Poor,10,Instrumental,Kannada,Studying,playlist_1
41,Female,Tired,2,Fair,9,Instrumental,Spanish,Studying,playlist_1
22,Female,Sad,7,Poor,8,Classical,Telugu,Meditation,playlist_3
74,Male,Sad,9,Fair,10,Pop,Hindi,Studying,playlist_1
60,Prefer not to say,Happy,10,Fair,2,Instrumental,Tamil,Exercise,playlist_1
39,Male,Tired,1,Good,4,Classical,Other,Sleeping,playlist_5
31,Prefer not to say,Sad,8,Good,4,Nature Sounds,Spanish,Relaxation,playlist_2
43,Male,Angry,2,Fair,2,Pop,Tamil,Studying,playlist_1
67,Male,Anxiety,1,Good,8,Lo-fi,Telugu,Studying,playlist_1
22,Male,Anxiety,8,Fair,3,Pop,Malayalam,Meditation,playlist_3
29,Male,Sad,2,Good,2,Instrumental,Telugu,Meditation,playlist_2
41,Male,Tired,6,Poor,7,Pop,Other,Sleeping,playlist_5
60,Prefer not to say,Sad,6,Poor,1,Lo-fi,Malayalam,Relaxation,playlist_2
64,Male,Tired,5,Fair,6,Pop,Hindi,Studying,playlist_1
66,Female,Angry,8,Fair,3,Instrumental,Telugu,Sleeping,playlist_2
21,Male,Tired,3,Good,3,Nature Sounds,Other,Relaxation,playlist_5
17,Female,Sad,10,Good,5,Instrumental,Kannada,Sleeping,playlist_2
43,Female,Angry,4,Fair,3,Classical,Tamil,Studying,playlist_1
58,Prefer not to say,Happy,7,Poor,4,Instrumental,Spanish,Meditation,playlist_1
67,Male,Anxiety,7,Poor,3,Classical,Spanish,Meditation,playlist_3
38,Male,Sad,8,Fair,7,Pop,Other,Meditation,playlist_3
74,Male,Sad,2,Poor,3,Classical,Malayalam,Exercise,playlist_5
72,Female,Sad,2,Fair,10,Pop,Telugu,Sleeping,playlist_2
17,Female,Angry,4,Good,4,Classical,English,Studying,playlist_1
34,Female,Happy,10,Poor,2,Instrumental,Telugu,Sleeping,playlist_2
60,Male,Tired,9,Poor,2,Lo-fi,Spanish,Meditation,playlist_5
29,Female,Happy,10,Good,9,Pop,Malayalam,Sleeping,playlist_2
39,Other,Angry,9,Good,1,Classical,Other,Relaxation,playlist_4
44,Male,Sad,4,Poor,1,Lo-fi,Tamil,Sleeping,playlist_2
28,Male,Anxiety,9,Poor,10,Classical,Kannada,Exercise,playlist_3
21,Female,Sad,3,Fair,1,Classical,Spanish,Exercise,playlist_5
31,Male,Tired,5,Fair,3,Classical,Other,Meditation,playlist_5
58,Female,Anxiety,10,Poor,2,Instrumental,Spanish,Studying,playlist_1
34,Female,Sad,9,Fair,3,Classical,Telugu,Relaxation,playlist_2
50,Prefer not to say,Anxiety,6,Good,5,Lo-fi,Kannada,Studying,playlist_1
23,Female,Happy,3,Fair,9,Classical,English,Studying,playlist_1
52,Female,Angry,10,Fair,2,Nature Sounds,Malayalam,Relaxation,playlist_4
62,Male,Sad,9,Poor,1,Pop,Tamil,Exercise,playlist_2
71,Male,Tired,6,Fair,6,Instrumental,Hindi,Meditation,playlist_5
74,Female,Happy,4,Poor,3,Nature Sounds,Spanish,Sleeping,playlist_1
36,Female,Sad,4,Poor,7,Nature Sounds,Spanish,Exercise,playlist_5
68,Female,Happy,8,Poor,6,Lo-fi,Tamil,Meditation,playlist_1
67,Male,Tired,7,Good,7,Lo-fi,Malayalam,Exercise,playlist_5
67,Male,Sad,1,Fair,5,Instrumental,Hindi,Relaxation,playlist_2
16,Male,Tired,6,Fair,1,Instrumental,Other,Studying,playlist_1
38,Male,Anxiety,8,Fair,3,Pop,Hindi,Relaxation,playlist_3
22,Female,Tired,3,Poor,3,Classical,Tamil,Sleeping,playlist_5
25,Female,Anxiety,9,Good,7,Instrumental,Malayalam,Relaxation,playlist_3
27,Male,Sad,10,Poor,3,Instrumental,Hindi,Studying,playlist_1
31,Female,Anxiety,2,Fair,5,Classical,Malayalam,Exercise,playlist_5
22,Female,Sad,6,Poor,4,Pop,Kannada,Meditation,playlist_2
35,Female,Sad,1,Poor,4,Lo-fi,Other,Sleeping,playlist_2
32,Female,Angry,2,Fair,7,Pop,English,Exercise,playlist_5
44,Male,Sad,5,Poor,1,Classical,Telugu,Meditation,playlist_2
32,Female,Anxiety,1,Poor,7,Lo-fi,Malayalam,Studying,playlist_1
60,Male,Angry,8,Good,8,Lo-fi,Malayalam,Relaxation,playlist_4
61,Female,Angry,1,Poor,3,Lo-fi,Hindi,Exercise,playlist_5
45,Female,Sad,9,Good,3,Pop,Spanish,Meditation,playlist_2
52,Female,Tired,10,Fair,4,Classical,Malayalam,Meditation,playlist_5
46,Prefer not to say,Tired,3,Good,6,Pop,Malayalam,Relaxation,playlist_5
25,Female,Angry,2,Poor,7,Pop,Spanish,Exercise,playlist_5
59,Male,Sad,1,Fair,1,Nature Sounds,Hindi,Exercise,playlist_5
39,Male,Tired,9,Poor,4,Instrumental,Tamil,Studying,playlist_1
47,Male,Sad,4,Poor,7,Pop,Malayalam,Exercise,playlist_5
74,Male,Sad,1,Good,2,Nature Sounds,Spanish,Relaxation,playlist_2
52,Male,Angry,1,Poor,1,Classical,Spanish,Exercise,playlist_5
55,Female,Angry,7,Good,1,Nature Sounds,Kannada,Studying,playlist_1
22,Male,Happy,2,Fair,10,Pop,Telugu,Meditation,playlist_3
25,Female,Tired,7,Fair,6,Classical,Malayalam,Exercise,playlist_5
36,Female,Tired,7,Poor,5,Nature Sounds,Hindi,Relaxation,playlist_5
65,Female,Tired,10,Good,1,Pop,Kannada,Exercise,playlist_5
38,Other,Anxiety,9,Poor,10,Classical,Other,Sleeping,playlist_2
55,Male,Sad,7,Poor,3,Classical,Telugu,Studying,playlist_1
31,Female,Angry,1,Poor,7,Instrumental,Tamil,Meditation,playlist_3
26,Male,Tired,8,Poor,9,Pop,Malayalam,Sleeping,playlist_2
71,Female,Happy,8,Good,9,Instrumental,Hindi,Relaxation,playlist_1
60,Female,Tired,4,Poor,6,Classical,Tamil,Exercise,playlist_5
46,Male,Sad,8,Fair,3,Classical,Malayalam,Studying,playlist_1
29,Male,Sad,4,Good,1,Nature Sounds,Tamil,Exercise,playlist_5
30,Female,Angry,8,Poor,3,Instrumental,Hindi,Exercise,playlist_4
68,Female,Anxiety,5,Good,10,Lo-fi,Kannada,Exercise,playlist_5
36,Female,Angry,4,Poor,2,Pop,Kannada,Exercise,playlist_5
42,Male,Tired,6,Fair,5,Instrumental,Other,Studying,playlist_1
34,Male,Happy,2,Fair,8,Classical,Tamil,Sleeping,playlist_1
47,Male,Angry,2,Fair,5,Nature Sounds,Tamil,Relaxation,playlist_4
24,Prefer not to say,Anxiety,2,Good,1,Pop,Malayalam,Sleeping,playlist_3
54,Female,Angry,9,Fair,3,Pop,Spanish,Studying,playlist_1
46,Male,Sad,10,Poor,5,Nature Sounds,Other,Relaxation,playlist_2
64,Male,Tired,3,Poor,7,Classical,English,Meditation,playlist_3
74,Female,Tired,10,Poor,5,Lo-fi,Telugu,Sleeping,playlist_2
47,Male,Tired,4,Good,10,Nature Sounds,Other,Studying,playlist_1
16,Other,Tired,10,Good,5,Lo-fi,Malayalam,Studying,playlist_1
47,Female,Tired,8,Fair,7,Instrumental,Tamil,Studying,playlist_1
47,Male,Tired,4,Good,8,Pop,Tamil,Relaxation,playlist_5
55,Male,Happy,10,Poor,8,Classical,Telugu,Exercise,playlist_1
27,Female,Anxiety,10,Poor,7,Lo-fi,Hindi,Meditation,playlist_3
44,Male,Tired,7,Poor,3,Classical,Spanish,Relaxation,playlist_5
47,Female,Anxiety,5,Good,2,Instrumental,Kannada,Relaxation,playlist_3
27,Male,Tired,9,Poor,1,Lo-fi,Hindi,Sleeping,playlist_2
66,Male,Angry,4,Fair,6,Classical,Spanish,Meditation,playlist_4
40,Female,Tired,3,Good,9,Classical,Telugu,Studying,playlist_1
36,Female,Sad,2,Poor,3,Instrumental,Telugu,Relaxation,playlist_2
53,Male,Happy,1,Poor,5,Nature Sounds,English,Meditation,playlist_1
16,Male,Angry,6,Good,9,Instrumental,Other,Sleeping,playlist_4
52,Female,Angry,10,Good,9,Lo-fi,Malayalam,Exercise,playlist_4
53,Female,Sad,2,Fair,7,Lo-fi,Malayalam,Meditation,playlist_3
40,Male,Tired,8,Good,4,Pop,Malayalam,Studying,playlist_1
60,Female,Happy,6,Poor,2,Classical,Spanish,Relaxation,playlist_1
72,Male,Angry,5,Fair,2,Lo-fi,Malayalam,Exercise,playlist_5
64,Male,Happy,2,Poor,4,Nature Sounds,English,Sleeping,playlist_1
29,Female,Angry,7,Poor,1,Nature Sounds,Kannada,Studying,playlist_1
48,Female,Tired,2,Poor,4,Instrumental,Malayalam,Exercise,playlist_5
56,Male,Angry,5,Good,6,Lo-fi,Tamil,Sleeping,playlist_4
69,Male,Angry,2,Good,6,Lo-fi,Telugu,Studying,playlist_1
58,Male,Anxiety,10,Poor,7,Pop,English,Relaxation,playlist_3
63,Female,Tired,2,Good,5,Pop,Other,Sleeping,playlist_5
54,Male,Sad,7,Poor,9,Pop,Hindi,Exercise,playlist_2
25,Male,Sad,9,Good,2,Lo-fi,Malayalam,Studying,playlist_1
17,Male,Tired,5,Good,2,Instrumental,English,Meditation,playlist_5
73,Male,Sad,7,Good,4,Instrumental,Hindi,Studying,playlist_1
20,Female,Tired,4,Fair,4,Instrumental,English,Exercise,playlist_5
23,Male,Sad,2,Good,4,Instrumental,Hindi,Exercise,playlist_5
20,Female,Anxiety,3,Fair,1,Nature Sounds,English,Meditation,playlist_3
23,Male,Sad,2,Fair,4,Lo-fi,English,Exercise,playlist_5
53,Female,Angry,5,Fair,5,Classical,Spanish,Studying,playlist_1
45,Male,Tired,6,Poor,9,Lo-fi,Malayalam,Sleeping,playlist_5
46,Male,Happy,7,Good,3,Instrumental,Kannada,Studying,playlist_1
55,Male,Happy,3,Poor,3,Nature Sounds,Tamil,Exercise,playlist_5
64,Female,Tired,4,Fair,5,Nature Sounds,Telugu,Meditation,playlist_5
26,Female,Anxiety,8,Good,10,Lo-fi,Tamil,Meditation,playlist_3
22,Male,Sad,4,Poor,6,Classical,Kannada,Relaxation,playlist_2
22,Male,Anxiety,7,Fair,3,Instrumental,Spanish,Meditation,playlist_3
64,Male,Happy,6,Poor,1,Nature Sounds,Malayalam,Meditation,playlist_1
42,Female,Tired,7,Poor,10,Instrumental,Hindi,Exercise,playlist_5
34,Female,Tired,1,Good,8,Instrumental,Spanish,Sleeping,playlist_5
61,Prefer not to say,Anxiety,3,Good,1,Instrumental,Other,Sleeping,playlist_3
73,Female,Anxiety,6,Poor,2,Pop,Tamil,Exercise,playlist_3
21,Male,Sad,3,Good,3,Instrumental,Telugu,Meditation,playlist_2
25,Female,Angry,7,Good,6,Instrumental,Malayalam,Studying,playlist_1
34,Male,Angry,9,Poor,4,Classical,Telugu,Sleeping,playlist_2
30,Female,Sad,3,Good,4,Classical,Other,Exercise,playlist_5
18,Male,Angry,1,Good,9,Pop,Other,Studying,playlist_1
20,Male,Happy,10,Fair,6,Pop,Hindi,Meditation,playlist_1
72,Male,Angry,6,Good,2,Instrumental,Spanish,Exercise,playlist_4
36,Male,Sad,1,Fair,7,Nature Sounds,Spanish,Sleeping,playlist_2
40,Female,Angry,1,Poor,3,Nature Sounds,Telugu,Studying,playlist_1
17,Female,Tired,8,Fair,9,Lo-fi,Kannada,Studying,playlist_1
55,Female,Anxiety,9,Poor,6,Nature Sounds,Tamil,Sleeping,playlist_2
74,Prefer not to say,Happy,2,Good,8,Nature Sounds,Telugu,Studying,playlist_1
56,Male,Tired,9,Good,1,Classical,Tamil,Sleeping,playlist_2
28,Female,Tired,5,Fair,2,Lo-fi,English,Exercise,playlist_5
25,Female,Sad,8,Poor,6,Lo-fi,Other,Relaxation,playlist_2
32,Female,Anxiety,7,Good,3,Classical,Other,Meditation,playlist_3
68,Male,Anxiety,7,Fair,1,Nature Sounds,Tamil,Exercise,playlist_3
26,Male,Happy,4,Fair,6,Nature Sounds,Hindi,Meditation,playlist_1
37,Male,Sad,2,Fair,5,Lo-fi,Kannada,Meditation,playlist_2
26,Prefer not to say,Happy,5,Good,9,Nature Sounds,Malayalam,Sleeping,playlist_1
27,Female,Angry,3,Poor,6,Lo-fi,Telugu,Relaxation,playlist_4
39,Male,Tired,9,Good,5,Nature Sounds,Malayalam,Meditation,playlist_5
59,Female,Happy,6,Good,1,Instrumental,Kannada,Meditation,playlist_1
65,Male,Tired,1,Poor,1,Classical,Tamil,Exercise,playlist_5
72,Male,Sad,3,Fair,1,Pop,Telugu,Relaxation,playlist_2
33,Female,Angry,4,Good,7,Instrumental,Kannada,Relaxation,playlist_4
69,Male,Sad,9,Fair,6,Nature Sounds,Hindi,Meditation,playlist_2
60,Male,Angry,6,Fair,5,Pop,English,Relaxation,playlist_4
50,Female,Angry,4,Poor,4,Instrumental,Spanish,Exercise,playlist_5
59,Female,Tired,1,Poor,8,Classical,English,Sleeping,playlist_5
22,Prefer not to say,Sad,8,Poor,8,Pop,Hindi,Meditation,playlist_3
43,Male,Sad,2,Fair,5,Pop,Malayalam,Studying,playlist_1
69,Male,Happy,8,Fair,4,Classical,English,Meditation,playlist_1
67,Male,Sad,6,Good,2,Instrumental,Hindi,Meditation,playlist_2
69,Female,Happy,8,Fair,7,Pop,Tamil,Sleeping,playlist_2
46,Male,Anxiety,6,Poor,5,Classical,Malayalam,Studying,playlist_1
65,Male,Anxiety,5,Poor,3,Instrumental,Malayalam,Studying,playlist_1
58,Male,Anxiety,5,Poor,9,Nature Sounds,Spanish,Studying,playlist_1
32,Female,Sad,10,Poor,9,Lo-fi,Hindi,Sleeping,playlist_2
20,Male,Sad,10,Fair,10,Nature Sounds,English,Relaxation,playlist_2
32,Male,Happy,8,Poor,8,Nature Sounds,Spanish,Studying,playlist_1
33,Male,Angry,7,Good,1,Lo-fi,Spanish,Relaxation,playlist_4
36,Male,Happy,8,Fair,3,Nature Sounds,Tamil,Exercise,playlist_1
51,Male,Anxiety,8,Poor,2,Nature Sounds,Malayalam,Sleeping,playlist_2
46,Male,Happy,7,Good,4,Classical,Hindi,Relaxation,playlist_1
70,Female,Angry,2,Poor,2,Classical,Hindi,Studying,playlist_1
55,Male,Sad,9,Fair,8,Instrumental,Other,Studying,playlist_1
73,Male,Happy,7,Fair,1,Pop,Spanish,Relaxation,playlist_1
17,Male,Anxiety,6,Good,4,Instrumental,Other,Relaxation,playlist_3
42,Prefer not to say,Anxiety,9,Fair,5,Classical,Malayalam,Exercise,playlist_3
24,Male,Sad,1,Good,10,Classical,Malayalam,Sleeping,playlist_2
65,Female,Happy,2,Poor,4,Lo-fi,Tamil,Meditation,playlist_1
49,Female,Angry,1,Fair,8,Lo-fi,Other,Exercise,playlist_5
43,Male,Sad,10,Poor,2,Classical,Malayalam,Exercise,playlist_2
68,Male,Happy,3,Poor,9,Nature Sounds,Telugu,Exercise,playlist_5
29,Female,Tired,5,Fair,2,Instrumental,Other,Studying,playlist_1
47,Female,Anxiety,1,Poor,2,Classical,English,Relaxation,playlist_3
21,Female,Angry,4,Good,2,Classical,Malayalam,Sleeping,playlist_4
26,Female,Angry,8,Good,10,Lo-fi,Telugu,Studying,playlist_1
63,Male,Angry,6,Good,8,Instrumental,Other,Exercise,playlist_4
44,Female,Anxiety,1,Fair,3,Instrumental,Tamil,Sleeping,playlist_3
35,Male,Happy,1,Poor,10,Pop,Tamil,Studying,playlist_1
45,Female,Sad,3,Poor,10,Classical,Kannada,Meditation,playlist_3
72,Female,Happy,10,Poor,8,Pop,Other,Exercise,playlist_1
38,Male,Sad,8,Poor,7,Lo-fi,Kannada,Studying,playlist_1
34,Male,Angry,8,Good,10,Pop,Tamil,Studying,playlist_1
51,Male,Happy,3,Fair,4,Nature Sounds,Other,Exercise,playlist_5
18,Male,Angry,7,Good,7,Classical,Kannada,Meditation,playlist_3
42,Female,Tired,3,Good,8,Classical,Hindi,Relaxation,playlist_5
58,Female,Angry,4,Fair,6,Instrumental,Telugu,Meditation,playlist_4
34,Female,Angry,9,Fair,6,Pop,Tamil,Exercise,playlist_4
74,Male,Sad,4,Good,3,Instrumental,Hindi,Relaxation,playlist_2
38,Male,Tired,3,Poor,5,Pop,English,Studying,playlist_1
64,Male,Angry,5,Fair,10,Pop,Other,Meditation,playlist_3
63,Male,Angry,7,Fair,2,Lo-fi,English,Meditation,playlist_4
65,Female,Tired,5,Good,5,Pop,Kannada,Relaxation,playlist_5
46,Female,Tired,4,Poor,5,Instrumental,Kannada,Studying,playlist_1
55,Male,Happy,8,Fair,7,Pop,Hindi,Meditation,playlist_3
50,Female,Sad,4,Good,4,Pop,English,Relaxation,playlist_2
72,Male,Tired,2,Fair,6,Classical,Malayalam,Meditation,playlist_5
67,Male,Tired,10,Poor,9,Classical,Tamil,Studying,playlist_1
48,Male,Anxiety,6,Good,4,Classical,Other,Studying,playlist_1
50,Female,Tired,2,Good,6,Nature Sounds,Malayalam,Sleeping,playlist_5
16,Female,Sad,3,Poor,9,Classical,Other,Relaxation,playlist_2
29,Male,Angry,1,Good,10,Nature Sounds,Telugu,Exercise,playlist_5
48,Female,Angry,5,Poor,1,Nature Sounds,Spanish,Meditation,playlist_4
50,Female,Angry,9,Good,8,Instrumental,Kannada,Studying,playlist_1
20,Male,Angry,2,Poor,1,Classical,Hindi,Meditation,playlist_4
53,Female,Anxiety,7,Fair,4,Pop,Malayalam,Meditation,playlist_3
56,Female,Tired,5,Fair,3,Lo-fi,Kannada,Exercise,playlist_5
65,Male,Angry,2,Fair,4,Pop,Hindi,Studying,playlist_1
65,Female,Happy,8,Good,7,Classical,English,Sleeping,playlist_2
72,Male,Angry,6,Poor,9,Pop,Kannada,Relaxation,playlist_4
68,Female,Tired,4,Poor,9,Classical,Spanish,Meditation,playlist_3
26,Other,Angry,4,Fair,10,Classical,Other,Exercise,playlist_5
17,Male,Anxiety,2,Fair,1,Pop,Malayalam,Exercise,playlist_5
59,Male,Sad,3,Fair,10,Nature Sounds,Hindi,Relaxation,playlist_2
32,Male,Sad,7,Poor,1,Instrumental,Hindi,Relaxation,playlist_2
54,Male,Tired,3,Fair,9,Instrumental,Other,Studying,playlist_1
35,Male,Sad,5,Good,4,Instrumental,Malayalam,Meditation,playlist_2
29,Female,Sad,10,Fair,3,Instrumental,Spanish,Meditation,playlist_2
47,Male,Happy,6,Fair,9,Lo-fi,Kannada,Relaxation,playlist_1
49,Male,Tired,6,Poor,5,Classical,Telugu,Sleeping,playlist_5
40,Female,Tired,4,Good,6,Lo-fi,Tamil,Meditation,playlist_5
22,Female,Sad,6,Poor,1,Instrumental,Spanish,Exercise,playlist_2
50,Male,Sad,3,Good,1,Instrumental,English,Relaxation,playlist_2
62,Female,Sad,7,Good,7,Pop,Malayalam,Meditation,playlist_3
44,Other,Anxiety,7,Fair,10,Instrumental,Spanish,Studying,playlist_1
37,Male,Angry,4,Fair,8,Classical,Malayalam,Relaxation,playlist_4
56,Male,Anxiety,2,Poor,8,Instrumental,Kannada,Exercise,playlist_5
58,Female,Tired,7,Poor,7,Instrumental,Kannada,Studying,playlist_1
28,Female,Happy,3,Poor,9,Lo-fi,Telugu,Relaxation,playlist_1
28,Male,Angry,1,Good,1,Classical,English,Relaxation,playlist_4
16,Male,Happy,2,Poor,2,Nature Sounds,Kannada,Meditation,playlist_1
69,Female,Tired,10,Good,3,Pop,Telugu,Studying,playlist_1
51,Prefer not to say,Tired,9,Good,5,Nature Sounds,Malayalam,Relaxation,playlist_5
19,Female,Happy,8,Good,4,Lo-fi,Tamil,Exercise,playlist_1
52,Prefer not to say,Happy,6,Good,4,Instrumental,Hindi,Studying,playlist_1
59,Female,Happy,6,Good,8,Pop,Tamil,Meditation,playlist_3
55,Other,Tired,1,Fair,8,Classical,Tamil,Sleeping,playlist_5
68,Female,Sad,2,Good,7,Pop,Tamil,Relaxation,playlist_2
74,Other,Happy,4,Good,1,Lo-fi,Tamil,Sleeping,playlist_1
61,Male,Angry,3,Fair,10,Instrumental,Hindi,Relaxation,playlist_4
28,Female,Tired,1,Fair,4,Lo-fi,Malayalam,Meditation,playlist_5
70,Male,Anxiety,8,Fair,1,Classical,English,Meditation,playlist_3
53,Male,Anxiety,7,Poor,5,Nature Sounds,English,Meditation,playlist_3
39,Female,Angry,4,Poor,3,Instrumental,Malayalam,Meditation,playlist_4
34,Male,Sad,9,Good,3,Instrumental,Telugu,Studying,playlist_1
16,Male,Happy,4,Good,4,Lo-fi,Telugu,Studying,playlist_1
53,Prefer not to say,Tired,1,Good,2,Lo-fi,Kannada,Relaxation,playlist_5
20,Female,Happy,10,Good,7,Lo-fi,Other,Studying,playlist_1
31,Other,Tired,1,Fair,4,Instrumental,Tamil,Relaxation,playlist_5
73,Prefer not to say,Anxiety,1,Poor,5,Lo-fi,Tamil,Studying,playlist_1
39,Male,Happy,1,Fair,2,Pop,Hindi,Studying,playlist_1
71,Male,Angry,4,Poor,6,Pop,Tamil,Studying,playlist_1
42,Male,Sad,1,Fair,9,Pop,Hindi,Exercise,playlist_5
16,Female,Angry,2,Good,8,Instrumental,Kannada,Meditation,playlist_3
49,Female,Sad,4,Poor,8,Lo-fi,Spanish,Exercise,playlist_5
51,Female,Happy,7,Good,2,Classical,Telugu,Studying,playlist_1
19,Male,Happy,2,Poor,4,Lo-fi,Telugu,Studying,playlist_1
15,Male,Sad,8,Poor,8,Instrumental,Kannada,Exercise,playlist_2
54,Male,Anxiety,7,Good,1,Pop,Other,Relaxation,playlist_3
26,Male,Tired,9,Good,8,Instrumental,Kannada,Meditation,playlist_3
70,Female,Angry,6,Good,3,Lo-fi,Malayalam,Relaxation,playlist_4
50,Male,Angry,4,Fair,8,Instrumental,Tamil,Meditation,playlist_3
59,Male,Angry,6,Poor,6,Classical,Telugu,Sleeping,playlist_4
37,Male,Happy,4,Poor,7,Instrumental,English,Meditation,playlist_3
61,Female,Angry,7,Poor,2,Nature Sounds,Other,Relaxation,playlist_4
45,Male,Tired,9,Good,1,Instrumental,Kannada,Meditation,playlist_5
25,Male,Tired,3,Poor,6,Lo-fi,Telugu,Sleeping,playlist_5
24,Female,Sad,3,Poor,3,Nature Sounds,Other,Sleeping,playlist_2
17,Other,Happy,2,Good,4,Pop,Telugu,Studying,playlist_1
68,Other,Tired,1,Good,9,Lo-fi,Other,Sleeping,playlist_5
28,Male,Anxiety,1,Poor,3,Classical,Hindi,Exercise,playlist_5
30,Female,Happy,3,Fair,2,Instrumental,Spanish,Relaxation,playlist_1
24,Male,Happy,7,Good,2,Instrumental,Telugu,Exercise,playlist_1
43,Male,Tired,9,Fair,2,Lo-fi,Kannada,Exercise,playlist_5
24,Female,Anxiety,2,Fair,6,Instrumental,Spanish,Relaxation,playlist_3
26,Male,Sad,7,Fair,2,Instrumental,Spanish,Exercise,playlist_2
44,Female,Tired,1,Fair,7,Pop,Tamil,Exercise,playlist_5
55,Other,Anxiety,2,Good,7,Instrumental,Other,Exercise,playlist_5
15,Male,Happy,6,Poor,7,Instrumental,Other,Sleeping,playlist_1
19,Male,Anxiety,5,Poor,2,Pop,Telugu,Relaxation,playlist_3
34,Male,Happy,8,Good,7,Instrumental,English,Relaxation,playlist_1
22,Female,Tired,2,Good,10,Pop,Kannada,Relaxation,playlist_5
57,Other,Tired,1,Fair,8,Classical,Tamil,Exercise,playlist_5
26,Female,Angry,7,Fair,8,Instrumental,Malayalam,Sleeping,playlist_2
15,Female,Angry,6,Good,2,Lo-fi,Tamil,Relaxation,playlist_4
71,Male,Angry,8,Poor,5,Nature Sounds,Kannada,Meditation,playlist_4
68,Female,Tired,8,Fair,6,Classical,Malayalam,Relaxation,playlist_5
34,Male,Sad,2,Good,9,Instrumental,Tamil,Studying,playlist_1
42,Prefer not to say,Tired,8,Good,6,Lo-fi,Other,Meditation,playlist_5
71,Male,Anxiety,6,Good,10,Nature Sounds,English,Relaxation,playlist_3
57,Female,Tired,9,Fair,6,Pop,Telugu,Exercise,playlist_5
51,Male,Tired,7,Good,10,Instrumental,Kannada,Relaxation,playlist_5
61,Male,Happy,2,Poor,10,Pop,Telugu,Sleeping,playlist_1
51,Female,Happy,8,Good,6,Classical,Telugu,Sleeping,playlist_2
26,Female,Happy,9,Fair,9,Nature Sounds,Tamil,Relaxation,playlist_1
51,Female,Tired,7,Poor,10,Nature Sounds,Kannada,Exercise,playlist_5
63,Female,Sad,4,Poor,7,Pop,Telugu,Exercise,playlist_5
63,Male,Anxiety,9,Good,1,Pop,Hindi,Exercise,playlist_3
70,Female,Anxiety,4,Good,1,Classical,Other,Relaxation,playlist_3
58,Female,Sad,4,Poor,4,Lo-fi,English,Relaxation,playlist_2
70,Male,Sad,9,Good,2,Instrumental,Malayalam,Studying,playlist_1
42,Female,Anxiety,8,Fair,3,Lo-fi,Tamil,Sleeping,playlist_2
61,Prefer not to say,Angry,4,Poor,7,Nature Sounds,Kannada,Meditation,playlist_3
29,Female,Happy,8,Good,7,Instrumental,Kannada,Meditation,playlist_3
20,Male,Happy,8,Poor,3,Classical,Tamil,Sleeping,playlist_2
58,Female,Anxiety,7,Good,2,Lo-fi,Telugu,Studying,playlist_1
73,Male,Sad,10,Good,1,Lo-fi,Tamil,Sleeping,playlist_2
34,Female,Angry,6,Fair,9,Instrumental,Spanish,Studying,playlist_1
64,Female,Anxiety,8,Good,10,Classical,Other,Studying,playlist_1
28,Other,Happy,7,Good,3,Classical,Kannada,Exercise,playlist_1
16,Female,Tired,5,Good,9,Lo-fi,Hindi,Sleeping,playlist_5
23,Male,Sad,4,Fair,4,Lo-fi,Spanish,Meditation,playlist_2
51,Female,Tired,2,Good,10,Pop,Telugu,Relaxation,playlist_5
34,Male,Anxiety,8,Good,6,Instrumental,Other,Relaxation,playlist_3
40,Male,Happy,9,Good,7,Classical,Malayalam,Sleeping,playlist_2
43,Male,Angry,4,Poor,10,Nature Sounds,Tamil,Relaxation,playlist_4
15,Male,Tired,4,Fair,6,Instrumental,Kannada,Studying,playlist_1
69,Prefer not to say,Angry,5,Poor,1,Pop,Malayalam,Relaxation,playlist_4
49,Female,Happy,2,Fair,6,Instrumental,Kannada,Studying,playlist_1
20,Female,Tired,7,Fair,6,Lo-fi,Kannada,Studying,playlist_1
51,Male,Angry,5,Poor,5,Instrumental,Hindi,Meditation,playlist_4
67,Female,Angry,6,Fair,3,Instrumental,Telugu,Relaxation,playlist_4
73,Female,Tired,4,Fair,10,Instrumental,Tamil,Meditation,playlist_3
19,Male,Happy,8,Poor,3,Nature Sounds,Telugu,Relaxation,playlist_1
47,Prefer not to say,Angry,8,Good,10,Pop,Kannada,Studying,playlist_1
63,Female,Anxiety,5,Fair,7,Instrumental,Hindi,Relaxation,playlist_3
65,Female,Tired,6,Poor,8,Instrumental,Malayalam,Meditation,playlist_3
28,Male,Sad,3,Fair,3,Nature Sounds,Spanish,Exercise,playlist_5
26,Male,Sad,1,Poor,3,Classical,Hindi,Meditation,playlist_2
56,Female,Happy,9,Good,7,Instrumental,Kannada,Exercise,playlist_1
34,Female,Anxiety,9,Fair,10,Instrumental,Telugu,Sleeping,playlist_2
67,Female,Angry,3,Good,7,Classical,Malayalam,Meditation,playlist_3
64,Other,Sad,4,Good,9,Instrumental,Telugu,Relaxation,playlist_2
38,Female,Happy,7,Poor,6,Instrumental,Hindi,Exercise,playlist_1
73,Female,Anxiety,2,Fair,7,Instrumental,Other,Relaxation,playlist_3
57,Male,Anxiety,3,Fair,10,Pop,Malayalam,Exercise,playlist_5
48,Female,Happy,6,Fair,1,Lo-fi,English,Meditation,playlist_1
39,Male,Happy,8,Fair,7,Pop,Hindi,Meditation,playlist_3
64,Male,Angry,1,Fair,2,Classical,Other,Relaxation,playlist_4
43,Prefer not to say,Happy,4,Poor,7,Pop,Malayalam,Meditation,playlist_3
71,Male,Angry,1,Fair,3,Pop,Other,Relaxation,playlist_4
53,Male,Angry,2,Good,9,Nature Sounds,Hindi,Studying,playlist_1
45,Male,Tired,8,Good,5,Classical,Tamil,Exercise,playlist_5
70,Male,Anxiety,6,Fair,7,Classical,Hindi,Relaxation,playlist_3
61,Male,Anxiety,9,Poor,8,Classical,Other,Exercise,playlist_3
57,Male,Anxiety,2,Poor,2,Pop,Other,Studying,playlist_1
64,Female,Tired,3,Fair,1,Classical,Spanish,Exercise,playlist_5
37,Female,Angry,9,Good,7,Nature Sounds,Other,Relaxation,playlist_4
58,Female,Angry,9,Fair,6,Instrumental,English,Meditation,playlist_4
52,Prefer not to say,Happy,6,Fair,6,Pop,Malayalam,Exercise,playlist_1
34,Female,Tired,3,Fair,2,Instrumental,Other,Exercise,playlist_5
37,Male,Happy,5,Poor,3,Instrumental,Other,Studying,playlist_1
59,Male,Tired,2,Poor,4,Pop,Other,Sleeping,playlist_5
66,Female,Happy,7,Good,3,Pop,Malayalam,Meditation,playlist_1
30,Female,Sad,10,Good,2,Classical,Hindi,Relaxation,playlist_2
64,Male,Anxiety,8,Fair,3,Nature Sounds,Telugu,Studying,playlist_1
56,Male,Anxiety,6,Good,6,Pop,Tamil,Relaxation,playlist_3
74,Female,Angry,8,Fair,9,Instrumental,Spanish,Relaxation,playlist_4
69,Female,Sad,2,Good,4,Pop,Tamil,Exercise,playlist_5
22,Female,Anxiety,3,Fair,6,Nature Sounds,Hindi,Studying,playlist_1
64,Male,Angry,7,Poor,1,Lo-fi,Tamil,Studying,playlist_1
35,Female,Sad,10,Fair,6,Instrumental,Tamil,Meditation,playlist_2
15,Female,Anxiety,1,Poor,3,Lo-fi,Hindi,Sleeping,playlist_3
69,Female,Happy,7,Poor,9,Lo-fi,English,Relaxation,playlist_1
22,Female,Tired,6,Good,4,Nature Sounds,Malayalam,Meditation,playlist_5
43,Female,Sad,8,Good,7,Pop,Hindi,Meditation,playlist_3
46,Female,Angry,7,Poor,4,Lo-fi,Telugu,Relaxation,playlist_4
52,Female,Sad,4,Fair,6,Classical,Kannada,Exercise,playlist_5
19,Male,Angry,3,Fair,7,Pop,English,Exercise,playlist_5
61,Female,Sad,3,Good,2,Instrumental,Hindi,Relaxation,playlist_2
36,Female,Angry,4,Fair,10,Pop,English,Studying,playlist_1
61,Female,Anxiety,9,Fair,6,Nature Sounds,Kannada,Sleeping,playlist_2
48,Prefer not to say,Happy,9,Fair,8,Nature Sounds,Tamil,Exercise,playlist_1
15,Prefer not to say,Anxiety,2,Poor,6,Instrumental,Tamil,Sleeping,playlist_3
69,Female,Happy,5,Poor,2,Instrumental,Kannada,Meditation,playlist_1
69,Male,Anxiety,1,Fair,4,Instrumental,Tamil,Meditation,playlist_3
40,Male,Anxiety,4,Good,1,Nature Sounds,English,Relaxation,playlist_3
57,Other,Sad,2,Fair,7,Pop,Tamil,Relaxation,playlist_2
24,Male,Tired,8,Good,8,Lo-fi,Kannada,Relaxation,playlist_5
44,Prefer not to say,Angry,4,Poor,10,Lo-fi,Kannada,Exercise,playlist_5
64,Male,Angry,5,Fair,2,Classical,Malayalam,Sleeping,playlist_4
32,Female,Angry,4,Fair,10,Nature Sounds,Kannada,Meditation,playlist_3
31,Female,Happy,5,Good,5,Instrumental,Telugu,Sleeping,playlist_1
40,Male,Angry,5,Good,8,Pop,Spanish,Exercise,playlist_5
22,Other,Angry,5,Fair,8,Nature Sounds,English,Sleeping,playlist_4
61,Female,Sad,3,Fair,5,Classical,Kannada,Sleeping,playlist_2
54,Male,Anxiety,7,Good,8,Lo-fi,Malayalam,Relaxation,playlist_3
63,Male,Angry,3,Poor,6,Pop,English,Sleeping,playlist_4
26,Female,Tired,2,Good,5,Lo-fi,Other,Sleeping,playlist_5
41,Male,Angry,3,Fair,4,Pop,Malayalam,Sleeping,playlist_4
22,Female,Happy,3,Poor,5,Instrumental,Telugu,Studying,playlist_1
39,Male,Happy,8,Poor,4,Pop,Other,Meditation,playlist_1
60,Male,Happy,4,Poor,1,Instrumental,English,Meditation,playlist_1
18,Male,Angry,3,Poor,3,Nature Sounds,Hindi,Sleeping,playlist_4
47,Male,Sad,10,Fair,8,Lo-fi,Spanish,Relaxation,playlist_2
15,Male,Tired,5,Poor,7,Pop,Spanish,Relaxation,playlist_5
33,Prefer not to say,Angry,4,Good,7,Pop,Telugu,Relaxation,playlist_4
45,Male,Sad,9,Good,3,Classical,Telugu,Meditation,playlist_2
30,Male,Sad,8,Good,9,Lo-fi,Tamil,Exercise,playlist_2
28,Male,Angry,7,Fair,6,Nature Sounds,Kannada,Sleeping,playlist_2
67,Female,Angry,8,Poor,8,Instrumental,Other,Meditation,playlist_3
62,Female,Sad,5,Good,8,Nature Sounds,Telugu,Relaxation,playlist_2
19,Female,Sad,4,Good,3,Classical,Spanish,Meditation,playlist_2
55,Male,Sad,7,Good,4,Nature Sounds,English,Meditation,playlist_2
40,Female,Angry,1,Poor,6,Instrumental,Hindi,Meditation,playlist_4
42,Female,Sad,6,Good,2,Lo-fi,English,Relaxation,playlist_2
16,Female,Happy,8,Poor,7,Classical,Spanish,Exercise,playlist_1
64,Male,Angry,7,Poor,2,Pop,English,Studying,playlist_1
20,Female,Happy,2,Poor,5,Pop,Hindi,Sleeping,playlist_1
23,Male,Anxiety,7,Fair,4,Lo-fi,Other,Sleeping,playlist_2
47,Male,Angry,6,Fair,9,Nature Sounds,Malayalam,Meditation,playlist_3
55,Male,Anxiety,5,Poor,2,Pop,Tamil,Exercise,playlist_5
39,Male,Sad,4,Poor,7,Classical,Spanish,Relaxation,playlist_2
62,Male,Sad,1,Fair,7,Instrumental,Kannada,Studying,playlist_1
27,Female,Tired,2,Fair,7,Nature Sounds,Other,Studying,playlist_1
23,Female,Sad,7,Poor,1,Instrumental,Spanish,Meditation,playlist_2
67,Female,Anxiety,10,Fair,8,Nature Sounds,Telugu,Meditation,playlist_3
27,Male,Sad,3,Good,2,Classical,Kannada,Relaxation,playlist_2
45,Female,Angry,5,Poor,5,Instrumental,Tamil,Relaxation,playlist_4
55,Female,Sad,8,Poor,2,Classical,Malayalam,Relaxation,playlist_2
25,Male,Tired,8,Fair,5,Instrumental,Hindi,Meditation,playlist_5
18,Female,Sad,6,Good,7,Nature Sounds,Kannada,Exercise,playlist_2
48,Female,Anxiety,5,Fair,6,Classical,Spanish,Meditation,playlist_3
52,Male,Anxiety,2,Good,5,Nature Sounds,English,Meditation,playlist_3
60,Male,Sad,9,Good,4,Nature Sounds,Telugu,Studying,playlist_1
18,Male,Anxiety,1,Poor,8,Instrumental,Telugu,Relaxation,playlist_3
52,Prefer not to say,Anxiety,2,Good,8,Instrumental,Malayalam,Sleeping,playlist_3
33,Male,Tired,1,Poor,1,Classical,Tamil,Relaxation,playlist_5
20,Male,Angry,4,Good,10,Pop,Tamil,Exercise,playlist_5
48,Female,Tired,4,Poor,2,Lo-fi,Other,Exercise,playlist_5
32,Female,Happy,5,Good,3,Instrumental,Hindi,Relaxation,playlist_1
27,Male,Tired,5,Fair,1,Nature Sounds,Tamil,Relaxation,playlist_5
55,Female,Sad,8,Good,3,Lo-fi,Kannada,Meditation,playlist_2
37,Female,Angry,3,Fair,10,Classical,Telugu,Sleeping,playlist_4
33,Female,Sad,6,Good,8,Lo-fi,Hindi,Meditation,playlist_3
59,Female,Happy,3,Good,4,Lo-fi,Spanish,Studying,playlist_1
25,Male,Angry,2,Poor,7,Pop,Tamil,Studying,playlist_1
15,Other,Anxiety,8,Good,7,Pop,English,Exercise,playlist_3
38,Female,Tired,1,Good,5,Lo-fi,Telugu,Exercise,playlist_5
68,Other,Sad,9,Good,1,Pop,Hindi,Sleeping,playlist_2
21,Female,Happy,7,Fair,10,Pop,Telugu,Exercise,playlist_1
39,Female,Anxiety,10,Poor,4,Lo-fi,Kannada,Studying,playlist_1
35,Male,Tired,4,Poor,7,Instrumental,Malayalam,Sleeping,playlist_5
29,Male,Anxiety,3,Good,5,Pop,Tamil,Studying,playlist_1
15,Male,Tired,6,Good,2,Lo-fi,Malayalam,Relaxation,playlist_5
26,Male,Angry,9,Fair,8,Instrumental,Spanish,Relaxation,playlist_4
72,Female,Anxiety,9,Good,2,Pop,Tamil,Sleeping,playlist_2
21,Male,Anxiety,4,Poor,8,Lo-fi,Tamil,Meditation,playlist_3
29,Male,Anxiety,10,Poor,2,Pop,Other,Exercise,playlist_3
35,Female,Angry,5,Fair,5,Instrumental,Other,Sleeping,playlist_4
33,Other,Happy,9,Fair,4,Lo-fi,Spanish,Exercise,playlist_1
74,Female,Tired,2,Poor,1,Instrumental,English,Studying,playlist_1
43,Female,Anxiety,2,Fair,8,Nature Sounds,Kannada,Meditation,playlist_3
39,Female,Angry,5,Good,10,Classical,Other,Exercise,playlist_5
47,Female,Happy,1,Good,3,Nature Sounds,English,Relaxation,playlist_1
63,Female,Tired,8,Fair,4,Pop,Spanish,Relaxation,playlist_5
46,Prefer not to say,Angry,5,Poor,4,Instrumental,Kannada,Studying,playlist_1
63,Male,Tired,10,Fair,5,Lo-fi,Kannada,Sleeping,playlist_2
49,Female,Anxiety,2,Poor,3,Instrumental,Spanish,Exercise,playlist_5
58,Female,Happy,9,Fair,9,Pop,Kannada,Studying,playlist_1
52,Female,Angry,2,Fair,4,Lo-fi,Tamil,Relaxation,playlist_4
40,Female,Happy,7,Fair,10,Nature Sounds,Other,Relaxation,playlist_1
25,Female,Anxiety,8,Good,4,Instrumental,Spanish,Relaxation,playlist_3
49,Female,Happy,6,Good,6,Classical,Tamil,Meditation,playlist_1
22,Male,Happy,7,Poor,8,Pop,Other,Meditation,playlist_3
60,Male,Sad,1,Fair,7,Pop,Other,Relaxation,playlist_2
28,Male,Happy,4,Good,4,Instrumental,Tamil,Sleeping,playlist_1
24,Male,Tired,7,Fair,4,Nature Sounds,Other,Meditation,playlist_5
16,Male,Angry,1,Poor,5,Nature Sounds,English,Exercise,playlist_5
60,Female,Sad,1,Good,10,Classical,Hindi,Meditation,playlist_3
23,Female,Angry,6,Poor,5,Classical,Malayalam,Exercise,playlist_4
17,Female,Angry,4,Good,1,Instrumental,Spanish,Meditation,playlist_4
35,Female,Anxiety,3,Fair,8,Lo-fi,Spanish,Relaxation,playlist_3
40,Female,Anxiety,5,Poor,10,Nature Sounds,Spanish,Exercise,playlist_5
22,Male,Sad,9,Good,5,Lo-fi,Kannada,Sleeping,playlist_2
62,Female,Anxiety,10,Good,3,Lo-fi,Spanish,Meditation,playlist_3
16,Female,Anxiety,10,Fair,3,Instrumental,Spanish,Meditation,playlist_3
20,Male,Anxiety,10,Poor,4,Classical,English,Relaxation,playlist_3
42,Male,Angry,3,Poor,7,Lo-fi,Tamil,Exercise,playlist_5
67,Male,Sad,5,Poor,5,Instrumental,Malayalam,Relaxation,playlist_2
43,Female,Angry,10,Fair,1,Classical,Tamil,Exercise,playlist_4
40,Female,Tired,5,Good,5,Lo-fi,Hindi,Meditation,playlist_5
39,Female,Angry,9,Good,5,Lo-fi,Tamil,Meditation,playlist_4
26,Male,Tired,10,Poor,6,Classical,Kannada,Meditation,playlist_5
19,Male,Happy,4,Good,7,Classical,Telugu,Meditation,playlist_3
48,Male,Happy,1,Poor,5,Pop,Other,Studying,playlist_1
62,Male,Tired,10,Fair,2,Pop,Spanish,Meditation,playlist_5
51,Male,Tired,5,Fair,2,Instrumental,Malayalam,Meditation,playlist_5
29,Male,Angry,1,Fair,4,Instrumental,Spanish,Exercise,playlist_5
58,Female,Tired,6,Poor,1,Nature Sounds,Tamil,Meditation,playlist_5
50,Male,Sad,10,Good,7,Pop,Other,Meditation,playlist_3
29,Male,Happy,10,Fair,1,Classical,Hindi,Exercise,playlist_1
57,Female,Happy,7,Poor,3,Pop,Malayalam,Meditation,playlist_1
62,Female,Tired,1,Poor,10,Instrumental,Telugu,Meditation,playlist_3
37,Female,Anxiety,10,Fair,7,Instrumental,Malayalam,Relaxation,playlist_3
20,Male,Anxiety,4,Fair,6,Instrumental,Other,Studying,playlist_1
60,Female,Tired,9,Fair,7,Classical,Other,Exercise,playlist_5
64,Other,Sad,1,Good,5,Lo-fi,Spanish,Relaxation,playlist_2
58,Male,Anxiety,9,Good,8,Instrumental,Spanish,Sleeping,playlist_2
73,Male,Tired,8,Poor,6,Pop,Kannada,Sleeping,playlist_2
57,Female,Sad,5,Fair,4,Lo-fi,Kannada,Studying,playlist_1
59,Other,Sad,6,Fair,1,Pop,Kannada,Sleeping,playlist_2
35,Male,Angry,7,Good,2,Instrumental,Hindi,Studying,playlist_1
37,Male,Sad,4,Fair,6,Classical,Telugu,Sleeping,playlist_2
57,Female,Anxiety,6,Poor,4,Lo-fi,Kannada,Sleeping,playlist_3
69,Male,Anxiety,7,Fair,3,Lo-fi,Spanish,Relaxation,playlist_3
30,Other,Tired,6,Good,7,Instrumental,Tamil,Sleeping,playlist_5
61,Male,Tired,6,Poor,7,Instrumental,Telugu,Studying,playlist_1
67,Female,Sad,2,Poor,2,Instrumental,Kannada,Meditation,playlist_2
74,Male,Happy,5,Fair,8,Nature Sounds,Other,Meditation,playlist_3
29,Male,Angry,3,Poor,1,Classical,Telugu,Meditation,playlist_4
39,Prefer not to say,Happy,7,Fair,10,Classical,Malayalam,Studying,playlist_1
50,Male,Sad,4,Fair,7,Instrumental,Tamil,Studying,playlist_1
25,Male,Sad,1,Good,10,Nature Sounds,English,Meditation,playlist_3
65,Female,Happy,6,Poor,1,Instrumental,Kannada,Sleeping,playlist_1
29,Male,Angry,6,Fair,3,Instrumental,Other,Meditation,playlist_4
18,Male,Happy,7,Fair,3,Classical,Tamil,Exercise,playlist_1
35,Male,Tired,8,Fair,10,Nature Sounds,Other,Studying,playlist_1
27,Female,Anxiety,3,Poor,2,Classical,Hindi,Exercise,playlist_5
36,Female,Tired,6,Poor,10,Instrumental,Malayalam,Exercise,playlist_5
33,Female,Anxiety,10,Poor,5,Pop,Kannada,Studying,playlist_1
48,Female,Sad,2,Fair,4,Lo-fi,English,Meditation,playlist_2
28,Male,Angry,9,Poor,6,Instrumental,Other,Relaxation,playlist_4
18,Male,Happy,2,Fair,2,Nature Sounds,Malayalam,Exercise,playlist_5
62,Female,Angry,3,Poor,4,Pop,Tamil,Meditation,playlist_4
67,Female,Happy,10,Poor,7,Nature Sounds,Malayalam,Relaxation,playlist_1
66,Other,Tired,2,Fair,1,Instrumental,Tamil,Exercise,playlist_5
60,Prefer not to say,Tired,9,Poor,3,Instrumental,Other,Meditation,playlist_5
41,Male,Happy,1,Fair,1,Lo-fi,Telugu,Exercise,playlist_5
43,Female,Angry,5,Poor,2,Nature Sounds,Kannada,Meditation,playlist_4
61,Female,Happy,1,Poor,9,Pop,English,Sleeping,playlist_1
42,Male,Sad,5,Poor,10,Lo-fi,Hindi,Sleeping,playlist_2
49,Male,Tired,8,Poor,5,Nature Sounds,Telugu,Studying,playlist_1
22,Female,Sad,8,Good,4,Instrumental,Kannada,Relaxation,playlist_2
30,Female,Tired,8,Fair,4,Lo-fi,English,Exercise,playlist_5
56,Female,Tired,2,Good,8,Instrumental,Telugu,Exercise,playlist_5
50,Female,Anxiety,8,Poor,3,Classical,English,Meditation,playlist_3
44,Female,Sad,5,Poor,4,Classical,Malayalam,Relaxation,playlist_2
32,Male,Sad,1,Fair,2,Lo-fi,English,Exercise,playlist_5
16,Female,Anxiety,7,Fair,6,Lo-fi,Other,Relaxation,playlist_3
63,Female,Angry,6,Fair,9,Nature Sounds,Telugu,Relaxation,playlist_4
27,Female,Sad,5,Fair,4,Pop,Telugu,Sleeping,playlist_2
18,Female,Happy,1,Poor,6,Pop,Kannada,Exercise,playlist_5
40,Other,Anxiety,1,Fair,4,Classical,Telugu,Exercise,playlist_5
39,Male,Sad,6,Good,2,Classical,Spanish,Studying,playlist_1
44,Prefer not to say,Angry,10,Fair,6,Classical,Spanish,Relaxation,playlist_4
25,Female,Sad,7,Fair,7,Instrumental,Malayalam,Meditation,playlist_3
21,Female,Tired,10,Good,4,Pop,Spanish,Sleeping,playlist_2
45,Male,Happy,10,Good,7,Lo-fi,Kannada,Studying,playlist_1
58,Male,Anxiety,1,Good,8,Classical,English,Sleeping,playlist_3
24,Female,Tired,9,Good,3,Nature Sounds,Telugu,Meditation,playlist_5
53,Female,Angry,4,Fair,2,Lo-fi,Kannada,Studying,playlist_1
27,Male,Tired,5,Good,5,Lo-fi,Kannada,Sleeping,playlist_5
45,Female,Tired,2,Poor,2,Lo-fi,Hindi,Meditation,playlist_5
21,Female,Angry,10,Fair,10,Pop,Kannada,Studying,playlist_1
70,Male,Tired,8,Poor,5,Classical,Kannada,Meditation,playlist_5
63,Male,Anxiety,2,Fair,10,Nature Sounds,Hindi,Studying,playlist_1
56,Male,Sad,3,Fair,6,Instrumental,Tamil,Exercise,playlist_5
56,Male,Tired,9,Poor,8,Nature Sounds,Malayalam,Exercise,playlist_5
70,Male,Anxiety,2,Good,6,Nature Sounds,Telugu,Sleeping,playlist_3
50,Female,Sad,6,Good,4,Nature Sounds,Other,Relaxation,playlist_2
34,Male,Sad,4,Poor,3,Instrumental,Hindi,Relaxation,playlist_2
18,Male,Tired,7,Good,2,Nature Sounds,Spanish,Meditation,playlist_5
68,Female,Anxiety,6,Fair,1,Nature Sounds,Kannada,Studying,playlist_1
21,Prefer not to say,Tired,10,Fair,2,Classical,Kannada,Exercise,playlist_5
68,Male,Angry,9,Fair,2,Classical,Telugu,Relaxation,playlist_4
15,Prefer not to say,Sad,9,Good,5,Classical,Malayalam,Exercise,playlist_2
58,Male,Tired,10,Good,9,Lo-fi,Spanish,Meditation,playlist_3
70,Male,Sad,4,Poor,1,Nature Sounds,English,Meditation,playlist_2
59,Female,Anxiety,1,Fair,4,Pop,Hindi,Studying,playlist_1
56,Female,Happy,2,Poor,10,Pop,Tamil,Relaxation,playlist_1
61,Female,Tired,8,Good,7,Pop,Telugu,Meditation,playlist_3
73,Female,Tired,10,Poor,10,Instrumental,Telugu,Meditation,playlist_3
27,Male,Sad,8,Good,3,Classical,Hindi,Exercise,playlist_2
69,Female,Anxiety,2,Fair,8,Classical,Kannada,Sleeping,playlist_3
36,Female,Angry,4,Fair,3,Classical,Kannada,Relaxation,playlist_4
68,Female,Anxiety,1,Good,8,Instrumental,Other,Studying,playlist_1
35,Male,Tired,7,Good,2,Nature Sounds,Other,Studying,playlist_1
36,Male,Angry,4,Good,5,Lo-fi,Tamil,Exercise,playlist_5
42,Female,Anxiety,8,Fair,4,Classical,Hindi,Studying,playlist_1
23,Prefer not to say,Happy,9,Good,9,Nature Sounds,Telugu,Meditation,playlist_3
40,Male,Sad,9,Fair,3,Pop,Spanish,Relaxation,playlist_2
23,Male,Anxiety,3,Poor,5,Lo-fi,Hindi,Studying,playlist_1
29,Male,Anxiety,5,Fair,10,Pop,English,Relaxation,playlist_3
24,Female,Happy,6,Poor,9,Nature Sounds,Other,Studying,playlist_1
38,Male,Tired,6,Fair,6,Nature Sounds,Telugu,Sleeping,playlist_5
72,Male,Sad,10,Fair,2,Pop,Tamil,Sleeping,playlist_2
71,Female,Anxiety,8,Good,1,Lo-fi,Tamil,Relaxation,playlist_3
56,Male,Angry,6,Fair,1,Pop,Other,Sleeping,playlist_4
22,Male,Anxiety,6,Good,7,Pop,Telugu,Sleeping,playlist_3
38,Male,Sad,4,Good,2,Pop,Kannada,Meditation,playlist_2
30,Male,Anxiety,7,Good,7,Lo-fi,Telugu,Studying,playlist_1
63,Male,Happy,8,Fair,1,Instrumental,Telugu,Sleeping,playlist_2
40,Male,Anxiety,3,Good,4,Lo-fi,English,Relaxation,playlist_3
41,Male,Anxiety,7,Poor,10,Pop,Telugu,Meditation,playlist_3
51,Female,Angry,3,Poor,4,Classical,Malayalam,Sleeping,playlist_4
18,Male,Happy,8,Fair,5,Classical,Spanish,Relaxation,playlist_1
64,Female,Happy,1,Good,10,Nature Sounds,Malayalam,Studying,playlist_1
38,Male,Anxiety,1,Poor,1,Instrumental,Hindi,Sleeping,playlist_3
33,Male,Angry,6,Fair,7,Nature Sounds,Hindi,Relaxation,playlist_4
50,Female,Anxiety,10,Fair,2,Nature Sounds,Spanish,Relaxation,playlist_3
74,Male,Anxiety,9,Fair,2,Classical,Tamil,Exercise,playlist_3
53,Male,Sad,4,Fair,8,Lo-fi,Kannada,Relaxation,playlist_2
24,Female,Sad,6,Fair,9,Nature Sounds,Tamil,Exercise,playlist_2
39,Female,Angry,5,Good,6,Nature Sounds,English,Studying,playlist_1
32,Female,Tired,1,Good,1,Instrumental,Telugu,Studying,playlist_1
33,Female,Sad,6,Good,1,Classical,Spanish,Meditation,playlist_2
50,Male,Tired,9,Good,7,Lo-fi,Tamil,Exercise,playlist_5
24,Prefer not to say,Happy,3,Fair,8,Instrumental,Telugu,Relaxation,playlist_1
47,Other,Sad,3,Fair,3,Lo-fi,Tamil,Meditation,playlist_2
69,Male,Sad,2,Poor,9,Lo-fi,Telugu,Meditation,playlist_3
64,Female,Angry,4,Poor,4,Nature Sounds,Tamil,Studying,playlist_1
19,Male,Tired,10,Good,4,Instrumental,Malayalam,Relaxation,playlist_5
61,Female,Sad,3,Fair,3,Nature Sounds,Malayalam,Exercise,playlist_5
63,Male,Sad,2,Poor,8,Pop,Other,Studying,playlist_1
49,Female,Angry,1,Poor,9,Lo-fi,Malayalam,Meditation,playlist_3
58,Male,Angry,3,Poor,1,Instrumental,Spanish,Sleeping,playlist_4
48,Female,Tired,10,Poor,2,Classical,Hindi,Meditation,playlist_5
47,Male,Happy,6,Good,1,Nature Sounds,Spanish,Sleeping,playlist_1
69,Female,Happy,9,Fair,4,Pop,Spanish,Studying,playlist_1
35,Female,Anxiety,5,Good,10,Pop,English,Exercise,playlist_5
31,Female,Sad,3,Poor,7,Pop,Tamil,Relaxation,playlist_2
36,Male,Tired,5,Poor,7,Nature Sounds,Hindi,Sleeping,playlist_5
62,Female,Sad,5,Fair,6,Classical,Spanish,Relaxation,playlist_2
51,Male,Tired,5,Fair,5,Instrumental,Spanish,Studying,playlist_1
29,Female,Tired,7,Good,4,Lo-fi,Kannada,Studying,playlist_1
49,Female,Tired,5,Fair,8,Classical,Tamil,Studying,playlist_1
42,Female,Sad,7,Good,7,Nature Sounds,Telugu,Exercise,playlist_2
21,Female,Angry,9,Good,10,Instrumental,English,Sleeping,playlist_2
46,Female,Sad,5,Poor,1,Lo-fi,Hindi,Relaxation,playlist_2
25,Male,Tired,2,Good,6,Instrumental,Hindi,Meditation,playlist_5
24,Prefer not to say,Anxiety,5,Poor,2,Lo-fi,English,Studying,playlist_1
23,Female,Happy,8,Good,4,Lo-fi,Other,Relaxation,playlist_1
28,Male,Tired,4,Good,5,Pop,Tamil,Relaxation,playlist_5
27,Male,Anxiety,2,Fair,8,Nature Sounds,Telugu,Exercise,playlist_5
71,Female,Angry,10,Fair,6,Classical,Kannada,Sleeping,playlist_2
39,Prefer not to say,Tired,3,Poor,2,Pop,Tamil,Exercise,playlist_5
16,Male,Anxiety,9,Fair,5,Pop,English,Exercise,playlist_3
49,Other,Tired,9,Good,5,Instrumental,Other,Relaxation,playlist_5
21,Male,Sad,8,Poor,6,Lo-fi,Tamil,Sleeping,playlist_2
35,Prefer not to say,Anxiety,8,Poor,1,Lo-fi,Spanish,Sleeping,playlist_2
32,Female,Sad,8,Poor,8,Instrumental,Tamil,Sleeping,playlist_2
17,Male,Sad,8,Good,3,Nature Sounds,Other,Studying,playlist_1
56,Male,Anxiety,8,Fair,5,Lo-fi,English,Sleeping,playlist_2
68,Female,Happy,1,Poor,7,Pop,Other,Relaxation,playlist_1
53,Female,Anxiety,6,Good,3,Pop,Other,Studying,playlist_1
55,Other,Happy,9,Fair,10,Lo-fi,English,Meditation,playlist_3
63,Female,Tired,8,Fair,6,Lo-fi,Other,Exercise,playlist_5
25,Female,Tired,3,Poor,5,Nature Sounds,Kannada,Sleeping,playlist_5
53,Other,Anxiety,1,Good,7,Lo-fi,English,Meditation,playlist_3
38,Female,Tired,2,Fair,10,Nature Sounds,English,Sleeping,playlist_5
74,Female,Angry,2,Good,3,Pop,English,Exercise,playlist_5
60,Female,Sad,7,Fair,2,Nature Sounds,Spanish,Relaxation,playlist_2
33,Other,Sad,6,Poor,4,Lo-fi,Spanish,Relaxation,playlist_2
18,Male,Happy,2,Poor,3,Classical,Spanish,Exercise,playlist_5
40,Female,Tired,8,Fair,4,Lo-fi,Hindi,Meditation,playlist_5
52,Female,Happy,9,Good,7,Classical,English,Studying,playlist_1
56,Female,Sad,7,Fair,5,Pop,English,Studying,playlist_1
46,Female,Sad,4,Good,4,Instrumental,English,Sleeping,playlist_2
53,Female,Tired,1,Fair,6,Pop,Kannada,Exercise,playlist_5
59,Male,Angry,4,Poor,7,Pop,Spanish,Exercise,playlist_5
60,Female,Angry,4,Good,5,Pop,Tamil,Studying,playlist_1
50,Male,Tired,8,Poor,7,Nature Sounds,Spanish,Meditation,playlist_3
54,Male,Tired,4,Good,3,Pop,English,Exercise,playlist_5
51,Female,Happy,4,Fair,7,Instrumental,English,Relaxation,playlist_1
47,Male,Tired,2,Poor,3,Lo-fi,Other,Relaxation,playlist_5
50,Male,Angry,10,Poor,6,Classical,Kannada,Exercise,playlist_4
17,Female,Tired,7,Good,8,Pop,Tamil,Meditation,playlist_3
23,Male,Happy,4,Good,6,Classical,Kannada,Relaxation,playlist_1
22,Male,Happy,6,Good,10,Pop,Other,Meditation,playlist_3
47,Female,Happy,3,Poor,3,Nature Sounds,Malayalam,Studying,playlist_1
73,Female,Happy,7,Fair,5,Classical,Telugu,Sleeping,playlist_2
20,Male,Anxiety,6,Good,9,Pop,Telugu,Studying,playlist_1
55,Male,Tired,3,Fair,8,Pop,Telugu,Sleeping,playlist_5
53,Other,Sad,4,Good,6,Instrumental,English,Relaxation,playlist_2
18,Male,Tired,10,Fair,9,Instrumental,Kannada,Sleeping,playlist_2
27,Female,Anxiety,5,Good,2,Instrumental,English,Sleeping,playlist_3
63,Female,Happy,9,Fair,9,Nature Sounds,Telugu,Exercise,playlist_1
74,Female,Anxiety,6,Poor,10,Classical,Tamil,Sleeping,playlist_3
16,Prefer not to say,Angry,4,Good,10,Nature Sounds,Tamil,Exercise,playlist_5
74,Male,Angry,7,Good,6,Lo-fi,Malayalam,Sleeping,playlist_2
19,Male,Tired,2,Poor,9,Pop,Kannada,Exercise,playlist_5
58,Female,Tired,4,Good,4,Pop,Malayalam,Relaxation,playlist_5
41,Prefer not to say,Sad,5,Good,5,Pop,Spanish,Relaxation,playlist_2
46,Female,Sad,4,Poor,2,Instrumental,Tamil,Sleeping,playlist_2
35,Female,Angry,4,Poor,3,Pop,Telugu,Meditation,playlist_4
22,Female,Happy,9,Fair,1,Instrumental,Malayalam,Relaxation,playlist_1
52,Male,Anxiety,2,Poor,4,Lo-fi,Malayalam,Studying,playlist_1
22,Male,Sad,6,Poor,2,Nature Sounds,Malayalam,Studying,playlist_1
64,Male,Sad,8,Good,2,Nature Sounds,Kannada,Exercise,playlist_2
17,Male,Happy,8,Poor,1,Nature Sounds,Other,Meditation,playlist_1
68,Female,Happy,7,Good,10,Instrumental,Spanish,Exercise,playlist_1
58,Female,Tired,10,Poor,2,Classical,Kannada,Sleeping,playlist_2
72,Female,Anxiety,4,Poor,4,Classical,Telugu,Relaxation,playlist_3
17,Female,Happy,7,Fair,6,Lo-fi,Telugu,Meditation,playlist_1
36,Male,Sad,10,Poor,7,Classical,Telugu,Exercise,playlist_2
20,Female,Sad,6,Poor,7,Lo-fi,Malayalam,Exercise,playlist_2
16,Female,Angry,6,Good,7,Pop,Other,Studying,playlist_1
37,Female,Happy,2,Good,4,Nature Sounds,Telugu,Sleeping,playlist_1
58,Male,Tired,8,Fair,5,Instrumental,Spanish,Exercise,playlist_5
16,Female,Anxiety,8,Poor,3,Lo-fi,Kannada,Studying,playlist_1
52,Male,Tired,7,Good,1,Instrumental,Tamil,Meditation,playlist_5
31,Female,Sad,9,Poor,8,Instrumental,Telugu,Exercise,playlist_2
49,Male,Tired,8,Fair,10,Nature Sounds,Hindi,Studying,playlist_1
48,Male,Sad,9,Good,7,Pop,Kannada,Sleeping,playlist_2
37,Male,Sad,9,Good,9,Pop,English,Relaxation,playlist_2
44,Female,Sad,6,Fair,10,Classical,Tamil,Meditation,playlist_3
66,Female,Sad,2,Poor,4,Pop,Kannada,Exercise,playlist_5
22,Other,Sad,7,Good,5,Nature Sounds,Telugu,Studying,playlist_1
36,Female,Angry,3,Good,5,Instrumental,Malayalam,Exercise,playlist_5
58,Male,Tired,7,Fair,7,Lo-fi,Spanish,Relaxation,playlist_5
72,Female,Angry,9,Fair,9,Lo-fi,Hindi,Exercise,playlist_4
50,Female,Angry,10,Fair,8,Pop,English,Exercise,playlist_4
19,Male,Happy,10,Poor,7,Classical,Tamil,Studying,playlist_1
27,Female,Happy,2,Poor,1,Lo-fi,Telugu,Relaxation,playlist_1
43,Male,Happy,6,Poor,10,Classical,Kannada,Meditation,playlist_3
45,Male,Anxiety,6,Fair,6,Lo-fi,Other,Studying,playlist_1
61,Female,Happy,9,Good,10,Classical,Kannada,Relaxation,playlist_1
71,Female,Tired,9,Poor,9,Classical,Tamil,Relaxation,playlist_5
69,Female,Angry,5,Fair,7,Instrumental,Hindi,Exercise,playlist_5
30,Male,Tired,5,Poor,1,Nature Sounds,Malayalam,Sleeping,playlist_5
56,Female,Happy,9,Good,9,Lo-fi,Spanish,Sleeping,playlist_2
44,Female,Anxiety,8,Good,3,Pop,Telugu,Meditation,playlist_3
71,Female,Anxiety,7,Fair,9,Nature Sounds,Tamil,Exercise,playlist_3
69,Female,Angry,8,Good,4,Instrumental,Tamil,Sleeping,playlist_2
30,Female,Tired,6,Fair,9,Instrumental,Kannada,Studying,playlist_1
26,Male,Sad,3,Fair,8,Instrumental,Other,Meditation,playlist_3
31,Female,Tired,7,Fair,7,Pop,Tamil,Exercise,playlist_5
30,Female,Happy,8,Fair,4,Lo-fi,English,Studying,playlist_1
26,Male,Sad,8,Good,9,Lo-fi,English,Sleeping,playlist_2
22,Female,Anxiety,1,Good,4,Classical,Telugu,Sleeping,playlist_3
34,Female,Angry,7,Good,1,Classical,Tamil,Sleeping,playlist_2
17,Female,Angry,3,Good,6,Classical,Kannada,Sleeping,playlist_4
30,Male,Anxiety,2,Fair,4,Pop,Malayalam,Relaxation,playlist_3
44,Male,Happy,2,Fair,10,Nature Sounds,Telugu,Meditation,playlist_3
59,Male,Anxiety,8,Good,3,Lo-fi,Hindi,Meditation,playlist_3
37,Female,Happy,9,Poor,5,Classical,Kannada,Sleeping,playlist_2
42,Male,Sad,3,Poor,3,Pop,Hindi,Meditation,playlist_2
65,Male,Anxiety,3,Poor,9,Pop,Telugu,Studying,playlist_1
54,Prefer not to say,Happy,6,Good,6,Classical,Other,Studying,playlist_1
68,Male,Sad,10,Fair,3,Instrumental,English,Meditation,playlist_2
19,Female,Anxiety,1,Fair,5,Instrumental,Kannada,Sleeping,playlist_3
34,Other,Angry,6,Poor,8,Instrumental,Malayalam,Exercise,playlist_4
54,Female,Anxiety,3,Poor,8,Classical,Kannada,Sleeping,playlist_3
70,Female,Tired,4,Fair,6,Pop,Telugu,Relaxation,playlist_5
58,Prefer not to say,Anxiety,9,Poor,5,Pop,Kannada,Exercise,playlist_3
15,Female,Tired,3,Poor,5,Lo-fi,Kannada,Relaxation,playlist_5
71,Female,Sad,1,Fair,1,Instrumental,Other,Meditation,playlist_2
44,Male,Anxiety,3,Poor,2,Classical,Telugu,Relaxation,playlist_3
35,Female,Sad,7,Poor,4,Lo-fi,Spanish,Meditation,playlist_2
34,Female,Sad,7,Good,6,Pop,Tamil,Relaxation,playlist_2
20,Female,Happy,5,Poor,7,Lo-fi,Telugu,Exercise,playlist_5
36,Female,Sad,1,Good,1,Instrumental,Kannada,Relaxation,playlist_2
32,Female,Sad,8,Fair,8,Nature Sounds,Malayalam,Sleeping,playlist_2
22,Female,Anxiety,10,Good,1,Instrumental,Malayalam,Meditation,playlist_3
53,Male,Anxiety,8,Fair,9,Instrumental,Other,Studying,playlist_1
46,Male,Angry,10,Good,4,Classical,Telugu,Relaxation,playlist_4
47,Female,Happy,10,Good,7,Nature Sounds,Kannada,Meditation,playlist_3
67,Male,Sad,10,Good,6,Nature Sounds,Hindi,Studying,playlist_1
30,Male,Happy,2,Poor,9,Nature Sounds,Hindi,Meditation,playlist_3
26,Female,Tired,10,Poor,2,Pop,English,Meditation,playlist_5
52,Male,Sad,3,Poor,7,Lo-fi,Spanish,Studying,playlist_1
66,Other,Happy,4,Poor,5,Pop,Other,Studying,playlist_1
48,Male,Angry,1,Poor,7,Nature Sounds,Telugu,Exercise,playlist_5
28,Other,Angry,4,Good,1,Classical,Telugu,Relaxation,playlist_4
50,Female,Sad,5,Poor,10,Instrumental,Hindi,Relaxation,playlist_2
47,Male,Tired,3,Fair,9,Instrumental,Hindi,Meditation,playlist_3
37,Female,Angry,10,Good,1,Pop,Hindi,Sleeping,playlist_2
64,Female,Angry,2,Good,5,Pop,Other,Sleeping,playlist_4
59,Male,Tired,6,Fair,8,Classical,Malayalam,Meditation,playlist_3
16,Female,Happy,8,Poor,1,Instrumental,Malayalam,Exercise,playlist_1
55,Prefer not to say,Angry,7,Fair,7,Pop,English,Studying,playlist_1
35,Male,Anxiety,1,Good,2,Lo-fi,English,Meditation,playlist_3
16,Female,Angry,4,Good,7,Pop,Tamil,Relaxation,playlist_4
41,Male,Happy,3,Good,7,Pop,Malayalam,Sleeping,playlist_1
71,Male,Happy,6,Fair,9,Nature Sounds,Telugu,Sleeping,playlist_1
23,Male,Sad,9,Poor,6,Lo-fi,English,Sleeping,playlist_2
15,Male,Anxiety,9,Good,4,Lo-fi,Kannada,Exercise,playlist_3
25,Male,Happy,7,Poor,7,Classical,Telugu,Relaxation,playlist_1
17,Male,Tired,9,Good,7,Nature Sounds,Tamil,Exercise,playlist_5
66,Male,Anxiety,8,Poor,4,Lo-fi,Hindi,Studying,playlist_1
37,Female,Anxiety,5,Fair,2,Nature Sounds,Tamil,Meditation,playlist_3
40,Female,Tired,9,Good,9,Nature Sounds,Telugu,Meditation,playlist_3
18,Female,Angry,7,Good,8,Instrumental,Hindi,Sleeping,playlist_2
32,Male,Tired,5,Good,5,Lo-fi,Tamil,Sleeping,playlist_5
69,Other,Tired,8,Fair,5,Instrumental,Tamil,Studying,playlist_1
20,Male,Angry,7,Fair,1,Pop,Telugu,Exercise,playlist_4
49,Male,Angry,9,Poor,9,Pop,English,Relaxation,playlist_4
36,Female,Angry,10,Fair,10,Instrumental,Other,Studying,playlist_1
57,Female,Angry,1,Good,8,Pop,Other,Meditation,playlist_3
29,Male,Angry,9,Poor,5,Instrumental,Kannada,Meditation,playlist_4
36,Male,Tired,7,Fair,10,Classical,Tamil,Exercise,playlist_5
74,Female,Sad,1,Poor,6,Nature Sounds,Other,Studying,playlist_1
51,Female,Sad,1,Poor,10,Classical,Kannada,Relaxation,playlist_2
66,Male,Happy,5,Poor,10,Lo-fi,Malayalam,Studying,playlist_1
56,Other,Sad,8,Good,8,Classical,Malayalam,Studying,playlist_1
26,Male,Sad,9,Good,6,Classical,Telugu,Exercise,playlist_2
61,Female,Tired,6,Fair,10,Pop,Spanish,Relaxation,playlist_5
63,Male,Angry,10,Good,4,Instrumental,Telugu,Meditation,playlist_4
56,Male,Angry,8,Poor,3,Lo-fi,Spanish,Sleeping,playlist_2
52,Male,Tired,6,Poor,7,Pop,Spanish,Relaxation,playlist_5
32,Female,Sad,6,Good,2,Lo-fi,Spanish,Meditation,playlist_2
59,Male,Tired,4,Poor,7,Nature Sounds,English,Exercise,playlist_5
49,Female,Happy,5,Good,1,Instrumental,Spanish,Relaxation,playlist_1
44,Prefer not to say,Angry,2,Poor,10,Pop,Hindi,Relaxation,playlist_4
38,Female,Anxiety,3,Fair,5,Classical,Kannada,Meditation,playlist_3
56,Male,Happy,3,Fair,9,Nature Sounds,Other,Meditation,playlist_3
44,Male,Happy,5,Good,1,Classical,Tamil,Studying,playlist_1
28,Female,Tired,5,Good,8,Lo-fi,Hindi,Studying,playlist_1
20,Male,Sad,6,Good,9,Nature Sounds,Malayalam,Relaxation,playlist_2
17,Prefer not to say,Angry,5,Good,9,Pop,Other,Sleeping,playlist_4
30,Prefer not to say,Anxiety,6,Good,8,Classical,Malayalam,Exercise,playlist_3
21,Male,Happy,8,Poor,4,Classical,Kannada,Meditation,playlist_1
66,Male,Anxiety,2,Fair,7,Lo-fi,Other,Studying,playlist_1
28,Other,Sad,4,Poor,1,Lo-fi,Kannada,Exercise,playlist_5
23,Female,Sad,6,Fair,7,Instrumental,Spanish,Relaxation,playlist_2
29,Female,Anxiety,5,Poor,6,Instrumental,Other,Meditation,playlist_3
35,Male,Angry,1,Poor,5,Lo-fi,Hindi,Meditation,playlist_4
49,Male,Sad,9,Poor,1,Instrumental,Hindi,Studying,playlist_1
16,Other,Anxiety,3,Good,8,Classical,English,Sleeping,playlist_3
41,Male,Happy,2,Fair,10,Lo-fi,Tamil,Meditation,playlist_3
16,Female,Anxiety,9,Good,1,Nature Sounds,Tamil,Sleeping,playlist_2
49,Male,Anxiety,7,Good,1,Lo-fi,Tamil,Exercise,playlist_3
32,Other,Tired,5,Poor,3,Pop,Spanish,Meditation,playlist_5
28,Female,Sad,6,Fair,8,Pop,Other,Meditation,playlist_3
34,Male,Angry,4,Fair,8,Lo-fi,Malayalam,Sleeping,playlist_4
32,Male,Angry,1,Fair,7,Nature Sounds,Malayalam,Studying,playlist_1
24,Female,Tired,4,Fair,5,Lo-fi,Hindi,Relaxation,playlist_5
39,Male,Angry,9,Good,8,Nature Sounds,English,Exercise,playlist_4
16,Female,Anxiety,1,Good,2,Classical,Telugu,Meditation,playlist_3
39,Male,Tired,10,Fair,8,Classical,English,Studying,playlist_1
68,Male,Happy,3,Good,2,Nature Sounds,Other,Meditation,playlist_1
47,Female,Sad,5,Fair,10,Instrumental,Malayalam,Exercise,playlist_5
50,Female,Sad,7,Good,5,Classical,Spanish,Relaxation,playlist_2
45,Female,Sad,9,Poor,4,Pop,Hindi,Meditation,playlist_2
28,Female,Anxiety,6,Poor,1,Lo-fi,English,Sleeping,playlist_3
15,Female,Happy,3,Fair,5,Instrumental,Hindi,Studying,playlist_1
60,Female,Tired,7,Fair,7,Pop,Kannada,Relaxation,playlist_5
30,Male,Tired,4,Good,1,Lo-fi,Kannada,Meditation,playlist_5
68,Male,Sad,3,Fair,2,Pop,Telugu,Relaxation,playlist_2
60,Male,Happy,7,Fair,9,Instrumental,Malayalam,Sleeping,playlist_2
66,Female,Happy,7,Good,5,Nature Sounds,Spanish,Meditation,playlist_1
17,Female,Happy,4,Fair,7,Lo-fi,Kannada,Relaxation,playlist_1
49,Male,Angry,7,Fair,2,Pop,Telugu,Meditation,playlist_4
55,Female,Angry,2,Poor,7,Pop,Tamil,Meditation,playlist_3
20,Male,Sad,1,Poor,7,Instrumental,Hindi,Relaxation,playlist_2
39,Female,Happy,2,Poor,7,Instrumental,Spanish,Meditation,playlist_3
27,Male,Happy,4,Fair,5,Instrumental,Tamil,Sleeping,playlist_1
67,Female,Tired,8,Good,9,Nature Sounds,Tamil,Relaxation,playlist_5
48,Female,Tired,3,Poor,2,Classical,Other,Relaxation,playlist_5
22,Female,Sad,10,Fair,4,Pop,Telugu,Sleeping,playlist_2
35,Female,Happy,6,Poor,2,Nature Sounds,Other,Sleeping,playlist_1
48,Female,Sad,6,Good,8,Pop,Hindi,Sleeping,playlist_2
18,Female,Tired,9,Good,1,Nature Sounds,Telugu,Meditation,playlist_5
39,Male,Tired,9,Good,9,Lo-fi,English,Meditation,playlist_3
29,Male,Angry,4,Good,5,Classical,Tamil,Exercise,playlist_5
18,Other,Sad,9,Good,3,Pop,Hindi,Meditation,playlist_2
59,Other,Sad,6,Good,4,Instrumental,Tamil,Sleeping,playlist_2
74,Female,Happy,2,Fair,1,Classical,English,Exercise,playlist_5
26,Male,Happy,10,Poor,3,Pop,Malayalam,Sleeping,playlist_2
46,Female,Angry,6,Good,8,Lo-fi,English,Studying,playlist_1
46,Male,Anxiety,2,Poor,2,Pop,Malayalam,Relaxation,playlist_3
42,Male,Anxiety,8,Poor,2,Pop,Hindi,Studying,playlist_1
27,Female,Anxiety,4,Fair,9,Pop,Hindi,Sleeping,playlist_3
45,Male,Sad,5,Good,5,Classical,Spanish,Meditation,playlist_2
28,Male,Sad,8,Good,5,Pop,English,Relaxation,playlist_2
34,Female,Tired,8,Fair,1,Instrumental,Other,Meditation,playlist_5
32,Male,Sad,6,Fair,6,Nature Sounds,Tamil,Meditation,playlist_2
43,Other,Sad,4,Fair,8,Instrumental,Kannada,Relaxation,playlist_2
74,Prefer not to say,Sad,1,Fair,6,Lo-fi,Tamil,Relaxation,playlist_2
20,Female,Angry,7,Fair,7,Classical,Kannada,Studying,playlist_1
46,Prefer not to say,Sad,8,Poor,4,Nature Sounds,Other,Sleeping,playlist_2
43,Female,Happy,9,Fair,2,Classical,Telugu,Meditation,playlist_1
57,Female,Happy,2,Good,1,Classical,Hindi,Sleeping,playlist_1
16,Female,Tired,1,Good,6,Pop,Other,Sleeping,playlist_5
74,Female,Angry,4,Fair,9,Instrumental,English,Exercise,playlist_5
37,Male,Happy,5,Fair,10,Nature Sounds,Telugu,Studying,playlist_1
33,Female,Angry,10,Fair,5,Pop,Other,Meditation,playlist_4
45,Female,Angry,1,Fair,2,Nature Sounds,Tamil,Relaxation,playlist_4
65,Female,Tired,5,Fair,1,Instrumental,Kannada,Relaxation,playlist_5
19,Female,Angry,6,Good,3,Pop,Malayalam,Sleeping,playlist_4
33,Female,Sad,3,Poor,4,Nature Sounds,Hindi,Studying,playlist_1
48,Female,Angry,7,Fair,7,Pop,Kannada,Studying,playlist_1
24,Female,Tired,6,Fair,9,Classical,Tamil,Meditation,playlist_3
39,Male,Tired,4,Fair,8,Lo-fi,Spanish,Meditation,playlist_3
16,Female,Tired,3,Good,9,Nature Sounds,Tamil,Sleeping,playlist_5
25,Male,Happy,5,Good,7,Instrumental,English,Sleeping,playlist_1
64,Prefer not to say,Sad,3,Poor,10,Nature Sounds,Telugu,Sleeping,playlist_2
45,Female,Happy,10,Poor,8,Lo-fi,Hindi,Exercise,playlist_1
70,Female,Anxiety,9,Poor,8,Nature Sounds,English,Studying,playlist_1
29,Prefer not to say,Sad,9,Poor,1,Nature Sounds,Kannada,Sleeping,playlist_2
23,Female,Angry,6,Good,9,Nature Sounds,Spanish,Studying,playlist_1
37,Male,Tired,6,Poor,2,Instrumental,Telugu,Relaxation,playlist_5
33,Female,Anxiety,4,Fair,7,Lo-fi,Other,Relaxation,playlist_3
23,Male,Sad,4,Good,10,Lo-fi,Hindi,Studying,playlist_1
49,Male,Happy,2,Good,10,Instrumental,Kannada,Relaxation,playlist_1
35,Female,Tired,10,Good,5,Nature Sounds,Hindi,Relaxation,playlist_5
23,Female,Happy,4,Fair,4,Nature Sounds,Hindi,Relaxation,playlist_1
42,Female,Sad,8,Good,1,Lo-fi,Malayalam,Meditation,playlist_2
60,Female,Sad,10,Fair,1,Nature Sounds,Malayalam,Meditation,playlist_2
65,Male,Anxiety,2,Poor,3,Classical,Other,Studying,playlist_1
21,Female,Angry,9,Good,1,Nature Sounds,Spanish,Studying,playlist_1
30,Male,Happy,1,Fair,8,Nature Sounds,Telugu,Exercise,playlist_5
30,Male,Anxiety,2,Good,3,Pop,Malayalam,Meditation,playlist_3
74,Female,Tired,2,Poor,10,Lo-fi,Kannada,Studying,playlist_1
47,Male,Angry,6,Good,2,Lo-fi,Malayalam,Meditation,playlist_4
18,Male,Anxiety,7,Poor,6,Classical,Spanish,Exercise,playlist_3
18,Male,Happy,3,Good,4,Classical,Spanish,Studying,playlist_1
53,Female,Sad,9,Fair,4,Classical,English,Studying,playlist_1
54,Female,Tired,5,Poor,2,Lo-fi,English,Studying,playlist_1
31,Prefer not to say,Happy,5,Good,2,Pop,English,Studying,playlist_1
51,Female,Angry,4,Poor,6,Pop,Spanish,Sleeping,playlist_4
53,Male,Angry,9,Poor,5,Instrumental,Hindi,Meditation,playlist_4
74,Male,Sad,8,Fair,9,Lo-fi,Tamil,Meditation,playlist_3
66,Male,Sad,4,Fair,4,Instrumental,Telugu,Meditation,playlist_2
43,Female,Tired,4,Fair,5,Nature Sounds,English,Exercise,playlist_5
66,Female,Tired,2,Fair,1,Classical,Telugu,Sleeping,playlist_5
50,Female,Sad,9,Poor,2,Instrumental,Malayalam,Meditation,playlist_2
74,Male,Sad,3,Poor,3,Instrumental,Other,Meditation,playlist_2
52,Male,Angry,4,Good,5,Lo-fi,Hindi,Studying,playlist_1
53,Male,Sad,7,Good,5,Classical,Telugu,Studying,playlist_1
64,Female,Anxiety,10,Good,4,Classical,English,Studying,playlist_1
51,Male,Happy,8,Fair,10,Pop,English,Meditation,playlist_3
66,Female,Sad,8,Poor,3,Instrumental,Spanish,Studying,playlist_1
49,Male,Tired,4,Poor,9,Pop,Hindi,Meditation,playlist_3
21,Female,Anxiety,7,Good,1,Instrumental,Hindi,Exercise,playlist_3
41,Male,Tired,10,Good,6,Lo-fi,Kannada,Exercise,playlist_5
42,Male,Anxiety,1,Poor,7,Lo-fi,Hindi,Relaxation,playlist_3
36,Male,Sad,6,Fair,10,Nature Sounds,Tamil,Sleeping,playlist_2
28,Male,Happy,6,Good,4,Instrumental,Tamil,Studying,playlist_1
21,Male,Tired,6,Good,10,Instrumental,English,Studying,playlist_1
51,Female,Anxiety,2,Poor,3,Classical,Other,Sleeping,playlist_3
36,Male,Angry,8,Poor,8,Classical,Malayalam,Sleeping,playlist_2
19,Male,Sad,5,Good,9,Pop,Hindi,Relaxation,playlist_2
69,Female,Happy,5,Good,1,Nature Sounds,Tamil,Sleeping,playlist_1
16,Female,Sad,2,Fair,10,Lo-fi,Spanish,Meditation,playlist_3
41,Male,Angry,4,Fair,9,Instrumental,Tamil,Studying,playlist_1
35,Female,Happy,9,Fair,7,Pop,Spanish,Sleeping,playlist_2
68,Female,Angry,9,Fair,1,Nature Sounds,Kannada,Meditation,playlist_4
52,Male,Sad,6,Good,7,Classical,Malayalam,Sleeping,playlist_2
29,Female,Anxiety,9,Good,5,Nature Sounds,Spanish,Meditation,playlist_3
35,Male,Sad,4,Good,10,Pop,Malayalam,Exercise,playlist_5
24,Male,Sad,1,Fair,7,Lo-fi,Hindi,Meditation,playlist_3
37,Prefer not to say,Sad,2,Good,9,Classical,Kannada,Relaxation,playlist_2
72,Male,Tired,1,Poor,8,Classical,Malayalam,Meditation,playlist_3
70,Male,Angry,8,Fair,6,Lo-fi,Other,Sleeping,playlist_2
53,Prefer not to say,Angry,9,Poor,2,Classical,Malayalam,Exercise,playlist_4
19,Female,Angry,10,Fair,8,Pop,Spanish,Exercise,playlist_4
15,Female,Tired,6,Good,4,Classical,Telugu,Meditation,playlist_5
27,Female,Anxiety,2,Fair,8,Instrumental,Kannada,Sleeping,playlist_3
35,Female,Sad,6,Poor,7,Nature Sounds,Malayalam,Exercise,playlist_2
40,Female,Anxiety,9,Fair,4,Pop,Telugu,Meditation,playlist_3
64,Male,Tired,3,Poor,8,Lo-fi,Telugu,Meditation,playlist_3
59,Male,Angry,9,Good,2,Pop,Other,Meditation,playlist_4
35,Male,Sad,2,Poor,9,Instrumental,Malayalam,Exercise,playlist_5
67,Male,Happy,5,Good,6,Classical,Spanish,Studying,playlist_1
32,Male,Happy,2,Poor,7,Classical,Hindi,Sleeping,playlist_1
51,Female,Anxiety,7,Good,10,Pop,Telugu,Relaxation,playlist_3
59,Male,Angry,10,Poor,1,Classical,Telugu,Relaxation,playlist_4
46,Male,Happy,9,Good,3,Classical,Other,Sleeping,playlist_2
50,Female,Anxiety,7,Good,10,Instrumental,Kannada,Studying,playlist_1
31,Female,Tired,5,Good,5,Lo-fi,Hindi,Sleeping,playlist_5
49,Female,Anxiety,4,Poor,7,Nature Sounds,Other,Meditation,playlist_3
63,Female,Anxiety,4,Poor,1,Pop,Spanish,Sleeping,playlist_3
74,Prefer not to say,Anxiety,10,Good,9,Lo-fi,Hindi,Sleeping,playlist_2
25,Female,Sad,8,Fair,5,Nature Sounds,Telugu,Exercise,playlist_2
35,Female,Anxiety,10,Good,3,Lo-fi,Spanish,Relaxation,playlist_3
66,Female,Anxiety,10,Fair,7,Pop,Kannada,Relaxation,playlist_3
69,Female,Sad,10,Good,10,Instrumental,Kannada,Meditation,playlist_3
67,Female,Sad,10,Poor,8,Instrumental,Kannada,Meditation,playlist_3
40,Female,Tired,10,Fair,10,Instrumental,Other,Exercise,playlist_5
18,Male,Angry,1,Poor,10,Lo-fi,Kannada,Meditation,playlist_3
48,Female,Happy,5,Fair,3,Pop,English,Studying,playlist_1
66,Female,Happy,2,Fair,7,Classical,Spanish,Exercise,playlist_5
62,Female,Anxiety,9,Fair,7,Classical,Other,Exercise,playlist_3
74,Male,Tired,7,Fair,4,Instrumental,Malayalam,Sleeping,playlist_2
32,Male,Anxiety,10,Poor,10,Lo-fi,Other,Sleeping,playlist_2
54,Male,Happy,8,Fair,9,Classical,Other,Studying,playlist_1
49,Female,Sad,6,Good,1,Lo-fi,Telugu,Exercise,playlist_2
55,Female,Angry,9,Good,1,Pop,Telugu,Exercise,playlist_4
43,Male,Tired,6,Fair,5,Instrumental,Telugu,Sleeping,playlist_5
66,Female,Sad,7,Poor,3,Nature Sounds,Hindi,Relaxation,playlist_2
43,Male,Angry,7,Poor,10,Instrumental,Spanish,Relaxation,playlist_4
52,Male,Tired,9,Fair,9,Nature Sounds,Hindi,Sleeping,playlist_2
56,Female,Tired,8,Poor,5,Classical,Kannada,Meditation,playlist_5
35,Female,Happy,1,Poor,7,Nature Sounds,Malayalam,Exercise,playlist_5
56,Female,Sad,4,Poor,1,Lo-fi,Spanish,Studying,playlist_1
27,Male,Tired,7,Fair,2,Nature Sounds,Hindi,Relaxation,playlist_5
63,Female,Tired,8,Good,4,Classical,Tamil,Meditation,playlist_5
55,Female,Angry,7,Good,9,Classical,Spanish,Exercise,playlist_4
31,Male,Happy,3,Good,5,Instrumental,Telugu,Meditation,playlist_1
70,Prefer not to say,Anxiety,4,Good,5,Classical,Telugu,Exercise,playlist_5
23,Female,Happy,7,Good,9,Lo-fi,English,Exercise,playlist_1
55,Male,Anxiety,8,Poor,8,Nature Sounds,English,Sleeping,playlist_2
15,Female,Sad,7,Poor,2,Pop,Tamil,Sleeping,playlist_2
16,Male,Sad,6,Poor,7,Classical,English,Studying,playlist_1
74,Female,Tired,9,Fair,1,Nature Sounds,Malayalam,Studying,playlist_1
62,Female,Sad,9,Poor,10,Instrumental,Kannada,Meditation,playlist_3
43,Male,Tired,7,Good,9,Pop,Kannada,Sleeping,playlist_2
47,Female,Happy,8,Poor,3,Instrumental,Spanish,Exercise,playlist_1
24,Female,Sad,6,Good,2,Lo-fi,Telugu,Sleeping,playlist_2
64,Prefer not to say,Happy,1,Poor,4,Instrumental,Other,Exercise,playlist_5
72,Male,Happy,1,Good,4,Nature Sounds,Kannada,Sleeping,playlist_1
74,Female,Sad,6,Poor,3,Pop,English,Exercise,playlist_2
54,Female,Happy,2,Good,2,Instrumental,Tamil,Meditation,playlist_1
35,Male,Sad,8,Good,5,Instrumental,Other,Sleeping,playlist_2
42,Male,Sad,1,Fair,4,Lo-fi,Malayalam,Relaxation,playlist_2
25,Female,Sad,2,Poor,5,Nature Sounds,Other,Relaxation,playlist_2
69,Female,Anxiety,8,Good,8,Instrumental,Kannada,Exercise,playlist_3
48,Male,Happy,6,Poor,2,Nature Sounds,Telugu,Meditation,playlist_1
22,Other,Angry,10,Good,9,Classical,Telugu,Exercise,playlist_4
73,Male,Sad,2,Fair,10,Lo-fi,Other,Meditation,playlist_3
36,Female,Happy,2,Fair,1,Lo-fi,Malayalam,Studying,playlist_1
22,Female,Tired,7,Fair,8,Lo-fi,English,Sleeping,playlist_2
63,Female,Sad,5,Fair,5,Nature Sounds,Kannada,Meditation,playlist_2
29,Male,Sad,5,Good,2,Instrumental,English,Exercise,playlist_5
31,Female,Angry,8,Poor,8,Instrumental,Telugu,Studying,playlist_1
74,Female,Anxiety,7,Fair,5,Nature Sounds,Tamil,Exercise,playlist_3
37,Female,Anxiety,9,Fair,10,Nature Sounds,Kannada,Relaxation,playlist_3
38,Female,Sad,4,Fair,10,Classical,Spanish,Relaxation,playlist_2
59,Male,Happy,10,Poor,3,Pop,Tamil,Sleeping,playlist_2
33,Female,Tired,4,Good,7,Pop,Malayalam,Sleeping,playlist_5
19,Male,Tired,2,Good,4,Lo-fi,Kannada,Studying,playlist_1
46,Prefer not to say,Happy,3,Good,10,Instrumental,Telugu,Relaxation,playlist_1
58,Male,Sad,1,Good,6,Lo-fi,Kannada,Meditation,playlist_2
15,Male,Tired,1,Poor,10,Instrumental,Telugu,Relaxation,playlist_5
37,Male,Anxiety,7,Poor,8,Instrumental,Hindi,Sleeping,playlist_2
51,Female,Happy,5,Poor,1,Classical,Telugu,Exercise,playlist_5
22,Male,Angry,3,Fair,2,Nature Sounds,Telugu,Studying,playlist_1
27,Female,Sad,7,Poor,8,Nature Sounds,Malayalam,Relaxation,playlist_2
22,Female,Happy,2,Good,7,Nature Sounds,Kannada,Meditation,playlist_3
71,Male,Tired,3,Poor,10,Pop,Tamil,Meditation,playlist_3
37,Male,Sad,1,Fair,9,Nature Sounds,Telugu,Meditation,playlist_3
57,Female,Anxiety,8,Good,2,Pop,Other,Studying,playlist_1
15,Male,Sad,2,Poor,8,Lo-fi,Kannada,Meditation,playlist_3
59,Male,Sad,7,Good,6,Pop,Telugu,Meditation,playlist_2
65,Male,Anxiety,9,Good,1,Instrumental,English,Relaxation,playlist_3
38,Male,Anxiety,6,Poor,4,Classical,Other,Studying,playlist_1
49,Male,Sad,2,Poor,2,Classical,English,Exercise,playlist_5
38,Female,Anxiety,2,Fair,7,Instrumental,English,Exercise,playlist_5
31,Female,Happy,9,Poor,9,Lo-fi,Other,Meditation,playlist_3
19,Female,Anxiety,10,Poor,6,Classical,English,Sleeping,playlist_2
34,Male,Anxiety,8,Poor,4,Instrumental,Tamil,Studying,playlist_1
35,Female,Sad,9,Good,5,Classical,Other,Sleeping,playlist_2
54,Male,Happy,4,Fair,1,Pop,Malayalam,Studying,playlist_1
72,Other,Angry,4,Good,4,Classical,Telugu,Studying,playlist_1
45,Female,Angry,2,Poor,10,Pop,English,Relaxation,playlist_4
60,Male,Tired,10,Fair,3,Pop,Kannada,Meditation,playlist_5
50,Male,Anxiety,1,Poor,9,Classical,English,Relaxation,playlist_3
25,Male,Anxiety,10,Good,6,Classical,Hindi,Sleeping,playlist_2
66,Male,Happy,4,Good,4,Pop,Hindi,Sleeping,playlist_1
29,Female,Angry,10,Poor,3,Classical,Malayalam,Exercise,playlist_4
33,Male,Tired,10,Fair,4,Lo-fi,Tamil,Relaxation,playlist_5
21,Prefer not to say,Happy,8,Good,8,Nature Sounds,Spanish,Relaxation,playlist_1
65,Male,Anxiety,2,Poor,5,Nature Sounds,Hindi,Relaxation,playlist_3
42,Female,Angry,8,Poor,1,Instrumental,Other,Exercise,playlist_4
65,Male,Tired,1,Poor,5,Nature Sounds,Kannada,Relaxation,playlist_5
57,Male,Sad,1,Fair,8,Lo-fi,English,Relaxation,playlist_2
72,Prefer not to say,Angry,4,Poor,4,Nature Sounds,Hindi,Relaxation,playlist_4
19,Female,Tired,7,Poor,2,Nature Sounds,Hindi,Relaxation,playlist_5
19,Female,Happy,9,Good,3,Lo-fi,Tamil,Sleeping,playlist_2
44,Female,Sad,5,Poor,9,Pop,Other,Meditation,playlist_3
68,Prefer not to say,Tired,2,Fair,7,Nature Sounds,Hindi,Sleeping,playlist_5
46,Female,Tired,7,Poor,3,Instrumental,Other,Relaxation,playlist_5
22,Male,Anxiety,2,Fair,5,Nature Sounds,English,Studying,playlist_1
24,Male,Angry,9,Poor,3,Nature Sounds,Malayalam,Studying,playlist_1
52,Female,Anxiety,9,Poor,10,Lo-fi,Spanish,Exercise,playlist_3
61,Female,Sad,3,Poor,4,Lo-fi,Malayalam,Sleeping,playlist_2
46,Female,Tired,8,Fair,8,Instrumental,Other,Exercise,playlist_5
62,Male,Anxiety,4,Good,3,Classical,Malayalam,Exercise,playlist_5
42,Other,Angry,3,Fair,3,Lo-fi,Spanish,Studying,playlist_1
31,Female,Sad,1,Good,8,Classical,Other,Sleeping,playlist_2
45,Female,Happy,5,Fair,10,Instrumental,Telugu,Meditation,playlist_3
22,Male,Anxiety,4,Poor,10,Nature Sounds,English,Sleeping,playlist_3
54,Prefer not to say,Sad,1,Poor,7,Nature Sounds,Hindi,Exercise,playlist_5
39,Female,Happy,10,Good,7,Classical,Hindi,Relaxation,playlist_1
23,Female,Anxiety,8,Good,10,Instrumental,Spanish,Exercise,playlist_3
16,Other,Sad,8,Fair,2,Instrumental,Hindi,Sleeping,playlist_2
29,Other,Sad,8,Fair,7,Lo-fi,Tamil,Studying,playlist_1
64,Male,Anxiety,3,Good,10,Classical,Kannada,Sleeping,playlist_3
17,Other,Sad,6,Good,10,Lo-fi,English,Meditation,playlist_3
63,Female,Tired,7,Fair,3,Classical,Malayalam,Relaxation,playlist_5
50,Male,Anxiety,9,Good,7,Lo-fi,Hindi,Relaxation,playlist_3
18,Male,Sad,5,Good,4,Lo-fi,Spanish,Exercise,playlist_5
28,Male,Happy,9,Good,8,Instrumental,Telugu,Sleeping,playlist_2
55,Female,Happy,6,Good,8,Instrumental,Tamil,Studying,playlist_1
55,Female,Tired,10,Poor,6,Nature Sounds,Kannada,Meditation,playlist_5
39,Male,Anxiety,10,Poor,3,Nature Sounds,Hindi,Exercise,playlist_3
72,Female,Sad,10,Good,6,Instrumental,Malayalam,Sleeping,playlist_2
69,Female,Sad,4,Fair,6,Instrumental,English,Studying,playlist_1
64,Female,Happy,1,Poor,3,Lo-fi,Telugu,Sleeping,playlist_1
24,Other,Tired,1,Fair,4,Nature Sounds,Malayalam,Studying,playlist_1
35,Female,Happy,10,Fair,2,Instrumental,Tamil,Sleeping,playlist_2
50,Male,Happy,5,Poor,1,Classical,English,Sleeping,playlist_1
26,Female,Tired,3,Fair,2,Classical,Spanish,Exercise,playlist_5
41,Prefer not to say,Anxiety,5,Fair,7,Nature Sounds,English,Sleeping,playlist_3
54,Male,Sad,5,Good,10,Classical,Tamil,Sleeping,playlist_2
16,Prefer not to say,Anxiety,1,Good,5,Lo-fi,Spanish,Exercise,playlist_5
68,Male,Angry,8,Good,9,Nature Sounds,English,Exercise,playlist_4
27,Female,Angry,5,Poor,3,Instrumental,Other,Relaxation,playlist_4
67,Female,Angry,5,Good,2,Classical,Spanish,Relaxation,playlist_4
46,Female,Tired,9,Fair,4,Lo-fi,Spanish,Exercise,playlist_5
45,Female,Happy,8,Fair,2,Instrumental,Telugu,Meditation,playlist_1
30,Female,Anxiety,1,Fair,7,Pop,Telugu,Studying,playlist_1
46,Female,Sad,3,Fair,10,Lo-fi,Other,Exercise,playlist_5
46,Female,Angry,7,Fair,6,Classical,Spanish,Relaxation,playlist_4
74,Female,Anxiety,1,Poor,8,Lo-fi,English,Sleeping,playlist_3
48,Female,Angry,1,Fair,5,Pop,Hindi,Exercise,playlist_5
25,Female,Angry,5,Poor,2,Pop,Other,Exercise,playlist_5
24,Male,Sad,9,Fair,4,Lo-fi,English,Relaxation,playlist_2
29,Female,Tired,6,Poor,1,Instrumental,Hindi,Relaxation,playlist_5
31,Male,Happy,10,Poor,2,Instrumental,English,Meditation,playlist_1
54,Female,Tired,2,Fair,4,Pop,Malayalam,Relaxation,playlist_5
32,Male,Anxiety,9,Fair,6,Nature Sounds,Kannada,Relaxation,playlist_3
69,Female,Tired,6,Fair,4,Nature Sounds,Telugu,Relaxation,playlist_5
23,Male,Anxiety,5,Fair,4,Instrumental,English,Sleeping,playlist_3
39,Male,Anxiety,5,Good,10,Nature Sounds,Telugu,Exercise,playlist_5
54,Female,Happy,3,Good,10,Instrumental,Tamil,Exercise,playlist_5
73,Male,Sad,6,Poor,2,Classical,Kannada,Relaxation,playlist_2
28,Male,Happy,4,Poor,9,Instrumental,Hindi,Meditation,playlist_3
74,Male,Tired,10,Good,10,Classical,Other,Relaxation,playlist_5
72,Other,Anxiety,2,Poor,8,Pop,Tamil,Meditation,playlist_3
39,Male,Angry,3,Fair,8,Nature Sounds,Kannada,Exercise,playlist_5
64,Female,Angry,9,Poor,5,Pop,Tamil,Meditation,playlist_4
36,Female,Anxiety,9,Poor,3,Lo-fi,Telugu,Meditation,playlist_3
66,Male,Happy,6,Poor,6,Lo-fi,Malayalam,Studying,playlist_1
44,Female,Sad,10,Good,9,Pop,Kannada,Meditation,playlist_3
34,Prefer not to say,Happy,10,Good,8,Instrumental,Tamil,Meditation,playlist_3
35,Female,Anxiety,9,Poor,7,Instrumental,Hindi,Sleeping,playlist_2
58,Male,Anxiety,4,Fair,8,Nature Sounds,Kannada,Exercise,playlist_5
46,Female,Sad,5,Poor,4,Pop,Kannada,Relaxation,playlist_2
65,Female,Tired,10,Good,6,Lo-fi,Tamil,Studying,playlist_1
60,Female,Tired,6,Fair,5,Pop,Malayalam,Meditation,playlist_5
63,Other,Sad,9,Poor,2,Pop,Other,Sleeping,playlist_2
70,Male,Tired,5,Good,8,Nature Sounds,Spanish,Sleeping,playlist_5
35,Male,Angry,8,Fair,3,Instrumental,Spanish,Relaxation,playlist_4
49,Male,Tired,1,Poor,5,Lo-fi,Spanish,Relaxation,playlist_5
72,Prefer not to say,Tired,5,Good,8,Nature Sounds,Spanish,Exercise,playlist_5
46,Female,Tired,10,Fair,9,Lo-fi,English,Meditation,playlist_3
44,Female,Angry,1,Poor,9,Lo-fi,Hindi,Sleeping,playlist_4
69,Male,Tired,10,Fair,5,Instrumental,Hindi,Studying,playlist_1
53,Female,Angry,6,Fair,2,Instrumental,Spanish,Exercise,playlist_4
63,Male,Sad,7,Fair,7,Nature Sounds,Tamil,Meditation,playlist_3
26,Other,Happy,5,Good,7,Classical,Malayalam,Relaxation,playlist_1
55,Female,Sad,1,Poor,8,Nature Sounds,Telugu,Meditation,playlist_3
61,Female,Happy,6,Fair,8,Nature Sounds,Telugu,Relaxation,playlist_1
32,Male,Sad,10,Fair,5,Classical,Spanish,Meditation,playlist_2
35,Female,Happy,5,Fair,1,Lo-fi,Other,Studying,playlist_1
27,Male,Happy,6,Good,4,Pop,English,Exercise,playlist_1
35,Male,Anxiety,10,Fair,4,Classical,Other,Relaxation,playlist_3
22,Male,Happy,7,Good,3,Pop,English,Studying,playlist_1
60,Female,Happy,7,Good,8,Lo-fi,Tamil,Sleeping,playlist_2
54,Male,Anxiety,2,Fair,3,Classical,Malayalam,Studying,playlist_1
60,Male,Tired,3,Fair,5,Instrumental,Telugu,Studying,playlist_1
21,Female,Tired,6,Good,2,Nature Sounds,Hindi,Studying,playlist_1
37,Male,Anxiety,3,Good,6,Classical,Malayalam,Relaxation,playlist_3
58,Male,Angry,2,Fair,6,Classical,Telugu,Sleeping,playlist_4
46,Female,Happy,4,Good,8,Lo-fi,Malayalam,Exercise,playlist_5
25,Male,Happy,5,Good,8,Instrumental,Tamil,Studying,playlist_1
36,Male,Anxiety,10,Fair,1,Classical,Telugu,Relaxation,playlist_3
36,Female,Anxiety,9,Fair,5,Instrumental,Kannada,Relaxation,playlist_3
57,Male,Angry,3,Poor,2,Pop,Spanish,Exercise,playlist_5
39,Female,Tired,3,Fair,10,Classical,Tamil,Meditation,playlist_3
36,Male,Sad,6,Fair,5,Instrumental,Kannada,Sleeping,playlist_2
42,Prefer not to say,Tired,5,Fair,10,Nature Sounds,Other,Sleeping,playlist_5
43,Male,Happy,6,Poor,9,Lo-fi,Malayalam,Studying,playlist_1
27,Female,Anxiety,7,Good,4,Instrumental,Tamil,Meditation,playlist_3
32,Female,Angry,3,Fair,8,Lo-fi,Other,Sleeping,playlist_4
16,Male,Tired,5,Fair,1,Classical,Hindi,Studying,playlist_1
43,Male,Angry,8,Poor,8,Classical,Tamil,Meditation,playlist_3
35,Male,Tired,4,Poor,6,Pop,Tamil,Relaxation,playlist_5
29,Male,Happy,10,Poor,8,Lo-fi,Spanish,Studying,playlist_1
66,Male,Sad,2,Good,6,Nature Sounds,Tamil,Meditation,playlist_2
41,Other,Angry,4,Poor,3,Nature Sounds,Tamil,Exercise,playlist_5
64,Male,Angry,2,Good,8,Instrumental,English,Sleeping,playlist_4
45,Male,Sad,3,Fair,5,Nature Sounds,Kannada,Studying,playlist_1
29,Female,Angry,4,Fair,10,Lo-fi,Tamil,Relaxation,playlist_4
65,Female,Angry,4,Fair,5,Classical,Tamil,Studying,playlist_1
37,Male,Tired,10,Poor,7,Lo-fi,Malayalam,Sleeping,playlist_2
38,Female,Tired,9,Fair,6,Lo-fi,English,Sleeping,playlist_2
58,Female,Sad,10,Poor,9,Classical,Telugu,Meditation,playlist_3
27,Male,Happy,6,Good,7,Lo-fi,Other,Relaxation,playlist_1
36,Male,Angry,9,Fair,3,Nature Sounds,Malayalam,Meditation,playlist_4
57,Male,Happy,4,Good,5,Instrumental,Malayalam,Relaxation,playlist_1
51,Male,Sad,9,Poor,9,Instrumental,Spanish,Studying,playlist_1
47,Male,Sad,9,Poor,10,Lo-fi,Spanish,Studying,playlist_1
70,Male,Tired,6,Fair,2,Classical,Other,Meditation,playlist_5
17,Female,Angry,5,Fair,1,Pop,English,Exercise,playlist_5
68,Female,Anxiety,3,Poor,8,Lo-fi,Other,Sleeping,playlist_3
33,Female,Sad,5,Fair,8,Lo-fi,English,Meditation,playlist_3
37,Female,Angry,3,Fair,2,Pop,Spanish,Meditation,playlist_4
43,Female,Happy,5,Good,8,Instrumental,English,Studying,playlist_1
44,Female,Tired,5,Poor,5,Instrumental,Malayalam,Sleeping,playlist_5
53,Female,Happy,2,Good,2,Pop,Malayalam,Meditation,playlist_1
58,Male,Sad,9,Fair,7,Classical,Spanish,Studying,playlist_1
61,Male,Sad,7,Good,7,Lo-fi,Tamil,Studying,playlist_1
39,Female,Happy,6,Poor,3,Nature Sounds,English,Meditation,playlist_1
51,Male,Sad,5,Good,1,Instrumental,Other,Meditation,playlist_2
61,Male,Angry,4,Good,4,Instrumental,English,Studying,playlist_1
22,Male,Sad,8,Fair,2,Instrumental,Spanish,Meditation,playlist_2
56,Prefer not to say,Tired,2,Poor,4,Classical,Malayalam,Sleeping,playlist_5
72,Male,Angry,8,Fair,8,Pop,Malayalam,Studying,playlist_1
30,Male,Anxiety,1,Fair,2,Classical,English,Studying,playlist_1
22,Male,Sad,10,Poor,1,Instrumental,Tamil,Meditation,playlist_2
15,Female,Sad,1,Good,3,Lo-fi,Hindi,Meditation,playlist_2
58,Male,Tired,3,Fair,10,Instrumental,Hindi,Meditation,playlist_3
19,Male,Tired,5,Good,7,Lo-fi,Other,Sleeping,playlist_5
17,Prefer not to say,Happy,6,Poor,6,Lo-fi,Telugu,Studying,playlist_1
15,Female,Happy,4,Fair,6,Instrumental,Tamil,Exercise,playlist_5
18,Female,Happy,7,Good,7,Instrumental,Malayalam,Sleeping,playlist_2
54,Prefer not to say,Tired,7,Good,8,Lo-fi,English,Sleeping,playlist_2
49,Male,Happy,2,Fair,3,Classical,Spanish,Studying,playlist_1
46,Female,Happy,2,Poor,3,Classical,English,Exercise,playlist_5
56,Male,Anxiety,2,Good,10,Classical,Other,Studying,playlist_1
48,Female,Happy,2,Poor,8,Nature Sounds,Other,Sleeping,playlist_1
57,Male,Sad,9,Fair,7,Lo-fi,English,Meditation,playlist_3
39,Male,Tired,5,Good,10,Nature Sounds,Other,Studying,playlist_1
24,Male,Angry,8,Good,5,Nature Sounds,Other,Studying,playlist_1
35,Male,Anxiety,5,Good,4,Lo-fi,Other,Meditation,playlist_3
60,Female,Tired,5,Poor,6,Nature Sounds,Hindi,Exercise,playlist_5
53,Female,Tired,1,Good,9,Lo-fi,Spanish,Exercise,playlist_5
41,Female,Sad,6,Good,6,Pop,Malayalam,Studying,playlist_1
41,Male,Happy,4,Fair,8,Pop,Spanish,Meditation,playlist_3
16,Male,Sad,3,Good,1,Lo-fi,English,Studying,playlist_1
55,Female,Happy,6,Poor,6,Lo-fi,English,Meditation,playlist_1
62,Female,Happy,2,Fair,2,Lo-fi,Hindi,Sleeping,playlist_1
27,Male,Tired,8,Fair,3,Classical,English,Meditation,playlist_5
23,Female,Happy,1,Good,6,Lo-fi,Other,Studying,playlist_1
66,Female,Anxiety,9,Fair,2,Instrumental,Spanish,Relaxation,playlist_3
50,Male,Anxiety,8,Good,4,Pop,Telugu,Exercise,playlist_3
36,Male,Anxiety,1,Fair,6,Pop,Malayalam,Studying,playlist_1
56,Male,Tired,10,Poor,5,Lo-fi,Spanish,Meditation,playlist_5
40,Other,Sad,9,Good,6,Pop,Kannada,Meditation,playlist_2
72,Male,Angry,2,Poor,6,Lo-fi,Spanish,Exercise,playlist_5
68,Male,Happy,3,Good,8,Lo-fi,Spanish,Studying,playlist_1
26,Female,Angry,2,Poor,9,Pop,Telugu,Relaxation,playlist_4
31,Male,Sad,8,Poor,5,Pop,Other,Sleeping,playlist_2
28,Female,Sad,2,Fair,6,Instrumental,Tamil,Relaxation,playlist_2
28,Male,Tired,10,Good,6,Nature Sounds,Spanish,Sleeping,playlist_2
71,Prefer not to say,Anxiety,2,Fair,6,Instrumental,Telugu,Sleeping,playlist_3
48,Female,Anxiety,1,Poor,2,Instrumental,Telugu,Studying,playlist_1
67,Female,Sad,7,Good,4,Pop,Spanish,Sleeping,playlist_2
71,Male,Tired,2,Poor,1,Instrumental,Spanish,Meditation,playlist_5
34,Male,Tired,10,Poor,1,Pop,Hindi,Sleeping,playlist_2
25,Female,Happy,5,Poor,1,Classical,Tamil,Sleeping,playlist_1
30,Male,Anxiety,5,Poor,7,Lo-fi,Spanish,Exercise,playlist_5
65,Female,Sad,3,Fair,1,Nature Sounds,Malayalam,Exercise,playlist_5
45,Female,Angry,3,Poor,6,Classical,Spanish,Studying,playlist_1
69,Female,Anxiety,3,Fair,2,Lo-fi,Malayalam,Studying,playlist_1
20,Male,Happy,6,Poor,6,Lo-fi,Telugu,Meditation,playlist_1
70,Female,Tired,4,Good,6,Nature Sounds,Kannada,Exercise,playlist_5
33,Female,Sad,3,Poor,3,Instrumental,Telugu,Relaxation,playlist_2
51,Female,Anxiety,2,Poor,8,Lo-fi,English,Studying,playlist_1
72,Female,Angry,3,Good,4,Nature Sounds,Hindi,Studying,playlist_1
18,Male,Happy,4,Good,7,Pop,English,Exercise,playlist_5
61,Female,Happy,6,Poor,4,Lo-fi,Other,Exercise,playlist_1
18,Other,Anxiety,4,Poor,1,Lo-fi,Tamil,Meditation,playlist_3
34,Male,Angry,8,Fair,6,Instrumental,Tamil,Exercise,playlist_4
24,Male,Happy,3,Good,5,Instrumental,Hindi,Sleeping,playlist_1
38,Male,Sad,3,Good,9,Pop,Telugu,Relaxation,playlist_2
68,Female,Happy,3,Fair,9,Lo-fi,Tamil,Sleeping,playlist_1
49,Female,Angry,8,Poor,8,Instrumental,Kannada,Sleeping,playlist_2
40,Male,Tired,4,Poor,7,Nature Sounds,Spanish,Sleeping,playlist_5
51,Female,Tired,1,Good,2,Lo-fi,Hindi,Studying,playlist_1
52,Female,Anxiety,2,Fair,8,Nature Sounds,English,Sleeping,playlist_3
35,Other,Angry,10,Poor,3,Classical,Kannada,Studying,playlist_1
68,Female,Happy,2,Good,6,Pop,Spanish,Exercise,playlist_5
54,Female,Happy,3,Poor,10,Instrumental,Spanish,Relaxation,playlist_1
53,Female,Tired,6,Poor,7,Classical,Malayalam,Relaxation,playlist_5
35,Male,Tired,8,Poor,6,Instrumental,Hindi,Sleeping,playlist_2
24,Female,Sad,1,Good,5,Classical,Kannada,Relaxation,playlist_2
52,Female,Tired,9,Fair,4,Instrumental,Spanish,Studying,playlist_1
60,Male,Sad,1,Fair,2,Pop,Hindi,Exercise,playlist_5
18,Male,Happy,10,Poor,9,Lo-fi,English,Sleeping,playlist_2
74,Male,Sad,2,Fair,7,Nature Sounds,Telugu,Meditation,playlist_3
71,Male,Sad,3,Poor,7,Classical,Hindi,Relaxation,playlist_2
59,Female,Anxiety,7,Good,4,Nature Sounds,Tamil,Relaxation,playlist_3
34,Female,Tired,9,Good,5,Nature Sounds,Other,Sleeping,playlist_2
31,Male,Sad,3,Good,6,Instrumental,English,Relaxation,playlist_2
69,Male,Happy,8,Poor,2,Lo-fi,English,Relaxation,playlist_1
21,Female,Angry,9,Fair,4,Instrumental,Kannada,Meditation,playlist_4
18,Male,Sad,10,Good,4,Nature Sounds,Tamil,Studying,playlist_1
43,Male,Tired,7,Poor,4,Pop,Kannada,Sleeping,playlist_2
28,Male,Anxiety,4,Fair,7,Lo-fi,Other,Sleeping,playlist_3
17,Male,Happy,4,Fair,7,Lo-fi,Malayalam,Meditation,playlist_3
38,Male,Anxiety,4,Fair,7,Nature Sounds,English,Meditation,playlist_3
51,Male,Angry,6,Poor,7,Instrumental,Hindi,Studying,playlist_1
30,Female,Sad,4,Poor,2,Pop,Malayalam,Exercise,playlist_5
72,Male,Sad,5,Poor,5,Classical,Tamil,Sleeping,playlist_2
69,Male,Tired,9,Good,10,Instrumental,English,Relaxation,playlist_5
66,Other,Sad,7,Poor,2,Lo-fi,Spanish,Studying,playlist_1
18,Female,Happy,8,Good,5,Instrumental,Tamil,Sleeping,playlist_2
70,Male,Angry,5,Good,6,Classical,Malayalam,Studying,playlist_1
38,Male,Anxiety,5,Good,3,Pop,Hindi,Exercise,playlist_5
48,Female,Angry,7,Poor,6,Pop,Telugu,Sleeping,playlist_2
44,Female,Sad,8,Good,5,Classical,Kannada,Relaxation,playlist_2
32,Male,Anxiety,9,Poor,4,Classical,Spanish,Sleeping,playlist_2
33,Male,Tired,2,Poor,10,Nature Sounds,Kannada,Studying,playlist_1
45,Other,Angry,3,Good,9,Lo-fi,Other,Exercise,playlist_5
74,Female,Anxiety,2,Good,8,Nature Sounds,Other,Studying,playlist_1
74,Male,Anxiety,10,Good,7,Instrumental,Malayalam,Studying,playlist_1
33,Male,Anxiety,7,Poor,1,Classical,English,Meditation,playlist_3
63,Male,Happy,2,Poor,9,Nature Sounds,English,Studying,playlist_1
60,Male,Angry,2,Good,9,Lo-fi,Hindi,Exercise,playlist_5
33,Other,Anxiety,2,Good,6,Lo-fi,Other,Relaxation,playlist_3
36,Male,Angry,4,Fair,7,Classical,English,Meditation,playlist_3
38,Prefer not to say,Anxiety,1,Good,3,Nature Sounds,English,Studying,playlist_1
59,Male,Tired,2,Fair,5,Pop,English,Sleeping,playlist_5
26,Male,Tired,3,Fair,7,Classical,Tamil,Meditation,playlist_3
44,Male,Tired,7,Poor,1,Instrumental,Tamil,Exercise,playlist_5
72,Female,Sad,10,Poor,1,Nature Sounds,Other,Sleeping,playlist_2
52,Female,Anxiety,1,Fair,5,Nature Sounds,Telugu,Exercise,playlist_5
67,Female,Sad,6,Fair,9,Classical,Other,Sleeping,playlist_2
45,Female,Angry,3,Good,7,Nature Sounds,Tamil,Relaxation,playlist_4
50,Male,Sad,3,Fair,1,Nature Sounds,Other,Exercise,playlist_5
33,Female,Angry,4,Good,5,Instrumental,Spanish,Sleeping,playlist_4
62,Male,Angry,4,Poor,8,Instrumental,Spanish,Exercise,playlist_5
59,Female,Angry,7,Good,8,Pop,Kannada,Meditation,playlist_3
50,Male,Sad,3,Poor,2,Instrumental,Spanish,Exercise,playlist_5
44,Male,Anxiety,8,Fair,7,Pop,Malayalam,Exercise,playlist_3
69,Female,Sad,8,Fair,10,Instrumental,Telugu,Sleeping,playlist_2
63,Male,Anxiety,7,Fair,5,Pop,English,Exercise,playlist_3
69,Other,Anxiety,2,Good,9,Instrumental,Kannada,Relaxation,playlist_3
47,Female,Angry,5,Poor,3,Instrumental,Telugu,Studying,playlist_1
32,Male,Sad,6,Poor,1,Classical,Malayalam,Meditation,playlist_2
66,Male,Anxiety,10,Poor,4,Instrumental,Telugu,Sleeping,playlist_2
63,Female,Tired,4,Poor,7,Pop,Kannada,Exercise,playlist_5
73,Female,Anxiety,10,Poor,1,Classical,Telugu,Exercise,playlist_3
42,Male,Tired,5,Good,2,Pop,Kannada,Exercise,playlist_5
73,Other,Sad,9,Poor,5,Instrumental,Telugu,Meditation,playlist_2
61,Other,Sad,7,Fair,9,Instrumental,Telugu,Studying,playlist_1
25,Female,Sad,2,Poor,1,Pop,Spanish,Relaxation,playlist_2
71,Female,Anxiety,1,Fair,4,Nature Sounds,Telugu,Relaxation,playlist_3
74,Male,Happy,2,Good,3,Classical,Kannada,Sleeping,playlist_1
68,Female,Anxiety,3,Good,5,Classical,Telugu,Studying,playlist_1
59,Male,Anxiety,2,Fair,5,Instrumental,Other,Studying,playlist_1
47,Male,Angry,3,Poor,10,Classical,Spanish,Meditation,playlist_3
31,Female,Angry,10,Good,2,Pop,Malayalam,Exercise,playlist_4
20,Male,Anxiety,9,Good,5,Instrumental,Malayalam,Studying,playlist_1
18,Female,Tired,4,Good,9,Classical,Tamil,Exercise,playlist_5
34,Female,Angry,9,Poor,5,Lo-fi,Tamil,Meditation,playlist_4
62,Male,Anxiety,3,Fair,10,Classical,Tamil,Sleeping,playlist_3
61,Male,Happy,1,Fair,2,Pop,Tamil,Sleeping,playlist_1
41,Female,Tired,5,Poor,7,Classical,Other,Exercise,playlist_5
29,Male,Sad,10,Good,6,Nature Sounds,Tamil,Exercise,playlist_2
20,Female,Anxiety,10,Poor,7,Nature Sounds,Malayalam,Studying,playlist_1
61,Male,Anxiety,2,Poor,8,Instrumental,English,Meditation,playlist_3
28,Female,Tired,4,Fair,10,Nature Sounds,Telugu,Sleeping,playlist_5
74,Male,Angry,2,Poor,5,Pop,Malayalam,Studying,playlist_1
25,Male,Angry,2,Poor,2,Lo-fi,Malayalam,Relaxation,playlist_4
53,Male,Angry,3,Good,7,Lo-fi,Hindi,Studying,playlist_1
23,Male,Sad,5,Good,7,Instrumental,English,Exercise,playlist_5
40,Female,Tired,4,Fair,8,Instrumental,Kannada,Relaxation,playlist_5
30,Female,Tired,2,Good,7,Nature Sounds,Spanish,Studying,playlist_1
19,Male,Angry,10,Poor,10,Pop,English,Meditation,playlist_3
71,Male,Angry,2,Poor,7,Nature Sounds,Hindi,Sleeping,playlist_4
66,Female,Happy,6,Poor,9,Pop,Malayalam,Relaxation,playlist_1
24,Female,Happy,7,Fair,8,Pop,English,Meditation,playlist_3
64,Female,Anxiety,10,Good,2,Lo-fi,Telugu,Studying,playlist_1
17,Male,Anxiety,6,Poor,2,Pop,Tamil,Exercise,playlist_3
27,Female,Tired,7,Good,7,Classical,Telugu,Exercise,playlist_5
57,Other,Tired,1,Good,10,Pop,English,Meditation,playlist_3
63,Male,Sad,6,Good,10,Lo-fi,Malayalam,Exercise,playlist_2
44,Female,Sad,3,Good,3,Nature Sounds,Malayalam,Sleeping,playlist_2
68,Female,Happy,1,Fair,1,Pop,Hindi,Meditation,playlist_1
59,Other,Anxiety,8,Fair,9,Classical,Kannada,Meditation,playlist_3
20,Female,Happy,4,Fair,3,Instrumental,Telugu,Exercise,playlist_5
31,Prefer not to say,Happy,10,Poor,1,Nature Sounds,Hindi,Meditation,playlist_1
73,Male,Anxiety,8,Poor,6,Instrumental,Kannada,Studying,playlist_1
59,Male,Sad,10,Poor,4,Classical,Tamil,Relaxation,playlist_2
65,Female,Anxiety,4,Fair,1,Lo-fi,Telugu,Relaxation,playlist_3
67,Female,Angry,4,Good,4,Lo-fi,Malayalam,Exercise,playlist_5
33,Female,Angry,10,Fair,8,Nature Sounds,Telugu,Sleeping,playlist_2
56,Female,Angry,4,Poor,7,Pop,Malayalam,Sleeping,playlist_4
49,Female,Tired,6,Poor,1,Pop,Malayalam,Exercise,playlist_5
60,Female,Sad,9,Good,10,Instrumental,Tamil,Exercise,playlist_2
40,Female,Sad,5,Fair,9,Lo-fi,Tamil,Meditation,playlist_3
65,Female,Tired,10,Good,6,Pop,English,Sleeping,playlist_2
19,Male,Happy,8,Fair,2,Pop,Kannada,Relaxation,playlist_1
43,Female,Angry,8,Poor,3,Lo-fi,Hindi,Exercise,playlist_4
51,Male,Angry,4,Good,7,Lo-fi,Spanish,Relaxation,playlist_4
34,Male,Happy,10,Good,3,Classical,Spanish,Relaxation,playlist_1
63,Male,Anxiety,9,Fair,3,Instrumental,Tamil,Sleeping,playlist_2
35,Other,Anxiety,9,Fair,5,Lo-fi,English,Relaxation,playlist_3
24,Male,Sad,5,Fair,3,Classical,Kannada,Meditation,playlist_2
19,Male,Tired,6,Poor,3,Lo-fi,Other,Meditation,playlist_5
50,Male,Sad,5,Fair,5,Nature Sounds,Kannada,Sleeping,playlist_2
20,Male,Anxiety,3,Poor,5,Nature Sounds,Telugu,Meditation,playlist_3
40,Male,Happy,8,Fair,9,Nature Sounds,English,Exercise,playlist_1
18,Male,Sad,9,Fair,1,Lo-fi,English,Sleeping,playlist_2
53,Male,Angry,4,Poor,1,Pop,Telugu,Relaxation,playlist_4
53,Female,Angry,9,Fair,9,Pop,Spanish,Exercise,playlist_4
64,Female,Happy,9,Poor,5,Nature Sounds,Hindi,Sleeping,playlist_2
49,Male,Anxiety,7,Poor,4,Instrumental,Spanish,Relaxation,playlist_3
15,Female,Angry,8,Fair,2,Classical,Tamil,Relaxation,playlist_4
38,Female,Angry,3,Fair,9,Nature Sounds,Malayalam,Relaxation,playlist_4
71,Female,Tired,5,Good,6,Classical,Telugu,Relaxation,playlist_5
50,Female,Sad,3,Fair,9,Classical,Tamil,Relaxation,playlist_2
20,Male,Anxiety,7,Good,5,Nature Sounds,Malayalam,Sleeping,playlist_2
55,Female,Sad,6,Fair,4,Pop,English,Meditation,playlist_2
68,Male,Anxiety,3,Poor,7,Instrumental,Spanish,Relaxation,playlist_3
60,Male,Angry,9,Poor,5,Nature Sounds,Telugu,Exercise,playlist_4
74,Male,Tired,1,Good,8,Classical,Malayalam,Sleeping,playlist_5
58,Female,Sad,10,Fair,8,Lo-fi,Hindi,Studying,playlist_1
74,Female,Angry,3,Good,2,Lo-fi,Tamil,Meditation,playlist_4
71,Male,Anxiety,10,Fair,5,Classical,Spanish,Exercise,playlist_3
45,Female,Sad,7,Fair,10,Nature Sounds,Tamil,Relaxation,playlist_2
34,Female,Sad,3,Poor,8,Pop,Tamil,Sleeping,playlist_2
38,Male,Angry,3,Good,3,Nature Sounds,English,Sleeping,playlist_4
39,Male,Sad,2,Poor,7,Instrumental,Spanish,Relaxation,playlist_2
50,Female,Tired,9,Poor,3,Lo-fi,Malayalam,Exercise,playlist_5
35,Male,Tired,4,Poor,6,Classical,Tamil,Sleeping,playlist_5
44,Female,Angry,10,Good,2,Pop,Kannada,Meditation,playlist_4
38,Female,Anxiety,6,Fair,6,Nature Sounds,Spanish,Exercise,playlist_3
58,Male,Angry,2,Fair,6,Instrumental,Tamil,Relaxation,playlist_4
56,Male,Tired,9,Good,8,Nature Sounds,English,Exercise,playlist_5
44,Male,Happy,7,Fair,5,Instrumental,Telugu,Exercise,playlist_1
36,Female,Happy,10,Good,1,Nature Sounds,Tamil,Studying,playlist_1
42,Male,Sad,5,Good,8,Pop,Tamil,Relaxation,playlist_2
21,Female,Sad,7,Fair,9,Pop,Telugu,Meditation,playlist_3
49,Male,Happy,4,Poor,1,Classical,Malayalam,Relaxation,playlist_1
69,Male,Tired,10,Good,5,Pop,Malayalam,Studying,playlist_1
42,Female,Sad,7,Good,6,Instrumental,Other,Relaxation,playlist_2
28,Female,Angry,2,Good,4,Classical,Kannada,Relaxation,playlist_4
70,Female,Angry,7,Good,2,Pop,English,Meditation,playlist_4
24,Male,Tired,4,Fair,5,Lo-fi,Telugu,Studying,playlist_1
30,Male,Sad,4,Fair,4,Instrumental,English,Relaxation,playlist_2
30,Female,Angry,1,Good,7,Classical,Malayalam,Relaxation,playlist_4
68,Female,Sad,3,Poor,6,Instrumental,Telugu,Sleeping,playlist_2
45,Female,Sad,5,Fair,3,Classical,Hindi,Relaxation,playlist_2
56,Male,Angry,5,Poor,9,Instrumental,Kannada,Meditation,playlist_3
39,Male,Happy,2,Poor,4,Lo-fi,Other,Sleeping,playlist_1
27,Female,Angry,4,Good,5,Pop,Hindi,Studying,playlist_1
20,Female,Tired,1,Fair,3,Nature Sounds,Malayalam,Exercise,playlist_5
58,Female,Anxiety,9,Good,8,Nature Sounds,Spanish,Meditation,playlist_3
23,Female,Angry,1,Good,7,Nature Sounds,Telugu,Studying,playlist_1
59,Male,Sad,6,Poor,7,Classical,Malayalam,Sleeping,playlist_2
50,Female,Sad,7,Poor,8,Pop,Telugu,Exercise,playlist_2
70,Female,Angry,3,Poor,7,Classical,English,Studying,playlist_1
57,Male,Anxiety,1,Good,3,Classical,Telugu,Meditation,playlist_3
34,Male,Angry,7,Good,3,Classical,Malayalam,Sleeping,playlist_2
32,Female,Anxiety,3,Good,2,Classical,English,Meditation,playlist_3
72,Male,Anxiety,10,Good,1,Pop,English,Meditation,playlist_3
57,Female,Tired,6,Good,5,Nature Sounds,Telugu,Sleeping,playlist_5
71,Female,Sad,6,Good,4,Instrumental,English,Relaxation,playlist_2
35,Female,Sad,4,Good,2,Classical,Other,Meditation,playlist_2
18,Other,Anxiety,6,Good,1,Pop,Other,Sleeping,playlist_3
64,Female,Sad,10,Fair,3,Lo-fi,Malayalam,Meditation,playlist_2
47,Male,Happy,4,Fair,6,Instrumental,Spanish,Relaxation,playlist_1
41,Female,Anxiety,8,Fair,2,Classical,Kannada,Sleeping,playlist_2
21,Male,Sad,9,Fair,10,Classical,Hindi,Studying,playlist_1
20,Male,Happy,2,Good,7,Instrumental,Other,Studying,playlist_1
29,Female,Tired,7,Good,7,Instrumental,Telugu,Studying,playlist_1
32,Male,Sad,9,Poor,3,Classical,Other,Exercise,playlist_2
46,Male,Happy,9,Poor,1,Pop,English,Meditation,playlist_1
70,Male,Angry,5,Fair,9,Lo-fi,English,Meditation,playlist_3
25,Other,Angry,1,Poor,5,Pop,Malayalam,Sleeping,playlist_4
34,Male,Happy,6,Fair,2,Nature Sounds,English,Exercise,playlist_1
38,Male,Anxiety,8,Good,8,Nature Sounds,English,Meditation,playlist_3
29,Prefer not to say,Anxiety,1,Good,10,Nature Sounds,Kannada,Sleeping,playlist_3
62,Female,Sad,2,Poor,10,Classical,Spanish,Relaxation,playlist_2
21,Male,Angry,1,Good,4,Lo-fi,Telugu,Meditation,playlist_4
35,Female,Anxiety,5,Good,10,Lo-fi,Telugu,Meditation,playlist_3
56,Male,Anxiety,2,Fair,7,Classical,Malayalam,Relaxation,playlist_3
40,Male,Angry,10,Poor,5,Classical,Kannada,Relaxation,playlist_4
58,Female,Tired,10,Good,3,Classical,Kannada,Meditation,playlist_5
70,Male,Anxiety,4,Poor,10,Lo-fi,Kannada,Relaxation,playlist_3
28,Female,Happy,1,Good,8,Classical,Telugu,Sleeping,playlist_1
71,Female,Sad,7,Fair,2,Instrumental,Spanish,Meditation,playlist_2
51,Male,Anxiety,8,Good,1,Instrumental,Tamil,Meditation,playlist_3
72,Female,Anxiety,5,Poor,5,Instrumental,Malayalam,Studying,playlist_1
35,Male,Tired,2,Poor,4,Classical,Malayalam,Meditation,playlist_5
32,Male,Happy,8,Fair,10,Instrumental,Hindi,Studying,playlist_1
19,Female,Sad,1,Good,7,Classical,Other,Relaxation,playlist_2
17,Male,Anxiety,7,Fair,9,Instrumental,Other,Relaxation,playlist_3
37,Female,Sad,1,Poor,6,Classical,Kannada,Sleeping,playlist_2
40,Male,Angry,6,Fair,1,Pop,Other,Studying,playlist_1
51,Female,Anxiety,6,Good,8,Nature Sounds,Kannada,Meditation,playlist_3
38,Female,Anxiety,5,Good,2,Pop,Telugu,Studying,playlist_1
63,Male,Angry,2,Fair,4,Nature Sounds,Spanish,Relaxation,playlist_4
33,Female,Tired,2,Poor,3,Nature Sounds,Malayalam,Relaxation,playlist_5
65,Female,Anxiety,9,Poor,6,Instrumental,Other,Sleeping,playlist_2
39,Prefer not to say,Sad,5,Fair,2,Nature Sounds,Telugu,Relaxation,playlist_2
35,Male,Happy,5,Good,5,Nature Sounds,Spanish,Studying,playlist_1
26,Other,Sad,7,Good,9,Pop,Hindi,Meditation,playlist_3
71,Female,Tired,6,Good,3,Nature Sounds,English,Meditation,playlist_5
55,Female,Happy,2,Good,2,Classical,Telugu,Studying,playlist_1
47,Other,Sad,1,Poor,2,Classical,Spanish,Sleeping,playlist_2
64,Female,Sad,5,Good,9,Instrumental,Spanish,Meditation,playlist_3
67,Female,Angry,4,Fair,6,Pop,Hindi,Studying,playlist_1
18,Female,Tired,3,Fair,2,Lo-fi,Spanish,Studying,playlist_1
56,Female,Angry,2,Fair,3,Pop,Other,Relaxation,playlist_4
71,Male,Happy,10,Fair,1,Lo-fi,Telugu,Relaxation,playlist_1
21,Male,Angry,2,Good,2,Nature Sounds,Telugu,Sleeping,playlist_4
36,Female,Tired,4,Poor,2,Lo-fi,Telugu,Sleeping,playlist_5
69,Prefer not to say,Anxiety,2,Good,2,Nature Sounds,Tamil,Sleeping,playlist_3
47,Female,Anxiety,4,Poor,7,Pop,Other,Studying,playlist_1
31,Female,Happy,3,Good,3,Pop,Spanish,Studying,playlist_1
38,Female,Anxiety,9,Poor,4,Instrumental,Tamil,Relaxation,playlist_3
48,Male,Angry,7,Fair,2,Instrumental,Kannada,Meditation,playlist_4
42,Male,Happy,3,Fair,5,Nature Sounds,Tamil,Sleeping,playlist_1
72,Male,Tired,8,Poor,9,Nature Sounds,Hindi,Exercise,playlist_5
57,Male,Happy,9,Poor,9,Classical,Telugu,Sleeping,playlist_2
55,Female,Happy,7,Poor,7,Classical,Tamil,Relaxation,playlist_1
53,Female,Sad,6,Fair,8,Classical,Malayalam,Studying,playlist_1
36,Male,Sad,4,Fair,5,Pop,Telugu,Relaxation,playlist_2
63,Male,Happy,5,Good,5,Lo-fi,English,Relaxation,playlist_1
31,Male,Anxiety,8,Poor,3,Nature Sounds,Kannada,Relaxation,playlist_3
48,Male,Sad,3,Poor,6,Instrumental,Tamil,Exercise,playlist_5
20,Female,Tired,2,Poor,1,Nature Sounds,Malayalam,Exercise,playlist_5
60,Male,Angry,3,Fair,3,Lo-fi,Spanish,Sleeping,playlist_4
20,Male,Sad,7,Poor,2,Nature Sounds,Malayalam,Studying,playlist_1
48,Other,Happy,8,Poor,7,Instrumental,Telugu,Relaxation,playlist_1
15,Male,Anxiety,1,Fair,9,Instrumental,English,Meditation,playlist_3
24,Female,Angry,7,Poor,4,Lo-fi,Kannada,Sleeping,playlist_2
35,Female,Sad,9,Good,7,Instrumental,Kannada,Sleeping,playlist_2
19,Male,Anxiety,3,Fair,8,Pop,English,Relaxation,playlist_3
16,Female,Anxiety,3,Fair,10,Instrumental,Tamil,Sleeping,playlist_3
36,Female,Anxiety,8,Fair,2,Lo-fi,Tamil,Relaxation,playlist_3
62,Male,Happy,4,Good,7,Lo-fi,Telugu,Sleeping,playlist_1
71,Male,Tired,8,Fair,3,Nature Sounds,Other,Studying,playlist_1
16,Female,Anxiety,5,Fair,8,Instrumental,Hindi,Sleeping,playlist_3
24,Male,Angry,3,Fair,6,Instrumental,Telugu,Sleeping,playlist_4
48,Male,Sad,4,Fair,3,Lo-fi,Telugu,Meditation,playlist_2
30,Male,Angry,4,Good,8,Nature Sounds,Spanish,Studying,playlist_1
62,Male,Happy,8,Poor,3,Nature Sounds,Telugu,Studying,playlist_1
65,Female,Happy,6,Poor,9,Pop,Spanish,Studying,playlist_1
53,Female,Angry,7,Fair,3,Pop,English,Sleeping,playlist_2
36,Female,Tired,9,Good,1,Lo-fi,Kannada,Exercise,playlist_5
26,Male,Happy,6,Fair,2,Nature Sounds,Kannada,Sleeping,playlist_1
38,Other,Happy,3,Poor,4,Nature Sounds,Hindi,Relaxation,playlist_1
61,Female,Angry,3,Poor,2,Pop,Other,Meditation,playlist_4
54,Female,Happy,3,Good,4,Pop,Tamil,Studying,playlist_1
52,Male,Tired,10,Poor,4,Lo-fi,Telugu,Relaxation,playlist_5
74,Female,Tired,2,Fair,4,Nature Sounds,English,Relaxation,playlist_5
73,Female,Tired,1,Good,1,Lo-fi,English,Exercise,playlist_5
24,Male,Sad,10,Poor,9,Pop,Telugu,Studying,playlist_1
49,Female,Tired,1,Fair,10,Instrumental,English,Sleeping,playlist_5
65,Female,Tired,4,Good,7,Pop,English,Studying,playlist_1
63,Male,Sad,3,Fair,2,Nature Sounds,Spanish,Meditation,playlist_2
46,Female,Anxiety,5,Poor,3,Lo-fi,Telugu,Studying,playlist_1
21,Male,Happy,9,Fair,8,Nature Sounds,Hindi,Relaxation,playlist_1
35,Female,Tired,8,Good,7,Pop,English,Relaxation,playlist_5
34,Prefer not to say,Happy,9,Fair,4,Pop,Kannada,Sleeping,playlist_2
40,Prefer not to say,Angry,5,Poor,4,Classical,Malayalam,Sleeping,playlist_4
18,Female,Happy,8,Good,9,Pop,Kannada,Sleeping,playlist_2
60,Female,Sad,4,Good,5,Nature Sounds,Other,Meditation,playlist_2
66,Female,Happy,5,Poor,5,Lo-fi,Spanish,Studying,playlist_1
36,Female,Happy,3,Fair,7,Lo-fi,Spanish,Exercise,playlist_5
29,Male,Happy,5,Fair,1,Classical,Other,Studying,playlist_1
70,Male,Anxiety,3,Poor,3,Nature Sounds,Malayalam,Sleeping,playlist_3
54,Female,Anxiety,5,Good,2,Pop,Malayalam,Meditation,playlist_3
35,Male,Angry,5,Poor,10,Instrumental,Kannada,Studying,playlist_1
29,Other,Sad,6,Good,6,Lo-fi,Telugu,Relaxation,playlist_2
36,Female,Happy,9,Good,6,Nature Sounds,Other,Studying,playlist_1
66,Male,Happy,1,Fair,10,Classical,Malayalam,Relaxation,playlist_1
42,Male,Happy,10,Poor,1,Instrumental,Kannada,Studying,playlist_1
28,Female,Happy,6,Good,6,Nature Sounds,Tamil,Studying,playlist_1
41,Other,Anxiety,1,Fair,10,Pop,English,Studying,playlist_1
55,Male,Angry,6,Poor,2,Lo-fi,Spanish,Sleeping,playlist_4
54,Female,Tired,2,Poor,4,Pop,Hindi,Relaxation,playlist_5
72,Female,Sad,8,Good,6,Classical,Malayalam,Meditation,playlist_2
42,Female,Happy,3,Good,3,Lo-fi,Other,Exercise,playlist_5
40,Female,Angry,10,Good,3,Instrumental,Other,Relaxation,playlist_4
63,Male,Tired,6,Poor,3,Lo-fi,Other,Sleeping,playlist_5
16,Female,Angry,6,Good,4,Pop,Kannada,Relaxation,playlist_4
39,Male,Anxiety,4,Poor,9,Nature Sounds,Other,Meditation,playlist_3
70,Male,Tired,5,Fair,4,Nature Sounds,Telugu,Relaxation,playlist_5
17,Male,Angry,2,Poor,4,Nature Sounds,Spanish,Sleeping,playlist_4
22,Male,Anxiety,10,Good,4,Classical,Malayalam,Sleeping,playlist_2
58,Female,Angry,10,Poor,7,Classical,Hindi,Exercise,playlist_4
47,Male,Angry,8,Good,5,Nature Sounds,Spanish,Meditation,playlist_4
56,Female,Tired,10,Fair,2,Instrumental,Telugu,Exercise,playlist_5
66,Female,Anxiety,7,Good,7,Pop,Hindi,Studying,playlist_1
49,Other,Happy,10,Good,3,Instrumental,Hindi,Sleeping,playlist_2
20,Female,Sad,6,Good,1,Nature Sounds,English,Exercise,playlist_2
53,Prefer not to say,Tired,7,Good,9,Pop,Malayalam,Sleeping,playlist_2
66,Male,Anxiety,1,Good,5,Classical,Malayalam,Sleeping,playlist_3
37,Female,Angry,5,Good,10,Lo-fi,Malayalam,Studying,playlist_1
39,Male,Anxiety,7,Fair,1,Lo-fi,Hindi,Sleeping,playlist_2
73,Female,Sad,1,Fair,1,Pop,Tamil,Exercise,playlist_5
64,Male,Sad,2,Poor,1,Instrumental,Tamil,Meditation,playlist_2
57,Female,Happy,9,Good,9,Pop,Spanish,Relaxation,playlist_1
33,Male,Happy,3,Poor,8,Instrumental,Tamil,Exercise,playlist_5
19,Male,Sad,6,Fair,6,Instrumental,Other,Studying,playlist_1
65,Female,Tired,7,Fair,10,Lo-fi,Spanish,Relaxation,playlist_5
25,Other,Tired,9,Good,6,Classical,Telugu,Sleeping,playlist_2
70,Male,Angry,5,Good,6,Nature Sounds,English,Exercise,playlist_5
26,Other,Happy,4,Poor,4,Classical,Telugu,Relaxation,playlist_1
24,Male,Angry,2,Fair,5,Nature Sounds,Malayalam,Exercise,playlist_5
22,Female,Happy,3,Poor,10,Lo-fi,Malayalam,Sleeping,playlist_1
38,Prefer not to say,Sad,5,Poor,3,Nature Sounds,Kannada,Exercise,playlist_5
74,Male,Tired,2,Poor,3,Instrumental,Malayalam,Studying,playlist_1
42,Male,Tired,4,Good,10,Pop,Tamil,Relaxation,playlist_5
55,Male,Sad,1,Fair,7,Nature Sounds,English,Relaxation,playlist_2
50,Male,Angry,4,Poor,5,Classical,Tamil,Relaxation,playlist_4
51,Female,Angry,7,Fair,8,Lo-fi,English,Exercise,playlist_4
35,Female,Anxiety,3,Fair,5,Lo-fi,Other,Sleeping,playlist_3
22,Prefer not to say,Happy,10,Poor,4,Pop,Telugu,Exercise,playlist_1
69,Male,Angry,8,Poor,3,Instrumental,Malayalam,Exercise,playlist_4
23,Female,Sad,6,Good,2,Instrumental,Telugu,Relaxation,playlist_2
61,Male,Angry,6,Fair,3,Lo-fi,Other,Sleeping,playlist_4
29,Other,Tired,1,Poor,7,Instrumental,Tamil,Meditation,playlist_3
62,Male,Happy,5,Poor,8,Pop,Hindi,Sleeping,playlist_1
60,Prefer not to say,Anxiety,3,Fair,5,Lo-fi,Other,Exercise,playlist_5
54,Female,Happy,10,Poor,1,Instrumental,English,Studying,playlist_1
32,Female,Tired,1,Fair,3,Nature Sounds,Malayalam,Sleeping,playlist_5
56,Male,Tired,8,Poor,4,Nature Sounds,Kannada,Relaxation,playlist_5
74,Female,Tired,7,Fair,10,Instrumental,Spanish,Studying,playlist_1
34,Female,Tired,7,Poor,4,Nature Sounds,Hindi,Meditation,playlist_5
20,Female,Sad,10,Poor,1,Pop,Other,Meditation,playlist_2
26,Female,Anxiety,10,Good,10,Classical,Telugu,Studying,playlist_1
16,Male,Tired,10,Fair,9,Pop,English,Meditation,playlist_3
21,Male,Tired,4,Good,10,Pop,Hindi,Studying,playlist_1
30,Female,Angry,6,Poor,4,Instrumental,Spanish,Exercise,playlist_4
17,Male,Anxiety,9,Fair,2,Pop,Kannada,Studying,playlist_1
59,Female,Happy,3,Fair,9,Instrumental,Hindi,Exercise,playlist_5
17,Female,Anxiety,9,Poor,4,Lo-fi,Kannada,Relaxation,playlist_3
41,Male,Anxiety,4,Poor,4,Instrumental,Telugu,Relaxation,playlist_3
64,Female,Anxiety,5,Poor,6,Instrumental,Other,Meditation,playlist_3
57,Female,Tired,7,Poor,8,Lo-fi,English,Studying,playlist_1
54,Female,Tired,6,Fair,5,Classical,Telugu,Exercise,playlist_5
52,Female,Sad,10,Good,8,Lo-fi,English,Relaxation,playlist_2
47,Male,Happy,8,Fair,1,Instrumental,Hindi,Relaxation,playlist_1
42,Other,Angry,8,Fair,4,Nature Sounds,Telugu,Relaxation,playlist_4
15,Male,Anxiety,8,Fair,1,Instrumental,English,Meditation,playlist_3
69,Female,Happy,3,Fair,3,Lo-fi,Malayalam,Relaxation,playlist_1
22,Male,Happy,10,Poor,7,Instrumental,Kannada,Sleeping,playlist_2
51,Male,Sad,6,Good,1,Lo-fi,English,Meditation,playlist_2
46,Female,Angry,7,Fair,5,Pop,Malayalam,Studying,playlist_1
74,Male,Anxiety,9,Fair,1,Classical,Telugu,Sleeping,playlist_2
62,Prefer not to say,Angry,10,Good,6,Classical,Telugu,Meditation,playlist_4
57,Male,Sad,10,Poor,9,Lo-fi,Hindi,Meditation,playlist_3
51,Male,Tired,4,Fair,3,Classical,Other,Exercise,playlist_5
18,Male,Happy,5,Poor,6,Nature Sounds,Kannada,Sleeping,playlist_1
44,Male,Anxiety,8,Fair,4,Nature Sounds,English,Sleeping,playlist_2
20,Female,Tired,1,Fair,6,Classical,Telugu,Sleeping,playlist_5
60,Female,Sad,6,Good,2,Lo-fi,English,Relaxation,playlist_2
68,Male,Angry,4,Good,4,Nature Sounds,Tamil,Relaxation,playlist_4
33,Male,Happy,5,Poor,7,Classical,Other,Studying,playlist_1
46,Male,Anxiety,5,Fair,6,Instrumental,Kannada,Studying,playlist_1
23,Male,Tired,2,Poor,9,Nature Sounds,Kannada,Studying,playlist_1
26,Female,Tired,8,Good,7,Pop,Malayalam,Relaxation,playlist_5
25,Female,Happy,2,Good,1,Nature Sounds,Tamil,Exercise,playlist_5
60,Female,Angry,4,Good,6,Classical,Kannada,Studying,playlist_1
69,Prefer not to say,Sad,5,Good,3,Classical,Tamil,Meditation,playlist_2
30,Female,Angry,1,Good,8,Classical,English,Relaxation,playlist_4
15,Female,Angry,6,Poor,1,Lo-fi,Spanish,Exercise,playlist_4
59,Male,Angry,2,Poor,10,Lo-fi,Tamil,Meditation,playlist_3
69,Other,Happy,5,Good,2,Instrumental,Hindi,Meditation,playlist_1
67,Female,Happy,6,Fair,3,Instrumental,Malayalam,Relaxation,playlist_1
35,Male,Sad,8,Fair,3,Nature Sounds,Tamil,Sleeping,playlist_2
44,Female,Angry,9,Fair,7,Classical,English,Exercise,playlist_4
27,Prefer not to say,Happy,6,Fair,8,Instrumental,Kannada,Relaxation,playlist_1
48,Female,Sad,5,Fair,9,Classical,Hindi,Sleeping,playlist_2
18,Male,Sad,4,Good,7,Nature Sounds,Tamil,Relaxation,playlist_2
42,Prefer not to say,Angry,2,Poor,8,Lo-fi,Other,Relaxation,playlist_4
52,Prefer not to say,Anxiety,2,Good,6,Instrumental,Other,Meditation,playlist_3
72,Male,Angry,7,Fair,2,Pop,Malayalam,Relaxation,playlist_4
45,Female,Anxiety,5,Fair,1,Pop,Other,Sleeping,playlist_3
73,Female,Sad,7,Poor,3,Pop,Malayalam,Meditation,playlist_2
69,Male,Happy,1,Good,9,Pop,English,Sleeping,playlist_1
41,Female,Tired,1,Poor,7,Pop,Hindi,Sleeping,playlist_5
19,Male,Sad,5,Fair,2,Pop,Hindi,Meditation,playlist_2
39,Female,Happy,2,Fair,1,Pop,Other,Sleeping,playlist_1
17,Other,Sad,8,Poor,2,Instrumental,Hindi,Studying,playlist_1
47,Female,Angry,3,Fair,3,Pop,Tamil,Relaxation,playlist_4
18,Male,Anxiety,1,Good,6,Pop,English,Meditation,playlist_3
39,Other,Sad,2,Fair,9,Nature Sounds,English,Meditation,playlist_3
34,Prefer not to say,Happy,10,Fair,8,Instrumental,English,Studying,playlist_1
48,Male,Angry,10,Good,10,Nature Sounds,Spanish,Studying,playlist_1
40,Other,Tired,7,Fair,9,Classical,Other,Studying,playlist_1
19,Male,Angry,6,Poor,8,Pop,Telugu,Studying,playlist_1
49,Male,Anxiety,8,Poor,7,Lo-fi,Kannada,Exercise,playlist_3
42,Female,Angry,7,Fair,6,Pop,English,Meditation,playlist_4
43,Female,Tired,10,Good,8,Pop,Telugu,Sleeping,playlist_2
23,Female,Happy,8,Good,6,Nature Sounds,Telugu,Meditation,playlist_1
66,Male,Sad,3,Poor,2,Classical,Hindi,Meditation,playlist_2
52,Male,Anxiety,6,Fair,9,Nature Sounds,Kannada,Meditation,playlist_3
64,Other,Tired,7,Good,9,Instrumental,Hindi,Studying,playlist_1
20,Male,Anxiety,10,Good,3,Classical,Kannada,Studying,playlist_1
33,Male,Angry,1,Poor,9,Classical,Spanish,Exercise,playlist_5
74,Female,Anxiety,1,Poor,2,Classical,Hindi,Meditation,playlist_3
58,Female,Tired,7,Good,3,Nature Sounds,Malayalam,Relaxation,playlist_5
71,Male,Sad,3,Poor,6,Pop,Other,Exercise,playlist_5
25,Male,Sad,3,Good,4,Pop,Other,Studying,playlist_1
16,Female,Anxiety,5,Fair,8,Pop,Tamil,Meditation,playlist_3
61,Prefer not to say,Happy,6,Poor,1,Pop,Kannada,Studying,playlist_1
58,Male,Anxiety,2,Poor,6,Pop,Malayalam,Sleeping,playlist_3
58,Female,Angry,3,Fair,2,Instrumental,Telugu,Studying,playlist_1
23,Male,Sad,6,Good,6,Lo-fi,Telugu,Studying,playlist_1
35,Female,Sad,3,Good,1,Classical,Kannada,Exercise,playlist_5
38,Male,Sad,5,Poor,2,Lo-fi,Hindi,Sleeping,playlist_2
48,Female,Happy,9,Good,9,Instrumental,Spanish,Relaxation,playlist_1
36,Female,Happy,3,Good,6,Pop,Tamil,Relaxation,playlist_1
17,Female,Tired,6,Fair,8,Instrumental,Tamil,Relaxation,playlist_5
26,Female,Anxiety,5,Fair,7,Instrumental,English,Meditation,playlist_3
42,Female,Anxiety,5,Fair,9,Lo-fi,Kannada,Relaxation,playlist_3
44,Female,Angry,6,Poor,9,Classical,Tamil,Meditation,playlist_3
40,Male,Sad,6,Fair,4,Nature Sounds,Hindi,Studying,playlist_1
62,Male,Happy,1,Fair,7,Nature Sounds,Hindi,Relaxation,playlist_1
35,Female,Angry,9,Good,5,Classical,Telugu,Exercise,playlist_4
42,Female,Angry,5,Fair,7,Pop,Tamil,Sleeping,playlist_4
70,Female,Happy,1,Poor,4,Instrumental,Tamil,Sleeping,playlist_1
40,Female,Anxiety,8,Fair,10,Pop,Hindi,Studying,playlist_1
47,Female,Sad,7,Poor,1,Instrumental,Telugu,Sleeping,playlist_2
35,Female,Anxiety,7,Good,4,Nature Sounds,Tamil,Sleeping,playlist_2
49,Female,Angry,5,Good,10,Classical,Spanish,Studying,playlist_1
66,Male,Sad,1,Fair,3,Lo-fi,Spanish,Studying,playlist_1
48,Male,Tired,9,Good,9,Lo-fi,Hindi,Studying,playlist_1
55,Female,Angry,9,Fair,5,Classical,Telugu,Exercise,playlist_4
65,Male,Anxiety,8,Good,4,Nature Sounds,Telugu,Studying,playlist_1
61,Male,Anxiety,5,Poor,8,Instrumental,Hindi,Studying,playlist_1
32,Male,Anxiety,3,Good,5,Lo-fi,Telugu,Studying,playlist_1
72,Male,Happy,8,Fair,3,Nature Sounds,Malayalam,Relaxation,playlist_1
25,Female,Angry,1,Fair,2,Classical,Malayalam,Relaxation,playlist_4
71,Male,Sad,3,Fair,8,Pop,Telugu,Exercise,playlist_5
37,Female,Anxiety,7,Poor,2,Nature Sounds,English,Exercise,playlist_3
62,Male,Anxiety,4,Good,8,Nature Sounds,Other,Sleeping,playlist_3
36,Female,Happy,7,Fair,5,Pop,Other,Relaxation,playlist_1
31,Female,Sad,5,Poor,8,Nature Sounds,Telugu,Exercise,playlist_5
19,Female,Angry,6,Poor,5,Lo-fi,Spanish,Exercise,playlist_4
58,Female,Tired,7,Poor,1,Lo-fi,Tamil,Sleeping,playlist_2
25,Male,Happy,10,Good,2,Lo-fi,Telugu,Studying,playlist_1
44,Female,Angry,7,Good,6,Nature Sounds,Tamil,Meditation,playlist_4
29,Male,Tired,7,Good,3,Nature Sounds,Hindi,Sleeping,playlist_2
41,Male,Anxiety,7,Poor,8,Nature Sounds,Telugu,Meditation,playlist_3
49,Other,Anxiety,7,Good,5,Classical,Hindi,Sleeping,playlist_2
47,Prefer not to say,Sad,3,Fair,3,Pop,Other,Sleeping,playlist_2
34,Female,Tired,3,Poor,10,Nature Sounds,Kannada,Studying,playlist_1
30,Prefer not to say,Anxiety,7,Good,7,Pop,Spanish,Exercise,playlist_3
48,Female,Anxiety,2,Poor,8,Instrumental,Malayalam,Relaxation,playlist_3
16,Female,Sad,2,Poor,4,Lo-fi,Telugu,Sleeping,playlist_2
49,Male,Angry,3,Good,9,Classical,Hindi,Studying,playlist_1
54,Prefer not to say,Anxiety,4,Poor,6,Pop,Kannada,Meditation,playlist_3
70,Female,Happy,6,Good,1,Lo-fi,Tamil,Exercise,playlist_1
42,Male,Happy,8,Good,5,Classical,Other,Sleeping,playlist_2
61,Female,Angry,10,Good,5,Lo-fi,Other,Meditation,playlist_4
53,Male,Tired,10,Poor,7,Nature Sounds,Tamil,Sleeping,playlist_2
20,Prefer not to say,Sad,7,Poor,7,Nature Sounds,Other,Relaxation,playlist_2
23,Female,Happy,4,Good,6,Lo-fi,Malayalam,Relaxation,playlist_1
34,Male,Happy,2,Poor,8,Classical,Malayalam,Exercise,playlist_5
74,Male,Angry,2,Good,2,Lo-fi,Spanish,Meditation,playlist_4
15,Prefer not to say,Tired,4,Fair,7,Instrumental,Spanish,Relaxation,playlist_5
22,Female,Tired,6,Poor,10,Classical,Tamil,Studying,playlist_1
69,Male,Angry,3,Poor,7,Classical,Tamil,Exercise,playlist_5
37,Female,Happy,6,Fair,4,Lo-fi,Tamil,Sleeping,playlist_1
17,Male,Sad,5,Fair,10,Pop,English,Meditation,playlist_3
18,Male,Happy,5,Fair,2,Lo-fi,Spanish,Meditation,playlist_1
72,Female,Tired,2,Good,4,Pop,Malayalam,Studying,playlist_1
39,Female,Happy,8,Good,4,Classical,Other,Relaxation,playlist_1
61,Male,Sad,5,Fair,6,Nature Sounds,Hindi,Meditation,playlist_2
52,Female,Anxiety,2,Good,7,Nature Sounds,Kannada,Studying,playlist_1
29,Male,Happy,7,Poor,3,Lo-fi,Kannada,Studying,playlist_1
35,Other,Angry,9,Fair,10,Pop,Other,Sleeping,playlist_2
49,Male,Anxiety,9,Poor,1,Lo-fi,Telugu,Studying,playlist_1
71,Male,Angry,1,Good,3,Instrumental,Hindi,Exercise,playlist_5
67,Male,Angry,7,Fair,9,Lo-fi,Malayalam,Meditation,playlist_3
67,Male,Angry,9,Good,1,Lo-fi,Other,Exercise,playlist_4
60,Male,Happy,6,Poor,8,Lo-fi,Other,Studying,playlist_1
66,Male,Tired,1,Good,2,Lo-fi,English,Studying,playlist_1
28,Female,Anxiety,2,Poor,6,Pop,English,Exercise,playlist_5
50,Male,Sad,4,Good,3,Pop,Hindi,Sleeping,playlist_2
26,Male,Tired,4,Poor,7,Pop,Tamil,Studying,playlist_1
31,Other,Happy,2,Good,2,Instrumental,Tamil,Exercise,playlist_5
53,Male,Angry,8,Fair,4,Instrumental,Hindi,Exercise,playlist_4
23,Female,Sad,2,Fair,10,Lo-fi,Malayalam,Meditation,playlist_3
49,Male,Anxiety,3,Good,9,Pop,Kannada,Sleeping,playlist_3
74,Male,Tired,4,Poor,6,Instrumental,Tamil,Relaxation,playlist_5
27,Female,Tired,9,Good,4,Nature Sounds,Other,Exercise,playlist_5
29,Male,Sad,10,Fair,2,Lo-fi,Telugu,Meditation,playlist_2
32,Other,Happy,1,Poor,10,Classical,Malayalam,Relaxation,playlist_1
65,Male,Anxiety,8,Good,9,Pop,Malayalam,Meditation,playlist_3
47,Female,Sad,5,Good,4,Lo-fi,English,Meditation,playlist_2
20,Female,Angry,7,Poor,9,Lo-fi,Spanish,Sleeping,playlist_2
73,Male,Anxiety,8,Good,2,Classical,Tamil,Studying,playlist_1
41,Female,Tired,5,Fair,7,Nature Sounds,Kannada,Sleeping,playlist_5
37,Female,Sad,8,Fair,5,Instrumental,Malayalam,Relaxation,playlist_2
73,Female,Tired,10,Poor,8,Instrumental,Tamil,Sleeping,playlist_2
41,Female,Tired,8,Good,8,Classical,Tamil,Studying,playlist_1
48,Male,Tired,9,Good,4,Classical,English,Sleeping,playlist_2
70,Female,Happy,2,Fair,4,Instrumental,Telugu,Sleeping,playlist_1
60,Male,Tired,3,Poor,8,Nature Sounds,Malayalam,Sleeping,playlist_5
52,Male,Angry,1,Poor,3,Nature Sounds,Spanish,Exercise,playlist_5
28,Male,Angry,4,Poor,7,Lo-fi,Telugu,Exercise,playlist_5
50,Prefer not to say,Anxiety,5,Fair,8,Classical,Kannada,Sleeping,playlist_3
67,Male,Tired,1,Fair,8,Classical,Spanish,Studying,playlist_1
22,Male,Tired,8,Poor,10,Classical,Hindi,Studying,playlist_1
49,Male,Sad,2,Poor,4,Instrumental,Hindi,Studying,playlist_1
33,Male,Happy,1,Good,9,Instrumental,Spanish,Studying,playlist_1
44,Male,Anxiety,2,Good,10,Instrumental,Hindi,Meditation,playlist_3
28,Male,Tired,5,Poor,4,Nature Sounds,Kannada,Sleeping,playlist_5
73,Male,Sad,9,Fair,8,Instrumental,Other,Sleeping,playlist_2
34,Male,Happy,9,Fair,6,Lo-fi,Malayalam,Meditation,playlist_1
63,Female,Anxiety,2,Good,5,Instrumental,Tamil,Studying,playlist_1
39,Other,Anxiety,2,Poor,4,Nature Sounds,Other,Relaxation,playlist_3
54,Male,Tired,3,Fair,5,Classical,Telugu,Relaxation,playlist_5
38,Female,Anxiety,7,Fair,1,Lo-fi,Telugu,Meditation,playlist_3
28,Male,Sad,3,Fair,7,Nature Sounds,Tamil,Relaxation,playlist_2
40,Female,Anxiety,1,Fair,8,Pop,Malayalam,Exercise,playlist_5
52,Male,Angry,6,Good,9,Classical,Spanish,Sleeping,playlist_4
37,Female,Sad,3,Fair,3,Instrumental,Telugu,Relaxation,playlist_2
36,Female,Happy,1,Fair,9,Nature Sounds,Malayalam,Exercise,playlist_5
62,Female,Happy,4,Poor,10,Pop,Spanish,Sleeping,playlist_1
71,Female,Tired,1,Poor,5,Nature Sounds,Spanish,Exercise,playlist_5
33,Female,Tired,1,Good,10,Instrumental,Spanish,Sleeping,playlist_5
60,Male,Angry,2,Good,6,Nature Sounds,Telugu,Sleeping,playlist_4
65,Female,Happy,10,Good,1,Pop,Hindi,Relaxation,playlist_1
17,Male,Happy,8,Good,9,Nature Sounds,Hindi,Meditation,playlist_3
56,Male,Happy,2,Fair,9,Lo-fi,English,Relaxation,playlist_1
33,Female,Happy,2,Poor,6,Lo-fi,English,Studying,playlist_1
23,Female,Anxiety,10,Fair,8,Instrumental,Telugu,Exercise,playlist_3
42,Male,Sad,10,Fair,4,Pop,Hindi,Studying,playlist_1
34,Female,Sad,8,Fair,5,Pop,Malayalam,Sleeping,playlist_2
59,Female,Angry,6,Poor,5,Pop,English,Relaxation,playlist_4
21,Male,Anxiety,4,Good,7,Pop,English,Studying,playlist_1
28,Male,Happy,3,Good,7,Pop,Hindi,Studying,playlist_1
23,Prefer not to say,Happy,1,Poor,7,Classical,Malayalam,Studying,playlist_1
73,Female,Tired,3,Poor,5,Nature Sounds,English,Sleeping,playlist_5
74,Male,Tired,9,Good,4,Pop,Tamil,Sleeping,playlist_2
69,Male,Angry,5,Fair,8,Lo-fi,Spanish,Sleeping,playlist_4
71,Male,Happy,6,Good,1,Nature Sounds,Malayalam,Studying,playlist_1
74,Male,Angry,5,Poor,1,Instrumental,Tamil,Exercise,playlist_5
33,Male,Anxiety,1,Good,6,Instrumental,Hindi,Relaxation,playlist_3
61,Other,Sad,10,Good,2,Pop,Hindi,Relaxation,playlist_2
66,Prefer not to say,Happy,1,Good,3,Classical,English,Sleeping,playlist_1
28,Female,Anxiety,4,Poor,4,Classical,Telugu,Studying,playlist_1
70,Male,Happy,3,Poor,2,Nature Sounds,Kannada,Exercise,playlist_5
52,Male,Tired,8,Good,10,Classical,Other,Meditation,playlist_3
67,Female,Angry,7,Good,7,Instrumental,Tamil,Sleeping,playlist_2
50,Female,Tired,7,Fair,10,Pop,Tamil,Meditation,playlist_3
54,Male,Sad,8,Fair,1,Lo-fi,Other,Relaxation,playlist_2
31,Female,Tired,10,Good,3,Instrumental,Other,Relaxation,playlist_5
44,Female,Happy,7,Poor,2,Instrumental,Malayalam,Exercise,playlist_1
23,Female,Tired,10,Fair,9,Nature Sounds,Malayalam,Exercise,playlist_5
47,Female,Happy,2,Good,8,Classical,Hindi,Meditation,playlist_3
70,Female,Sad,4,Fair,3,Lo-fi,Spanish,Relaxation,playlist_2
66,Male,Tired,6,Fair,5,Lo-fi,Telugu,Exercise,playlist_5
39,Female,Angry,3,Fair,3,Classical,Hindi,Exercise,playlist_5
28,Male,Angry,3,Poor,6,Pop,English,Relaxation,playlist_4
25,Male,Angry,6,Good,5,Classical,Telugu,Relaxation,playlist_4
67,Male,Tired,1,Poor,2,Pop,English,Studying,playlist_1
49,Male,Tired,1,Poor,10,Lo-fi,Tamil,Exercise,playlist_5
55,Prefer not to say,Tired,5,Fair,8,Nature Sounds,Other,Meditation,playlist_3
73,Male,Happy,1,Good,6,Instrumental,Hindi,Sleeping,playlist_1
28,Other,Sad,10,Fair,3,Lo-fi,Malayalam,Sleeping,playlist_2
44,Male,Angry,8,Poor,1,Lo-fi,Other,Relaxation,playlist_4
55,Male,Happy,2,Poor,5,Lo-fi,Hindi,Meditation,playlist_1
18,Female,Angry,6,Good,2,Instrumental,Kannada,Studying,playlist_1
73,Male,Happy,10,Poor,2,Pop,Telugu,Exercise,playlist_1
18,Female,Tired,10,Poor,9,Nature Sounds,Spanish,Studying,playlist_1
42,Male,Angry,5,Good,10,Nature Sounds,Tamil,Meditation,playlist_3
22,Female,Tired,10,Fair,7,Nature Sounds,Kannada,Studying,playlist_1
16,Male,Angry,4,Good,6,Pop,Kannada,Relaxation,playlist_4
55,Female,Anxiety,1,Poor,1,Classical,Hindi,Sleeping,playlist_3
60,Male,Happy,3,Good,10,Classical,Telugu,Relaxation,playlist_1
36,Female,Anxiety,4,Fair,2,Nature Sounds,Hindi,Exercise,playlist_5
55,Female,Happy,2,Poor,7,Lo-fi,Other,Relaxation,playlist_1
70,Male,Sad,2,Fair,3,Lo-fi,Telugu,Meditation,playlist_2
69,Male,Angry,2,Fair,2,Instrumental,Other,Meditation,playlist_4
30,Female,Sad,1,Good,6,Classical,Kannada,Exercise,playlist_5
43,Other,Sad,10,Fair,8,Lo-fi,English,Exercise,playlist_2
63,Male,Happy,2,Good,8,Nature Sounds,Tamil,Sleeping,playlist_1
62,Female,Anxiety,6,Good,2,Instrumental,Other,Studying,playlist_1
44,Female,Tired,3,Fair,6,Classical,Kannada,Sleeping,playlist_5
26,Female,Happy,10,Good,5,Instrumental,Hindi,Relaxation,playlist_1
49,Prefer not to say,Tired,5,Good,7,Lo-fi,Spanish,Studying,playlist_1
25,Female,Sad,1,Fair,4,Nature Sounds,Spanish,Exercise,playlist_5
60,Female,Tired,8,Poor,2,Nature Sounds,Tamil,Meditation,playlist_5
64,Female,Anxiety,4,Good,10,Nature Sounds,Other,Relaxation,playlist_3
35,Male,Happy,9,Good,3,Lo-fi,Kannada,Sleeping,playlist_2
35,Female,Anxiety,4,Fair,9,Pop,Telugu,Exercise,playlist_5
19,Other,Anxiety,2,Good,10,Nature Sounds,Spanish,Studying,playlist_1
62,Female,Happy,3,Fair,8,Pop,Hindi,Studying,playlist_1
34,Male,Anxiety,5,Poor,9,Nature Sounds,Spanish,Meditation,playlist_3
51,Male,Angry,10,Poor,5,Pop,Kannada,Exercise,playlist_4
17,Female,Angry,6,Fair,5,Classical,Telugu,Exercise,playlist_4
58,Female,Angry,7,Poor,7,Classical,Telugu,Relaxation,playlist_4
47,Male,Tired,4,Fair,7,Nature Sounds,Telugu,Relaxation,playlist_5
67,Male,Anxiety,7,Good,1,Instrumental,Spanish,Studying,playlist_1
23,Female,Happy,10,Poor,5,Instrumental,Tamil,Sleeping,playlist_2
23,Female,Happy,3,Good,8,Lo-fi,Hindi,Studying,playlist_1
18,Female,Tired,7,Good,7,Classical,Telugu,Relaxation,playlist_5
49,Other,Happy,4,Fair,2,Classical,Kannada,Relaxation,playlist_1
31,Male,Angry,8,Poor,8,Instrumental,Telugu,Relaxation,playlist_4
48,Female,Anxiety,9,Poor,2,Nature Sounds,Hindi,Studying,playlist_1
38,Female,Happy,7,Good,10,Lo-fi,Other,Exercise,playlist_1
46,Prefer not to say,Happy,8,Good,1,Classical,Malayalam,Sleeping,playlist_2
15,Male,Sad,8,Fair,3,Lo-fi,Other,Sleeping,playlist_2
22,Male,Sad,2,Poor,3,Classical,Malayalam,Relaxation,playlist_2
59,Female,Sad,9,Fair,6,Pop,Other,Meditation,playlist_2
37,Other,Anxiety,6,Fair,3,Pop,Tamil,Studying,playlist_1
61,Female,Angry,4,Fair,7,Lo-fi,Telugu,Exercise,playlist_5
54,Female,Angry,5,Poor,8,Instrumental,Kannada,Relaxation,playlist_4
26,Male,Angry,10,Fair,3,Instrumental,Hindi,Meditation,playlist_4
68,Female,Anxiety,5,Poor,9,Classical,Spanish,Relaxation,playlist_3
26,Female,Anxiety,7,Fair,1,Pop,Telugu,Meditation,playlist_3
60,Female,Sad,9,Good,3,Pop,Other,Sleeping,playlist_2
61,Female,Happy,7,Fair,3,Lo-fi,Spanish,Meditation,playlist_1
29,Male,Tired,9,Fair,7,Lo-fi,Tamil,Sleeping,playlist_2
55,Female,Tired,4,Poor,5,Instrumental,English,Sleeping,playlist_5
33,Female,Happy,10,Good,4,Instrumental,Malayalam,Studying,playlist_1
40,Prefer not to say,Sad,10,Good,2,Instrumental,Kannada,Meditation,playlist_2
66,Female,Happy,4,Poor,7,Nature Sounds,Other,Exercise,playlist_5
43,Female,Happy,6,Poor,3,Pop,Other,Exercise,playlist_1
36,Prefer not to say,Tired,8,Good,7,Pop,Malayalam,Meditation,playlist_3
54,Male,Sad,9,Poor,10,Lo-fi,Other,Studying,playlist_1
35,Male,Anxiety,1,Good,7,Pop,Telugu,Exercise,playlist_5
65,Female,Tired,1,Fair,2,Lo-fi,Telugu,Relaxation,playlist_5
52,Male,Anxiety,8,Fair,7,Nature Sounds,English,Exercise,playlist_3
34,Male,Sad,7,Good,6,Instrumental,Hindi,Studying,playlist_1
71,Female,Happy,9,Good,10,Nature Sounds,Spanish,Sleeping,playlist_2
43,Female,Angry,3,Fair,4,Instrumental,Other,Sleeping,playlist_4
65,Male,Angry,10,Fair,5,Instrumental,Spanish,Sleeping,playlist_2
18,Male,Sad,5,Good,8,Lo-fi,Other,Studying,playlist_1
69,Male,Angry,3,Poor,5,Instrumental,Spanish,Sleeping,playlist_4
21,Female,Anxiety,5,Poor,3,Nature Sounds,English,Sleeping,playlist_3
42,Male,Angry,10,Good,2,Classical,Spanish,Studying,playlist_1
42,Female,Sad,1,Poor,6,Lo-fi,Other,Relaxation,playlist_2
18,Female,Sad,4,Fair,6,Instrumental,Other,Exercise,playlist_5
36,Male,Anxiety,6,Fair,7,Instrumental,Hindi,Studying,playlist_1
26,Male,Angry,2,Poor,8,Pop,Telugu,Studying,playlist_1
59,Female,Angry,7,Good,4,Lo-fi,English,Meditation,playlist_4
17,Male,Happy,8,Fair,8,Lo-fi,Malayalam,Sleeping,playlist_2
36,Female,Tired,1,Fair,1,Nature Sounds,Spanish,Relaxation,playlist_5
58,Other,Sad,4,Fair,6,Classical,Malayalam,Meditation,playlist_2
16,Male,Happy,4,Poor,6,Nature Sounds,Spanish,Relaxation,playlist_1
38,Male,Sad,5,Good,3,Nature Sounds,Other,Sleeping,playlist_2
48,Female,Happy,4,Poor,9,Nature Sounds,Telugu,Sleeping,playlist_1
41,Male,Tired,9,Good,5,Classical,English,Sleeping,playlist_2
69,Male,Happy,7,Good,1,Nature Sounds,Telugu,Exercise,playlist_1
55,Male,Sad,2,Poor,7,Lo-fi,Other,Relaxation,playlist_2
15,Other,Angry,1,Fair,10,Classical,Other,Relaxation,playlist_4
22,Other,Sad,9,Good,3,Instrumental,Other,Meditation,playlist_2
37,Male,Anxiety,1,Poor,10,Pop,Malayalam,Studying,playlist_1
52,Female,Anxiety,6,Fair,10,Pop,Other,Sleeping,playlist_3
20,Male,Anxiety,2,Good,4,Lo-fi,Other,Sleeping,playlist_3
36,Female,Anxiety,4,Good,6,Pop,Malayalam,Meditation,playlist_3
39,Male,Tired,6,Fair,8,Pop,Telugu,Relaxation,playlist_5
32,Male,Angry,5,Good,4,Pop,Spanish,Exercise,playlist_5
31,Female,Angry,6,Poor,9,Instrumental,Telugu,Relaxation,playlist_4
26,Male,Sad,3,Good,8,Pop,Tamil,Exercise,playlist_5
20,Male,Happy,5,Good,10,Nature Sounds,English,Exercise,playlist_5
40,Female,Sad,2,Fair,10,Lo-fi,Other,Relaxation,playlist_2
41,Female,Sad,7,Poor,6,Lo-fi,Tamil,Sleeping,playlist_2
22,Female,Sad,3,Fair,7,Lo-fi,Other,Exercise,playlist_5
33,Other,Sad,1,Poor,8,Instrumental,Telugu,Meditation,playlist_3
74,Female,Angry,8,Fair,2,Instrumental,Kannada,Meditation,playlist_4
56,Male,Happy,8,Good,5,Pop,Other,Exercise,playlist_1
15,Male,Sad,3,Poor,7,Nature Sounds,Malayalam,Sleeping,playlist_2
71,Male,Angry,7,Poor,8,Pop,Hindi,Exercise,playlist_4
43,Male,Sad,9,Good,5,Lo-fi,English,Meditation,playlist_2
59,Female,Anxiety,8,Fair,3,Nature Sounds,English,Meditation,playlist_3
63,Male,Sad,3,Poor,6,Lo-fi,Malayalam,Relaxation,playlist_2
49,Male,Sad,2,Good,5,Nature Sounds,Hindi,Sleeping,playlist_2
54,Male,Tired,10,Good,8,Classical,Tamil,Relaxation,playlist_5
28,Male,Anxiety,7,Poor,9,Instrumental,Hindi,Studying,playlist_1
49,Female,Happy,7,Poor,9,Instrumental,Kannada,Exercise,playlist_1
62,Male,Sad,9,Poor,6,Lo-fi,Telugu,Relaxation,playlist_2
59,Male,Happy,5,Good,4,Lo-fi,Hindi,Sleeping,playlist_1
34,Prefer not to say,Anxiety,4,Fair,4,Classical,Other,Exercise,playlist_5
70,Female,Sad,8,Fair,9,Pop,Spanish,Exercise,playlist_2
63,Female,Tired,4,Poor,4,Nature Sounds,Hindi,Exercise,playlist_5
27,Female,Angry,4,Good,8,Classical,Telugu,Exercise,playlist_5
52,Female,Tired,2,Good,9,Classical,Malayalam,Exercise,playlist_5
63,Male,Tired,1,Poor,5,Lo-fi,English,Sleeping,playlist_5
60,Male,Angry,4,Good,6,Lo-fi,Malayalam,Studying,playlist_1
63,Female,Angry,7,Good,3,Pop,Spanish,Meditation,playlist_4
22,Male,Angry,9,Good,5,Pop,Other,Studying,playlist_1
57,Male,Sad,9,Poor,5,Lo-fi,Kannada,Meditation,playlist_2
34,Male,Happy,10,Poor,2,Instrumental,Malayalam,Relaxation,playlist_1
74,Male,Happy,1,Poor,10,Pop,Hindi,Exercise,playlist_5
47,Other,Angry,5,Fair,6,Classical,Hindi,Relaxation,playlist_4
40,Male,Tired,7,Fair,9,Lo-fi,English,Relaxation,playlist_5
53,Male,Anxiety,7,Poor,7,Nature Sounds,Kannada,Meditation,playlist_3
35,Female,Angry,10,Good,8,Nature Sounds,Telugu,Sleeping,playlist_2
67,Female,Tired,6,Good,2,Instrumental,Telugu,Exercise,playlist_5
63,Female,Tired,10,Poor,9,Lo-fi,Tamil,Relaxation,playlist_5
56,Male,Sad,4,Good,3,Classical,Kannada,Studying,playlist_1
57,Female,Sad,3,Good,10,Instrumental,Kannada,Exercise,playlist_5
68,Female,Happy,9,Fair,5,Classical,Hindi,Sleeping,playlist_2
55,Male,Happy,10,Good,7,Nature Sounds,Tamil,Exercise,playlist_1
23,Male,Anxiety,4,Good,4,Classical,Telugu,Relaxation,playlist_3
38,Prefer not to say,Anxiety,8,Poor,7,Nature Sounds,Other,Studying,playlist_1
51,Male,Anxiety,1,Fair,8,Pop,Other,Relaxation,playlist_3
63,Male,Anxiety,7,Fair,10,Nature Sounds,Spanish,Sleeping,playlist_2
55,Male,Tired,6,Good,10,Nature Sounds,Kannada,Meditation,playlist_3
31,Male,Tired,1,Poor,4,Instrumental,Kannada,Studying,playlist_1
38,Male,Happy,4,Fair,5,Instrumental,English,Sleeping,playlist_1
35,Male,Sad,5,Fair,3,Lo-fi,Telugu,Sleeping,playlist_2
65,Male,Sad,8,Good,5,Lo-fi,English,Relaxation,playlist_2
73,Male,Angry,4,Fair,8,Nature Sounds,Other,Relaxation,playlist_4
53,Male,Tired,3,Poor,3,Pop,Tamil,Relaxation,playlist_5
69,Female,Anxiety,2,Poor,5,Lo-fi,Kannada,Meditation,playlist_3
55,Female,Anxiety,4,Fair,10,Nature Sounds,Tamil,Exercise,playlist_5
53,Male,Angry,10,Poor,1,Instrumental,Malayalam,Exercise,playlist_4
27,Prefer not to say,Sad,4,Poor,2,Lo-fi,English,Relaxation,playlist_2
25,Female,Anxiety,10,Good,3,Lo-fi,Telugu,Relaxation,playlist_3
60,Female,Sad,5,Fair,1,Nature Sounds,Kannada,Meditation,playlist_2
33,Male,Angry,7,Fair,9,Nature Sounds,Malayalam,Exercise,playlist_4
25,Female,Sad,9,Good,9,Classical,Malayalam,Meditation,playlist_3
27,Other,Sad,2,Good,5,Classical,Telugu,Sleeping,playlist_2
60,Male,Sad,5,Good,4,Pop,Tamil,Exercise,playlist_5
59,Female,Anxiety,10,Good,5,Lo-fi,Malayalam,Relaxation,playlist_3
15,Female,Happy,9,Poor,4,Classical,Hindi,Studying,playlist_1
54,Male,Tired,3,Poor,5,Nature Sounds,Telugu,Sleeping,playlist_5
58,Female,Sad,1,Good,7,Lo-fi,Malayalam,Studying,playlist_1
33,Male,Sad,2,Fair,8,Classical,Telugu,Meditation,playlist_3
26,Male,Sad,6,Fair,2,Pop,Telugu,Meditation,playlist_2
22,Male,Happy,5,Fair,4,Pop,Kannada,Meditation,playlist_1
22,Female,Angry,1,Good,8,Pop,Tamil,Relaxation,playlist_4
67,Female,Anxiety,1,Poor,7,Pop,Other,Meditation,playlist_3
59,Other,Happy,4,Poor,9,Nature Sounds,Tamil,Studying,playlist_1
26,Female,Sad,4,Poor,5,Pop,Kannada,Sleeping,playlist_2
62,Male,Happy,6,Poor,6,Instrumental,Telugu,Relaxation,playlist_1
47,Male,Happy,6,Fair,8,Pop,Telugu,Sleeping,playlist_1
59,Female,Happy,10,Fair,5,Classical,Other,Meditation,playlist_1
40,Female,Angry,6,Poor,9,Lo-fi,Hindi,Exercise,playlist_4
53,Female,Tired,1,Good,4,Classical,Malayalam,Relaxation,playlist_5
42,Male,Anxiety,10,Poor,8,Lo-fi,Telugu,Meditation,playlist_3
72,Female,Angry,9,Poor,3,Nature Sounds,Malayalam,Relaxation,playlist_4
19,Male,Angry,7,Good,5,Lo-fi,English,Exercise,playlist_4
22,Male,Tired,7,Poor,8,Instrumental,Malayalam,Studying,playlist_1
39,Female,Angry,7,Fair,10,Pop,Other,Studying,playlist_1
41,Female,Happy,2,Good,7,Classical,Telugu,Studying,playlist_1
60,Male,Happy,2,Good,1,Lo-fi,Other,Exercise,playlist_5
37,Female,Sad,6,Poor,4,Classical,Hindi,Sleeping,playlist_2
44,Male,Angry,7,Fair,2,Pop,English,Exercise,playlist_4
59,Male,Sad,3,Fair,2,Nature Sounds,Hindi,Exercise,playlist_5
61,Other,Anxiety,4,Fair,7,Pop,Malayalam,Meditation,playlist_3
37,Male,Happy,3,Poor,3,Nature Sounds,Hindi,Studying,playlist_1
63,Female,Anxiety,7,Poor,3,Classical,Malayalam,Relaxation,playlist_3
61,Female,Tired,7,Fair,6,Nature Sounds,Tamil,Sleeping,playlist_2
34,Male,Happy,4,Poor,6,Nature Sounds,Malayalam,Relaxation,playlist_1
32,Female,Anxiety,7,Fair,1,Nature Sounds,Kannada,Meditation,playlist_3
32,Male,Tired,5,Poor,1,Nature Sounds,Hindi,Meditation,playlist_5
16,Male,Anxiety,1,Good,6,Nature Sounds,Telugu,Sleeping,playlist_3
18,Female,Tired,10,Good,7,Lo-fi,Tamil,Relaxation,playlist_5
44,Male,Tired,4,Poor,9,Nature Sounds,Spanish,Sleeping,playlist_5
47,Male,Happy,7,Poor,4,Nature Sounds,English,Sleeping,playlist_2
50,Female,Sad,2,Fair,10,Pop,Malayalam,Studying,playlist_1
32,Female,Tired,2,Good,6,Pop,Kannada,Relaxation,playlist_5
51,Female,Tired,1,Fair,3,Pop,Tamil,Studying,playlist_1
33,Female,Happy,2,Poor,4,Nature Sounds,Hindi,Studying,playlist_1
61,Female,Sad,10,Fair,9,Pop,Spanish,Studying,playlist_1
42,Female,Angry,8,Fair,1,Lo-fi,Spanish,Exercise,playlist_4
54,Male,Angry,8,Poor,5,Classical,Tamil,Meditation,playlist_4
34,Female,Sad,8,Good,7,Pop,Telugu,Meditation,playlist_3
63,Male,Anxiety,1,Fair,3,Pop,Telugu,Exercise,playlist_5
47,Prefer not to say,Happy,1,Poor,2,Lo-fi,Telugu,Sleeping,playlist_1
26,Male,Sad,10,Fair,2,Instrumental,Kannada,Relaxation,playlist_2
72,Prefer not to say,Angry,4,Poor,1,Instrumental,Other,Relaxation,playlist_4
65,Female,Tired,6,Poor,5,Lo-fi,Spanish,Relaxation,playlist_5
29,Female,Angry,8,Poor,3,Pop,Tamil,Studying,playlist_1
55,Female,Tired,2,Good,7,Classical,Other,Relaxation,playlist_5
53,Male,Happy,3,Good,1,Pop,Tamil,Relaxation,playlist_1
16,Female,Tired,6,Poor,9,Lo-fi,Spanish,Relaxation,playlist_5
43,Male,Sad,10,Good,2,Lo-fi,Hindi,Meditation,playlist_2
55,Other,Tired,4,Fair,8,Nature Sounds,English,Exercise,playlist_5
24,Female,Anxiety,2,Good,10,Lo-fi,Other,Sleeping,playlist_3
16,Female,Sad,7,Good,4,Nature Sounds,Telugu,Exercise,playlist_2
65,Male,Happy,4,Fair,6,Lo-fi,English,Relaxation,playlist_1
25,Male,Sad,8,Fair,9,Nature Sounds,Spanish,Sleeping,playlist_2
27,Female,Anxiety,8,Fair,7,Nature Sounds,Spanish,Sleeping,playlist_2
24,Male,Happy,7,Poor,8,Pop,English,Exercise,playlist_1
28,Female,Angry,10,Fair,7,Nature Sounds,Telugu,Exercise,playlist_4
32,Female,Anxiety,9,Fair,2,Instrumental,Other,Exercise,playlist_3
65,Male,Happy,4,Fair,9,Lo-fi,Other,Exercise,playlist_5
68,Female,Tired,7,Poor,1,Classical,Telugu,Studying,playlist_1
23,Female,Sad,10,Good,2,Lo-fi,Other,Meditation,playlist_2
71,Female,Happy,10,Poor,3,Pop,Hindi,Meditation,playlist_1
53,Female,Sad,1,Good,3,Pop,Kannada,Relaxation,playlist_2
42,Male,Tired,4,Fair,10,Nature Sounds,Telugu,Studying,playlist_1
17,Male,Happy,2,Poor,4,Pop,English,Sleeping,playlist_1
34,Female,Angry,9,Poor,5,Pop,Other,Exercise,playlist_4
20,Male,Anxiety,5,Good,6,Lo-fi,Other,Relaxation,playlist_3
41,Female,Happy,3,Poor,1,Instrumental,Spanish,Sleeping,playlist_1
67,Female,Tired,4,Poor,8,Instrumental,Hindi,Meditation,playlist_3
16,Other,Happy,6,Good,6,Nature Sounds,Other,Sleeping,playlist_1
43,Prefer not to say,Sad,10,Poor,10,Pop,Tamil,Exercise,playlist_2
52,Female,Happy,1,Poor,9,Pop,Spanish,Exercise,playlist_5
17,Male,Angry,7,Fair,5,Instrumental,Hindi,Meditation,playlist_4
30,Female,Happy,8,Fair,7,Nature Sounds,Telugu,Exercise,playlist_1
44,Male,Anxiety,7,Fair,4,Pop,Spanish,Studying,playlist_1
54,Male,Happy,7,Fair,6,Nature Sounds,Malayalam,Relaxation,playlist_1
16,Female,Sad,9,Fair,6,Lo-fi,Telugu,Meditation,playlist_2
31,Female,Happy,4,Poor,4,Pop,Kannada,Meditation,playlist_1
55,Male,Angry,7,Poor,6,Pop,Hindi,Sleeping,playlist_2
26,Male,Tired,9,Fair,8,Pop,Telugu,Meditation,playlist_3
49,Female,Happy,5,Good,5,Instrumental,English,Relaxation,playlist_1
57,Other,Happy,2,Fair,2,Instrumental,English,Studying,playlist_1
15,Male,Anxiety,5,Poor,9,Pop,Hindi,Sleeping,playlist_3
69,Male,Angry,4,Good,4,Pop,Spanish,Relaxation,playlist_4
59,Other,Tired,8,Fair,4,Lo-fi,Kannada,Meditation,playlist_5
29,Male,Sad,5,Good,7,Lo-fi,Malayalam,Exercise,playlist_5
40,Female,Happy,9,Fair,10,Nature Sounds,Hindi,Exercise,playlist_1
51,Female,Tired,9,Poor,10,Nature Sounds,Kannada,Relaxation,playlist_5
35,Male,Sad,3,Fair,6,Instrumental,English,Studying,playlist_1
63,Female,Angry,10,Good,4,Classical,Telugu,Exercise,playlist_4
45,Female,Angry,6,Poor,6,Lo-fi,Tamil,Relaxation,playlist_4
39,Male,Tired,6,Fair,3,Nature Sounds,Telugu,Sleeping,playlist_5
37,Male,Sad,4,Fair,7,Lo-fi,English,Meditation,playlist_3
38,Female,Angry,10,Fair,6,Lo-fi,Malayalam,Studying,playlist_1
71,Male,Tired,3,Fair,3,Classical,Spanish,Studying,playlist_1
52,Female,Angry,1,Poor,1,Lo-fi,English,Sleeping,playlist_4
42,Other,Angry,7,Poor,10,Classical,Telugu,Studying,playlist_1
35,Other,Angry,5,Fair,5,Classical,Telugu,Relaxation,playlist_4
68,Male,Anxiety,10,Poor,10,Lo-fi,Malayalam,Studying,playlist_1
57,Male,Sad,7,Good,2,Lo-fi,Malayalam,Studying,playlist_1
32,Male,Tired,1,Poor,7,Nature Sounds,English,Studying,playlist_1
50,Other,Tired,8,Good,7,Lo-fi,Telugu,Relaxation,playlist_5
49,Male,Sad,3,Good,4,Lo-fi,Spanish,Meditation,playlist_2
59,Male,Sad,7,Poor,6,Lo-fi,Tamil,Exercise,playlist_2
69,Female,Sad,3,Fair,1,Nature Sounds,Other,Studying,playlist_1
23,Female,Sad,3,Poor,2,Classical,Tamil,Sleeping,playlist_2
67,Male,Happy,10,Good,6,Nature Sounds,Hindi,Sleeping,playlist_2
52,Male,Tired,9,Good,2,Lo-fi,Tamil,Relaxation,playlist_5
72,Female,Happy,2,Poor,4,Pop,English,Meditation,playlist_1
44,Female,Angry,4,Good,4,Lo-fi,English,Studying,playlist_1
74,Female,Angry,6,Poor,10,Nature Sounds,Hindi,Relaxation,playlist_4
58,Male,Tired,3,Poor,9,Nature Sounds,Spanish,Exercise,playlist_5
48,Male,Angry,10,Fair,10,Instrumental,Kannada,Meditation,playlist_3
46,Female,Sad,10,Good,7,Pop,Spanish,Meditation,playlist_3
17,Female,Happy,7,Poor,7,Nature Sounds,Hindi,Relaxation,playlist_1
17,Male,Sad,7,Good,1,Classical,Kannada,Sleeping,playlist_2
42,Male,Angry,5,Poor,5,Lo-fi,Kannada,Meditation,playlist_4
58,Female,Happy,3,Poor,3,Classical,Telugu,Sleeping,playlist_1
29,Female,Sad,2,Fair,3,Nature Sounds,Malayalam,Meditation,playlist_2
55,Male,Tired,4,Poor,6,Nature Sounds,Tamil,Meditation,playlist_5
37,Female,Sad,4,Fair,4,Classical,Spanish,Meditation,playlist_2
54,Prefer not to say,Angry,8,Good,8,Classical,Kannada,Exercise,playlist_4
25,Female,Happy,8,Fair,4,Instrumental,Other,Sleeping,playlist_2
62,Male,Tired,5,Fair,8,Lo-fi,Telugu,Exercise,playlist_5
46,Female,Happy,6,Good,4,Classical,Hindi,Sleeping,playlist_1
72,Male,Tired,8,Fair,3,Lo-fi,Other,Exercise,playlist_5
73,Male,Happy,1,Fair,5,Pop,Hindi,Exercise,playlist_5
71,Female,Angry,5,Poor,5,Nature Sounds,Other,Exercise,playlist_5
68,Female,Tired,4,Fair,10,Classical,Spanish,Relaxation,playlist_5
50,Other,Anxiety,4,Poor,10,Pop,Spanish,Exercise,playlist_5
74,Male,Happy,2,Fair,1,Nature Sounds,Kannada,Meditation,playlist_1
47,Male,Happy,10,Good,8,Instrumental,Spanish,Studying,playlist_1
38,Other,Sad,1,Good,8,Nature Sounds,Telugu,Exercise,playlist_5
53,Male,Tired,6,Fair,8,Classical,English,Studying,playlist_1
48,Male,Anxiety,7,Poor,10,Pop,Spanish,Studying,playlist_1
70,Female,Angry,5,Fair,4,Pop,Malayalam,Meditation,playlist_4
42,Prefer not to say,Sad,8,Poor,9,Pop,Malayalam,Studying,playlist_1
51,Female,Anxiety,9,Fair,10,Nature Sounds,Tamil,Studying,playlist_1
21,Male,Tired,2,Good,3,Lo-fi,Kannada,Studying,playlist_1
18,Female,Anxiety,4,Good,7,Lo-fi,English,Sleeping,playlist_3
51,Prefer not to say,Happy,9,Poor,6,Nature Sounds,Other,Exercise,playlist_1
70,Female,Happy,5,Fair,9,Classical,Tamil,Exercise,playlist_5
15,Male,Sad,3,Poor,4,Nature Sounds,Other,Studying,playlist_1
15,Female,Tired,6,Good,4,Lo-fi,English,Meditation,playlist_5
61,Female,Tired,3,Poor,6,Nature Sounds,Malayalam,Sleeping,playlist_5
34,Female,Anxiety,5,Fair,8,Pop,Telugu,Meditation,playlist_3
33,Female,Sad,3,Poor,3,Classical,Spanish,Meditation,playlist_2
43,Male,Tired,6,Fair,8,Classical,Kannada,Studying,playlist_1
24,Female,Happy,10,Fair,8,Instrumental,English,Relaxation,playlist_1
74,Female,Anxiety,5,Good,7,Nature Sounds,Other,Studying,playlist_1
32,Male,Angry,9,Fair,7,Pop,English,Relaxation,playlist_4
42,Male,Happy,3,Fair,5,Nature Sounds,English,Sleeping,playlist_1
49,Male,Sad,6,Fair,2,Instrumental,Malayalam,Relaxation,playlist_2
57,Female,Tired,8,Poor,2,Instrumental,Kannada,Studying,playlist_1
61,Female,Happy,7,Good,10,Nature Sounds,Telugu,Studying,playlist_1
45,Female,Angry,6,Poor,8,Nature Sounds,Telugu,Meditation,playlist_3
41,Female,Angry,2,Poor,6,Nature Sounds,English,Studying,playlist_1
25,Female,Sad,7,Good,8,Lo-fi,Telugu,Studying,playlist_1
63,Other,Happy,8,Poor,3,Instrumental,Tamil,Exercise,playlist_1
63,Male,Anxiety,1,Poor,1,Classical,Telugu,Exercise,playlist_5
52,Female,Happy,9,Fair,6,Lo-fi,English,Meditation,playlist_1
19,Female,Angry,4,Poor,2,Pop,Tamil,Relaxation,playlist_4
22,Male,Sad,8,Good,9,Classical,Other,Relaxation,playlist_2
48,Male,Sad,10,Poor,5,Classical,Kannada,Exercise,playlist_2
62,Male,Anxiety,7,Fair,5,Classical,Hindi,Sleeping,playlist_2
66,Female,Sad,10,Poor,10,Instrumental,Malayalam,Exercise,playlist_2
70,Female,Sad,7,Good,8,Pop,Telugu,Sleeping,playlist_2
26,Female,Sad,2,Fair,6,Lo-fi,Spanish,Relaxation,playlist_2
52,Male,Sad,1,Poor,3,Pop,Tamil,Exercise,playlist_5
15,Male,Sad,4,Good,9,Lo-fi,Hindi,Studying,playlist_1
45,Other,Angry,2,Good,10,Instrumental,Kannada,Sleeping,playlist_4
18,Male,Happy,8,Poor,4,Pop,Hindi,Sleeping,playlist_2
63,Female,Tired,10,Poor,10,Classical,Other,Sleeping,playlist_2
59,Male,Sad,7,Fair,4,Pop,Kannada,Relaxation,playlist_2
64,Male,Tired,8,Poor,2,Instrumental,English,Meditation,playlist_5
19,Other,Tired,6,Fair,3,Instrumental,English,Studying,playlist_1
44,Prefer not to say,Angry,1,Poor,4,Instrumental,Malayalam,Exercise,playlist_5
70,Male,Sad,9,Good,7,Lo-fi,Malayalam,Sleeping,playlist_2
38,Male,Tired,6,Good,3,Pop,Kannada,Relaxation,playlist_5
73,Male,Sad,10,Good,8,Classical,Hindi,Sleeping,playlist_2
17,Male,Anxiety,1,Good,8,Classical,Malayalam,Exercise,playlist_5
25,Female,Anxiety,1,Fair,10,Nature Sounds,Other,Studying,playlist_1
59,Female,Anxiety,8,Good,2,Instrumental,Telugu,Sleeping,playlist_2
18,Female,Tired,6,Fair,4,Classical,Hindi,Relaxation,playlist_5
40,Female,Anxiety,8,Fair,8,Instrumental,Malayalam,Relaxation,playlist_3
41,Male,Angry,8,Fair,1,Classical,Hindi,Meditation,playlist_4
60,Female,Angry,8,Poor,1,Pop,Spanish,Relaxation,playlist_4
68,Female,Tired,10,Fair,4,Nature Sounds,Telugu,Meditation,playlist_5
57,Female,Sad,7,Poor,2,Instrumental,Hindi,Studying,playlist_1
41,Other,Happy,7,Fair,1,Lo-fi,Hindi,Exercise,playlist_1
56,Female,Sad,10,Poor,8,Lo-fi,Tamil,Meditation,playlist_3
65,Female,Sad,4,Poor,2,Classical,Kannada,Sleeping,playlist_2
64,Other,Sad,9,Good,4,Pop,English,Sleeping,playlist_2
20,Female,Sad,2,Fair,3,Instrumental,Malayalam,Exercise,playlist_5
73,Female,Happy,9,Poor,2,Nature Sounds,Spanish,Relaxation,playlist_1
29,Male,Anxiety,10,Good,8,Pop,Malayalam,Sleeping,playlist_2
67,Female,Sad,3,Fair,3,Classical,Malayalam,Meditation,playlist_2
44,Male,Angry,2,Good,9,Pop,Kannada,Exercise,playlist_5
56,Female,Tired,4,Poor,10,Nature Sounds,Hindi,Sleeping,playlist_5
51,Female,Tired,5,Good,5,Pop,Telugu,Relaxation,playlist_5
72,Female,Angry,2,Good,9,Instrumental,Telugu,Relaxation,playlist_4
51,Female,Sad,1,Fair,3,Classical,English,Sleeping,playlist_2
56,Female,Happy,10,Poor,5,Nature Sounds,English,Exercise,playlist_1
74,Male,Anxiety,5,Fair,10,Classical,English,Studying,playlist_1
51,Female,Tired,9,Fair,6,Instrumental,Telugu,Sleeping,playlist_2
49,Female,Anxiety,5,Good,9,Nature Sounds,Hindi,Relaxation,playlist_3
37,Female,Happy,10,Poor,8,Nature Sounds,English,Studying,playlist_1
20,Male,Tired,9,Fair,2,Classical,English,Exercise,playlist_5
18,Female,Anxiety,10,Poor,2,Pop,Spanish,Relaxation,playlist_3
32,Female,Happy,6,Fair,5,Pop,Telugu,Exercise,playlist_1
74,Male,Anxiety,3,Good,5,Lo-fi,Malayalam,Sleeping,playlist_3
23,Female,Sad,4,Fair,5,Lo-fi,Hindi,Exercise,playlist_5
63,Male,Happy,4,Fair,4,Nature Sounds,English,Relaxation,playlist_1
43,Female,Anxiety,1,Fair,8,Classical,Other,Sleeping,playlist_3
27,Female,Sad,3,Poor,5,Nature Sounds,Hindi,Relaxation,playlist_2
73,Female,Sad,3,Good,1,Classical,Tamil,Relaxation,playlist_2
61,Female,Happy,1,Poor,10,Instrumental,Malayalam,Studying,playlist_1
66,Male,Angry,9,Fair,5,Lo-fi,Malayalam,Meditation,playlist_4
31,Female,Tired,1,Good,1,Nature Sounds,Other,Exercise,playlist_5
59,Male,Happy,9,Poor,4,Instrumental,English,Exercise,playlist_1
46,Female,Sad,1,Fair,1,Pop,Other,Studying,playlist_1
62,Male,Sad,2,Good,6,Lo-fi,English,Exercise,playlist_5
36,Female,Happy,2,Good,6,Classical,Spanish,Studying,playlist_1
18,Female,Angry,6,Fair,1,Pop,Telugu,Exercise,playlist_4
19,Female,Tired,7,Good,8,Pop,Malayalam,Exercise,playlist_5
51,Female,Anxiety,1,Good,4,Instrumental,Other,Relaxation,playlist_3
55,Male,Happy,3,Poor,2,Nature Sounds,Spanish,Studying,playlist_1
63,Female,Tired,2,Good,1,Nature Sounds,Tamil,Exercise,playlist_5
27,Female,Tired,8,Poor,3,Instrumental,Tamil,Meditation,playlist_5
48,Male,Sad,9,Poor,7,Pop,Tamil,Studying,playlist_1
59,Male,Anxiety,2,Poor,10,Lo-fi,Kannada,Studying,playlist_1
36,Female,Happy,2,Poor,10,Pop,Telugu,Studying,playlist_1
67,Male,Sad,10,Good,8,Instrumental,Telugu,Relaxation,playlist_2
73,Male,Sad,9,Good,5,Pop,Other,Studying,playlist_1
37,Male,Angry,4,Poor,7,Pop,English,Relaxation,playlist_4
65,Male,Tired,5,Good,2,Pop,Telugu,Meditation,playlist_5
17,Male,Happy,9,Poor,4,Pop,English,Sleeping,playlist_2
56,Female,Happy,6,Poor,6,Lo-fi,Spanish,Relaxation,playlist_1
48,Male,Happy,10,Poor,5,Classical,English,Exercise,playlist_1
46,Male,Sad,9,Fair,6,Classical,Kannada,Studying,playlist_1
59,Male,Angry,9,Good,2,Nature Sounds,Spanish,Sleeping,playlist_2
65,Female,Anxiety,7,Good,7,Classical,Telugu,Relaxation,playlist_3
72,Female,Sad,10,Poor,8,Classical,Telugu,Exercise,playlist_2
63,Female,Anxiety,9,Good,9,Classical,Kannada,Sleeping,playlist_2
35,Female,Angry,5,Poor,6,Pop,Kannada,Meditation,playlist_4
60,Female,Tired,5,Good,7,Pop,Spanish,Relaxation,playlist_5
58,Male,Happy,8,Poor,1,Lo-fi,Spanish,Relaxation,playlist_1
35,Male,Anxiety,10,Poor,9,Pop,Telugu,Meditation,playlist_3
58,Male,Sad,4,Fair,6,Pop,Telugu,Relaxation,playlist_2
25,Male,Anxiety,9,Poor,4,Classical,Spanish,Studying,playlist_1
53,Male,Tired,7,Fair,10,Lo-fi,English,Relaxation,playlist_5
18,Female,Happy,7,Good,9,Lo-fi,Hindi,Studying,playlist_1
65,Male,Anxiety,3,Good,1,Classical,Malayalam,Relaxation,playlist_3
15,Other,Tired,4,Fair,2,Classical,English,Exercise,playlist_5
42,Female,Sad,7,Good,3,Lo-fi,Tamil,Exercise,playlist_2
38,Prefer not to say,Angry,5,Fair,1,Instrumental,Tamil,Sleeping,playlist_4
49,Male,Sad,3,Good,2,Classical,Hindi,Exercise,playlist_5
27,Female,Happy,1,Fair,2,Classical,Malayalam,Meditation,playlist_1
61,Female,Sad,7,Fair,7,Lo-fi,Kannada,Sleeping,playlist_2
48,Other,Sad,6,Poor,10,Instrumental,Tamil,Exercise,playlist_2
25,Female,Sad,10,Good,6,Instrumental,Kannada,Studying,playlist_1
50,Female,Sad,7,Poor,9,Nature Sounds,Kannada,Relaxation,playlist_2
65,Male,Happy,2,Fair,5,Instrumental,English,Exercise,playlist_5
31,Male,Tired,4,Poor,9,Classical,Kannada,Studying,playlist_1
49,Male,Anxiety,2,Fair,10,Pop,Hindi,Sleeping,playlist_3
74,Other,Angry,8,Good,9,Lo-fi,English,Relaxation,playlist_4
32,Male,Anxiety,7,Good,2,Classical,Other,Exercise,playlist_3
54,Male,Anxiety,1,Good,9,Lo-fi,Other,Sleeping,playlist_3
36,Other,Angry,2,Fair,3,Instrumental,Hindi,Exercise,playlist_5
71,Male,Happy,2,Poor,3,Lo-fi,Other,Sleeping,playlist_1
38,Female,Angry,4,Good,9,Classical,Kannada,Exercise,playlist_5
72,Female,Happy,3,Fair,7,Pop,Tamil,Studying,playlist_1
33,Male,Anxiety,1,Poor,8,Classical,Malayalam,Meditation,playlist_3
51,Male,Happy,2,Fair,7,Nature Sounds,Kannada,Studying,playlist_1
53,Female,Tired,9,Fair,9,Lo-fi,Hindi,Relaxation,playlist_5
35,Prefer not to say,Angry,1,Good,8,Classical,Telugu,Exercise,playlist_5
22,Female,Tired,9,Fair,4,Instrumental,Other,Meditation,playlist_5
42,Male,Anxiety,7,Fair,2,Instrumental,Telugu,Meditation,playlist_3
19,Male,Angry,2,Poor,5,Classical,Other,Relaxation,playlist_4
31,Male,Anxiety,2,Good,2,Nature Sounds,Tamil,Relaxation,playlist_3
51,Female,Tired,5,Fair,4,Lo-fi,Other,Meditation,playlist_5
50,Male,Anxiety,5,Fair,2,Nature Sounds,Spanish,Relaxation,playlist_3
68,Male,Angry,4,Poor,5,Pop,Malayalam,Relaxation,playlist_4
33,Female,Angry,10,Fair,6,Classical,Hindi,Exercise,playlist_4
41,Female,Anxiety,10,Fair,1,Nature Sounds,Tamil,Studying,playlist_1
67,Male,Angry,3,Fair,8,Pop,English,Sleeping,playlist_4
48,Female,Angry,4,Fair,2,Nature Sounds,Kannada,Meditation,playlist_4
25,Female,Anxiety,10,Fair,5,Pop,Spanish,Sleeping,playlist_2
68,Female,Tired,4,Poor,8,Instrumental,English,Meditation,playlist_3
59,Female,Angry,2,Fair,5,Instrumental,Telugu,Meditation,playlist_4
61,Female,Angry,5,Fair,3,Classical,Kannada,Studying,playlist_1
26,Female,Angry,5,Fair,6,Nature Sounds,English,Meditation,playlist_4
68,Female,Angry,5,Fair,1,Instrumental,Other,Meditation,playlist_4
35,Female,Anxiety,10,Good,1,Lo-fi,Telugu,Studying,playlist_1
68,Female,Tired,1,Good,8,Instrumental,Malayalam,Relaxation,playlist_5
25,Female,Tired,6,Good,7,Instrumental,English,Sleeping,playlist_5
53,Female,Happy,2,Good,10,Nature Sounds,Other,Meditation,playlist_3
42,Male,Angry,7,Poor,10,Pop,Kannada,Studying,playlist_1
19,Male,Angry,4,Good,3,Lo-fi,English,Meditation,playlist_4
31,Female,Happy,5,Poor,8,Lo-fi,Spanish,Studying,playlist_1
70,Male,Tired,5,Good,8,Pop,Other,Sleeping,playlist_5
34,Male,Sad,5,Poor,1,Nature Sounds,Spanish,Exercise,playlist_5
55,Female,Sad,2,Good,10,Instrumental,Kannada,Relaxation,playlist_2
60,Male,Tired,5,Fair,7,Pop,English,Exercise,playlist_5
72,Female,Angry,3,Good,2,Lo-fi,Tamil,Studying,playlist_1
26,Female,Sad,4,Good,2,Lo-fi,Malayalam,Meditation,playlist_2
20,Male,Anxiety,2,Good,2,Instrumental,English,Relaxation,playlist_3
31,Male,Anxiety,4,Fair,5,Instrumental,English,Sleeping,playlist_3
65,Male,Happy,9,Poor,7,Classical,Spanish,Relaxation,playlist_1
33,Male,Tired,8,Poor,4,Pop,Spanish,Meditation,playlist_5
40,Male,Tired,3,Fair,4,Instrumental,Tamil,Exercise,playlist_5
62,Male,Sad,1,Good,9,Classical,Spanish,Studying,playlist_1
58,Female,Angry,1,Good,10,Nature Sounds,Telugu,Exercise,playlist_5
58,Female,Tired,6,Good,9,Lo-fi,Kannada,Relaxation,playlist_5
66,Female,Sad,3,Poor,7,Pop,Hindi,Meditation,playlist_3
46,Female,Sad,4,Poor,10,Nature Sounds,Telugu,Studying,playlist_1
20,Male,Tired,1,Fair,4,Pop,Kannada,Meditation,playlist_5
69,Male,Sad,8,Fair,8,Pop,English,Meditation,playlist_3
72,Male,Happy,1,Poor,10,Instrumental,Telugu,Relaxation,playlist_1
50,Other,Happy,5,Good,3,Classical,English,Exercise,playlist_5
52,Female,Tired,6,Good,3,Pop,Telugu,Meditation,playlist_5
25,Male,Angry,2,Good,7,Nature Sounds,Telugu,Meditation,playlist_3
47,Female,Happy,7,Good,9,Pop,Hindi,Meditation,playlist_3
38,Prefer not to say,Happy,7,Fair,4,Classical,Tamil,Studying,playlist_1
37,Female,Tired,1,Fair,4,Lo-fi,Telugu,Meditation,playlist_5
29,Female,Anxiety,4,Poor,1,Pop,Spanish,Meditation,playlist_3
41,Male,Sad,4,Fair,1,Nature Sounds,English,Relaxation,playlist_2
25,Male,Happy,5,Good,3,Lo-fi,Hindi,Meditation,playlist_1
71,Female,Anxiety,1,Poor,7,Lo-fi,Telugu,Meditation,playlist_3
65,Female,Angry,1,Fair,9,Instrumental,Spanish,Relaxation,playlist_4
64,Female,Anxiety,7,Fair,4,Instrumental,Tamil,Studying,playlist_1
31,Male,Tired,9,Fair,2,Pop,English,Exercise,playlist_5
65,Other,Angry,1,Fair,6,Nature Sounds,Hindi,Relaxation,playlist_4
67,Female,Angry,2,Fair,6,Instrumental,Kannada,Studying,playlist_1
28,Male,Anxiety,6,Good,9,Classical,Malayalam,Exercise,playlist_3
41,Male,Tired,6,Good,4,Classical,Tamil,Meditation,playlist_5
32,Female,Happy,2,Good,8,Lo-fi,Other,Relaxation,playlist_1
42,Male,Anxiety,9,Fair,3,Lo-fi,Spanish,Meditation,playlist_3
65,Male,Happy,4,Poor,2,Lo-fi,Kannada,Relaxation,playlist_1
61,Male,Anxiety,7,Good,9,Classical,Kannada,Exercise,playlist_3
61,Prefer not to say,Happy,6,Good,6,Instrumental,Hindi,Studying,playlist_1
18,Female,Anxiety,3,Fair,8,Instrumental,Hindi,Relaxation,playlist_3
21,Male,Angry,8,Poor,10,Pop,Hindi,Studying,playlist_1
59,Female,Sad,7,Good,9,Nature Sounds,Spanish,Meditation,playlist_3
49,Female,Angry,9,Good,1,Classical,Other,Meditation,playlist_4
62,Male,Happy,3,Poor,1,Lo-fi,Spanish,Exercise,playlist_5
23,Female,Tired,1,Fair,5,Nature Sounds,Kannada,Exercise,playlist_5
22,Female,Angry,2,Poor,9,Lo-fi,Malayalam,Sleeping,playlist_4
66,Female,Sad,1,Fair,7,Nature Sounds,English,Sleeping,playlist_2
59,Female,Happy,5,Good,7,Nature Sounds,Hindi,Exercise,playlist_5
31,Female,Angry,10,Poor,2,Instrumental,Tamil,Meditation,playlist_4
31,Male,Anxiety,2,Poor,3,Pop,Hindi,Studying,playlist_1
63,Male,Tired,3,Good,4,Pop,Malayalam,Exercise,playlist_5
47,Female,Happy,8,Good,2,Lo-fi,Hindi,Studying,playlist_1
46,Other,Angry,10,Fair,10,Classical,Malayalam,Sleeping,playlist_2
22,Female,Happy,5,Good,9,Pop,Hindi,Studying,playlist_1
33,Male,Anxiety,4,Good,5,Classical,Other,Exercise,playlist_5
52,Male,Sad,5,Poor,7,Lo-fi,Kannada,Meditation,playlist_3
17,Female,Angry,10,Fair,9,Classical,Malayalam,Exercise,playlist_4
73,Male,Happy,6,Good,5,Nature Sounds,English,Relaxation,playlist_1
19,Male,Happy,7,Poor,6,Nature Sounds,Hindi,Relaxation,playlist_1
27,Female,Happy,9,Good,4,Lo-fi,Kannada,Relaxation,playlist_1
61,Other,Sad,1,Good,8,Classical,Other,Meditation,playlist_3
60,Female,Happy,4,Good,1,Classical,Tamil,Exercise,playlist_5
45,Male,Tired,9,Good,1,Lo-fi,English,Relaxation,playlist_5
69,Male,Tired,5,Fair,5,Pop,Kannada,Exercise,playlist_5
30,Female,Happy,8,Poor,10,Instrumental,Other,Sleeping,playlist_2
64,Other,Tired,1,Poor,9,Pop,Malayalam,Relaxation,playlist_5
46,Prefer not to say,Angry,4,Good,2,Instrumental,Telugu,Relaxation,playlist_4
36,Female,Tired,9,Poor,3,Classical,Tamil,Meditation,playlist_5
43,Female,Happy,1,Good,8,Instrumental,Tamil,Exercise,playlist_5
36,Male,Anxiety,1,Poor,5,Instrumental,Telugu,Meditation,playlist_3
57,Male,Angry,4,Fair,3,Classical,Kannada,Meditation,playlist_4
17,Male,Sad,3,Fair,6,Nature Sounds,Kannada,Exercise,playlist_5
68,Prefer not to say,Happy,7,Poor,6,Instrumental,Spanish,Sleeping,playlist_2
24,Male,Sad,3,Good,5,Lo-fi,Malayalam,Exercise,playlist_5
56,Male,Anxiety,1,Good,5,Pop,Tamil,Sleeping,playlist_3
35,Other,Sad,10,Good,6,Classical,Spanish,Meditation,playlist_2
30,Male,Happy,2,Good,2,Classical,Kannada,Sleeping,playlist_1
26,Male,Happy,10,Fair,6,Instrumental,Telugu,Sleeping,playlist_2
16,Female,Anxiety,4,Good,2,Nature Sounds,Spanish,Sleeping,playlist_3
55,Female,Happy,1,Good,3,Nature Sounds,Kannada,Relaxation,playlist_1
38,Female,Anxiety,1,Good,2,Pop,Tamil,Relaxation,playlist_3
49,Other,Anxiety,8,Good,1,Pop,Kannada,Meditation,playlist_3
70,Male,Happy,7,Fair,1,Nature Sounds,English,Exercise,playlist_1
44,Other,Tired,8,Poor,9,Nature Sounds,Telugu,Sleeping,playlist_2
71,Female,Anxiety,4,Poor,4,Nature Sounds,Other,Relaxation,playlist_3
44,Male,Happy,6,Good,5,Instrumental,Telugu,Exercise,playlist_1
61,Female,Tired,3,Good,10,Lo-fi,Other,Sleeping,playlist_5
49,Male,Anxiety,8,Poor,7,Pop,Hindi,Exercise,playlist_3
33,Male,Tired,4,Fair,2,Classical,Kannada,Studying,playlist_1
64,Other,Angry,3,Fair,10,Nature Sounds,Malayalam,Sleeping,playlist_4
22,Male,Angry,4,Fair,9,Nature Sounds,Other,Exercise,playlist_5
40,Male,Tired,6,Fair,4,Lo-fi,Telugu,Sleeping,playlist_5
63,Male,Anxiety,7,Fair,10,Nature Sounds,Kannada,Sleeping,playlist_2
54,Male,Happy,7,Fair,10,Pop,English,Studying,playlist_1
21,Female,Sad,4,Fair,1,Nature Sounds,Spanish,Exercise,playlist_5
44,Other,Happy,8,Fair,8,Lo-fi,Tamil,Meditation,playlist_3
21,Female,Sad,7,Fair,4,Instrumental,Tamil,Relaxation,playlist_2
17,Male,Sad,2,Good,7,Pop,Hindi,Sleeping,playlist_2
15,Female,Anxiety,8,Fair,3,Instrumental,Hindi,Sleeping,playlist_2
50,Male,Tired,9,Good,9,Classical,Other,Sleeping,playlist_2
39,Male,Happy,5,Poor,5,Lo-fi,Other,Sleeping,playlist_1
51,Male,Tired,4,Good,5,Classical,Malayalam,Relaxation,playlist_5
15,Male,Angry,4,Poor,3,Classical,Other,Meditation,playlist_4
29,Female,Anxiety,4,Good,9,Classical,Telugu,Studying,playlist_1
51,Other,Anxiety,6,Poor,3,Classical,Malayalam,Meditation,playlist_3
27,Female,Angry,4,Good,2,Lo-fi,Telugu,Relaxation,playlist_4
54,Female,Happy,7,Good,9,Instrumental,Telugu,Exercise,playlist_1
22,Male,Angry,7,Poor,9,Nature Sounds,English,Studying,playlist_1
19,Female,Happy,5,Fair,10,Classical,Hindi,Studying,playlist_1
74,Other,Sad,5,Fair,4,Nature Sounds,Hindi,Exercise,playlist_5
23,Other,Anxiety,10,Fair,4,Nature Sounds,Tamil,Sleeping,playlist_2
15,Male,Happy,8,Fair,10,Classical,Hindi,Relaxation,playlist_1
50,Female,Tired,7,Fair,6,Pop,Hindi,Exercise,playlist_5
49,Female,Tired,7,Good,9,Nature Sounds,English,Meditation,playlist_3
16,Male,Anxiety,6,Fair,8,Pop,Malayalam,Meditation,playlist_3
54,Prefer not to say,Angry,7,Good,10,Instrumental,Telugu,Exercise,playlist_4
37,Male,Angry,7,Poor,3,Nature Sounds,Malayalam,Relaxation,playlist_4
23,Male,Happy,10,Fair,6,Lo-fi,Spanish,Studying,playlist_1
48,Female,Angry,2,Fair,7,Instrumental,Spanish,Studying,playlist_1
60,Male,Anxiety,10,Fair,6,Instrumental,Other,Sleeping,playlist_2
28,Other,Happy,2,Fair,3,Pop,English,Relaxation,playlist_1
18,Male,Sad,10,Good,9,Classical,Kannada,Meditation,playlist_3
44,Male,Angry,7,Good,4,Lo-fi,Tamil,Meditation,playlist_4
45,Female,Angry,10,Good,2,Lo-fi,Tamil,Sleeping,playlist_2
52,Male,Happy,7,Poor,9,Pop,Tamil,Meditation,playlist_3
25,Female,Tired,7,Good,3,Pop,Malayalam,Sleeping,playlist_2
49,Female,Angry,5,Fair,6,Instrumental,Telugu,Sleeping,playlist_4
22,Female,Anxiety,1,Poor,5,Pop,Telugu,Exercise,playlist_5
17,Prefer not to say,Angry,2,Poor,2,Classical,Telugu,Studying,playlist_1
28,Female,Sad,9,Fair,1,Instrumental,Tamil,Relaxation,playlist_2
74,Female,Angry,8,Fair,9,Instrumental,Other,Relaxation,playlist_4
27,Other,Tired,8,Fair,3,Instrumental,Tamil,Studying,playlist_1
59,Female,Angry,10,Fair,7,Lo-fi,Malayalam,Relaxation,playlist_4
46,Male,Happy,1,Good,9,Lo-fi,Malayalam,Meditation,playlist_3
48,Male,Angry,6,Poor,9,Instrumental,Spanish,Meditation,playlist_3
59,Female,Tired,9,Fair,10,Classical,Tamil,Relaxation,playlist_5
33,Prefer not to say,Happy,8,Good,6,Nature Sounds,Kannada,Exercise,playlist_1
73,Female,Anxiety,3,Fair,8,Instrumental,Kannada,Relaxation,playlist_3
52,Male,Happy,4,Good,9,Pop,Spanish,Sleeping,playlist_1
30,Female,Sad,3,Fair,3,Nature Sounds,Malayalam,Sleeping,playlist_2
16,Female,Happy,6,Fair,6,Lo-fi,Tamil,Studying,playlist_1
54,Male,Anxiety,9,Fair,5,Lo-fi,Telugu,Meditation,playlist_3
31,Female,Angry,8,Good,7,Nature Sounds,Telugu,Exercise,playlist_4
69,Female,Happy,10,Fair,7,Pop,Kannada,Relaxation,playlist_1
48,Female,Happy,4,Good,9,Lo-fi,Kannada,Sleeping,playlist_1
56,Male,Happy,2,Good,1,Lo-fi,Tamil,Meditation,playlist_1
74,Female,Happy,8,Poor,6,Instrumental,Tamil,Meditation,playlist_1
30,Male,Anxiety,8,Good,5,Classical,Telugu,Exercise,playlist_3
52,Female,Tired,6,Good,4,Pop,Malayalam,Exercise,playlist_5
74,Male,Tired,8,Good,10,Instrumental,Hindi,Exercise,playlist_5
16,Female,Happy,9,Good,1,Classical,Malayalam,Exercise,playlist_1
16,Male,Anxiety,1,Good,4,Lo-fi,Spanish,Sleeping,playlist_3
40,Female,Anxiety,9,Poor,10,Classical,Telugu,Exercise,playlist_3
27,Female,Happy,2,Fair,7,Lo-fi,Malayalam,Meditation,playlist_3
70,Prefer not to say,Sad,1,Poor,4,Instrumental,Telugu,Meditation,playlist_2
61,Male,Happy,8,Poor,1,Lo-fi,Tamil,Relaxation,playlist_1
45,Male,Sad,8,Fair,10,Classical,Other,Meditation,playlist_3
74,Male,Happy,4,Good,1,Instrumental,Other,Meditation,playlist_1
48,Male,Sad,8,Fair,1,Classical,Hindi,Sleeping,playlist_2
53,Male,Sad,7,Good,10,Classical,Hindi,Meditation,playlist_3
17,Female,Happy,2,Fair,5,Nature Sounds,Other,Studying,playlist_1
22,Female,Sad,5,Poor,7,Lo-fi,Spanish,Meditation,playlist_3
37,Male,Angry,10,Good,9,Lo-fi,Tamil,Relaxation,playlist_4
28,Male,Tired,4,Poor,8,Classical,English,Relaxation,playlist_5
70,Female,Anxiety,3,Good,2,Lo-fi,Tamil,Exercise,playlist_5
69,Male,Sad,1,Fair,9,Pop,Kannada,Sleeping,playlist_2
41,Female,Sad,5,Fair,4,Lo-fi,Malayalam,Relaxation,playlist_2
68,Male,Anxiety,10,Fair,10,Instrumental,Hindi,Studying,playlist_1
43,Male,Sad,8,Fair,5,Lo-fi,Spanish,Studying,playlist_1
53,Male,Anxiety,9,Fair,5,Pop,Tamil,Exercise,playlist_3
67,Male,Happy,7,Poor,4,Classical,Telugu,Sleeping,playlist_2
53,Female,Angry,1,Poor,6,Lo-fi,Telugu,Sleeping,playlist_4
15,Male,Angry,1,Good,1,Instrumental,Malayalam,Meditation,playlist_4
31,Female,Tired,1,Poor,2,Pop,Telugu,Studying,playlist_1
55,Male,Sad,2,Good,4,Nature Sounds,Spanish,Studying,playlist_1
44,Female,Tired,1,Good,4,Classical,Other,Studying,playlist_1
67,Other,Happy,4,Poor,8,Classical,Tamil,Studying,playlist_1
27,Female,Angry,10,Poor,9,Classical,English,Relaxation,playlist_4
35,Male,Happy,9,Good,4,Pop,Spanish,Sleeping,playlist_2
33,Female,Happy,4,Poor,6,Lo-fi,Kannada,Meditation,playlist_1
67,Female,Sad,4,Poor,4,Lo-fi,Telugu,Relaxation,playlist_2
33,Male,Happy,7,Poor,4,Lo-fi,Tamil,Sleeping,playlist_2
71,Female,Angry,9,Fair,9,Lo-fi,English,Exercise,playlist_4
39,Prefer not to say,Tired,7,Fair,4,Classical,Hindi,Studying,playlist_1
36,Male,Angry,1,Good,6,Nature Sounds,Other,Meditation,playlist_4
45,Female,Sad,1,Poor,9,Classical,Spanish,Sleeping,playlist_2
31,Male,Angry,4,Good,3,Nature Sounds,Other,Exercise,playlist_5
69,Male,Anxiety,4,Poor,7,Nature Sounds,Spanish,Studying,playlist_1
37,Female,Tired,1,Fair,7,Lo-fi,Spanish,Exercise,playlist_5
46,Female,Anxiety,6,Poor,1,Instrumental,Other,Exercise,playlist_3
24,Male,Anxiety,10,Poor,2,Pop,Spanish,Relaxation,playlist_3
24,Female,Sad,2,Poor,5,Instrumental,Hindi,Exercise,playlist_5
50,Female,Happy,5,Fair,8,Nature Sounds,Malayalam,Relaxation,playlist_1
22,Female,Anxiety,8,Fair,6,Instrumental,Other,Relaxation,playlist_3
68,Male,Angry,3,Fair,7,Nature Sounds,Kannada,Exercise,playlist_5
66,Male,Happy,9,Good,3,Classical,Tamil,Sleeping,playlist_2
34,Other,Angry,7,Poor,6,Classical,Tamil,Exercise,playlist_4
46,Female,Angry,9,Fair,9,Lo-fi,Telugu,Exercise,playlist_4
64,Female,Happy,1,Good,3,Pop,English,Sleeping,playlist_1
28,Female,Happy,5,Fair,6,Classical,Kannada,Studying,playlist_1
64,Male,Angry,3,Poor,7,Pop,English,Meditation,playlist_3
42,Female,Sad,4,Good,5,Lo-fi,Spanish,Studying,playlist_1
60,Male,Tired,4,Fair,10,Pop,Spanish,Exercise,playlist_5
66,Male,Tired,7,Fair,8,Classical,Spanish,Studying,playlist_1
67,Male,Sad,10,Good,8,Classical,Kannada,Meditation,playlist_3
38,Female,Happy,8,Good,6,Instrumental,Tamil,Studying,playlist_1
29,Male,Angry,10,Good,7,Instrumental,Tamil,Meditation,playlist_3
36,Male,Tired,5,Good,3,Instrumental,Kannada,Studying,playlist_1
44,Male,Angry,10,Good,7,Pop,English,Relaxation,playlist_4
18,Male,Sad,7,Fair,7,Classical,Malayalam,Exercise,playlist_2
27,Female,Angry,3,Good,4,Lo-fi,Hindi,Meditation,playlist_4
73,Female,Sad,3,Good,10,Nature Sounds,Hindi,Exercise,playlist_5
37,Male,Happy,3,Poor,4,Classical,Spanish,Relaxation,playlist_1
22,Male,Sad,4,Fair,3,Instrumental,Telugu,Studying,playlist_1
32,Female,Sad,6,Poor,10,Instrumental,Telugu,Exercise,playlist_2
26,Female,Tired,5,Fair,7,Pop,Malayalam,Studying,playlist_1
69,Female,Angry,8,Fair,5,Instrumental,English,Studying,playlist_1
45,Male,Tired,5,Fair,3,Pop,Malayalam,Exercise,playlist_5
28,Female,Anxiety,5,Good,6,Lo-fi,Tamil,Meditation,playlist_3
48,Female,Sad,10,Poor,6,Instrumental,English,Meditation,playlist_2
32,Female,Anxiety,2,Fair,6,Pop,Kannada,Exercise,playlist_5
70,Male,Tired,5,Fair,2,Instrumental,Spanish,Meditation,playlist_5
48,Male,Angry,7,Fair,10,Pop,Hindi,Sleeping,playlist_2
25,Female,Tired,2,Poor,7,Classical,Telugu,Studying,playlist_1
55,Male,Angry,6,Fair,7,Pop,Other,Exercise,playlist_4
26,Male,Angry,7,Poor,10,Nature Sounds,English,Relaxation,playlist_4
63,Female,Happy,5,Poor,4,Lo-fi,English,Exercise,playlist_5
29,Female,Sad,9,Good,6,Classical,Kannada,Exercise,playlist_2
71,Female,Tired,4,Fair,4,Lo-fi,Spanish,Studying,playlist_1
45,Female,Angry,10,Fair,4,Classical,Spanish,Relaxation,playlist_4
63,Female,Tired,1,Poor,6,Instrumental,Tamil,Studying,playlist_1
72,Female,Tired,8,Poor,9,Pop,Spanish,Meditation,playlist_3
43,Other,Angry,8,Good,7,Instrumental,Tamil,Exercise,playlist_4
40,Female,Anxiety,7,Fair,2,Lo-fi,Spanish,Studying,playlist_1
32,Female,Sad,8,Poor,6,Lo-fi,Other,Sleeping,playlist_2
46,Male,Sad,2,Fair,5,Classical,Spanish,Exercise,playlist_5
36,Female,Happy,3,Fair,6,Lo-fi,Hindi,Meditation,playlist_1
52,Male,Happy,9,Fair,8,Pop,Malayalam,Studying,playlist_1
31,Female,Happy,1,Poor,8,Lo-fi,Malayalam,Studying,playlist_1
37,Male,Sad,8,Fair,3,Instrumental,Telugu,Sleeping,playlist_2
38,Female,Anxiety,8,Poor,9,Pop,Tamil,Meditation,playlist_3
64,Male,Sad,7,Good,6,Lo-fi,Tamil,Sleeping,playlist_2
22,Female,Sad,5,Good,7,Nature Sounds,Other,Exercise,playlist_5
55,Male,Sad,4,Poor,9,Nature Sounds,Tamil,Relaxation,playlist_2
20,Male,Sad,10,Fair,7,Instrumental,Malayalam,Studying,playlist_1
19,Female,Anxiety,10,Good,10,Classical,English,Sleeping,playlist_2
58,Male,Happy,10,Good,9,Classical,Spanish,Studying,playlist_1
71,Male,Tired,10,Poor,1,Lo-fi,Spanish,Studying,playlist_1
43,Female,Happy,6,Poor,1,Pop,Tamil,Sleeping,playlist_1
42,Prefer not to say,Happy,1,Poor,3,Classical,Malayalam,Studying,playlist_1
25,Male,Tired,5,Poor,9,Nature Sounds,Kannada,Meditation,playlist_3
71,Male,Sad,4,Poor,1,Classical,Malayalam,Meditation,playlist_2
15,Female,Anxiety,4,Poor,1,Nature Sounds,Hindi,Relaxation,playlist_3
57,Male,Anxiety,7,Poor,5,Classical,Tamil,Meditation,playlist_3
33,Male,Happy,9,Fair,8,Instrumental,Other,Sleeping,playlist_2
23,Female,Tired,8,Fair,2,Pop,Telugu,Meditation,playlist_5
41,Male,Angry,8,Fair,4,Lo-fi,Other,Relaxation,playlist_4
48,Female,Sad,5,Fair,6,Nature Sounds,English,Exercise,playlist_5
58,Female,Happy,6,Good,1,Classical,Spanish,Exercise,playlist_1
18,Other,Anxiety,2,Fair,4,Lo-fi,Kannada,Sleeping,playlist_3
50,Prefer not to say,Tired,3,Good,4,Nature Sounds,Malayalam,Relaxation,playlist_5
32,Female,Tired,5,Good,9,Nature Sounds,Hindi,Meditation,playlist_3
29,Female,Happy,2,Good,9,Instrumental,English,Relaxation,playlist_1
65,Female,Angry,3,Poor,6,Classical,Kannada,Studying,playlist_1
27,Male,Anxiety,4,Good,8,Lo-fi,English,Relaxation,playlist_3
33,Male,Happy,6,Good,10,Classical,Hindi,Meditation,playlist_3
63,Prefer not to say,Angry,5,Good,4,Classical,Hindi,Sleeping,playlist_4
20,Male,Tired,10,Poor,10,Pop,Tamil,Studying,playlist_1
62,Male,Sad,4,Fair,8,Nature Sounds,Telugu,Relaxation,playlist_2
70,Female,Anxiety,2,Fair,3,Nature Sounds,Tamil,Exercise,playlist_5
26,Female,Anxiety,5,Good,2,Pop,Malayalam,Meditation,playlist_3
65,Male,Angry,5,Good,6,Pop,Spanish,Sleeping,playlist_4
51,Male,Happy,7,Fair,5,Classical,English,Meditation,playlist_1
31,Male,Tired,1,Fair,8,Nature Sounds,Tamil,Relaxation,playlist_5
72,Other,Angry,4,Fair,1,Lo-fi,Hindi,Sleeping,playlist_4
37,Other,Sad,5,Fair,10,Instrumental,Hindi,Exercise,playlist_5
40,Male,Sad,8,Good,3,Pop,Hindi,Studying,playlist_1
43,Female,Sad,8,Good,7,Lo-fi,Tamil,Relaxation,playlist_2
47,Male,Angry,1,Good,10,Lo-fi,Spanish,Sleeping,playlist_4
74,Female,Tired,5,Fair,4,Classical,Malayalam,Studying,playlist_1
41,Male,Anxiety,10,Poor,10,Pop,Malayalam,Sleeping,playlist_2
39,Female,Happy,1,Fair,5,Lo-fi,Kannada,Relaxation,playlist_1
70,Male,Anxiety,1,Fair,8,Instrumental,Tamil,Sleeping,playlist_3
69,Male,Tired,2,Poor,1,Lo-fi,Tamil,Exercise,playlist_5
24,Male,Anxiety,2,Poor,1,Instrumental,Other,Sleeping,playlist_3
61,Male,Angry,9,Fair,7,Instrumental,Tamil,Relaxation,playlist_4
37,Prefer not to say,Sad,4,Poor,9,Instrumental,Tamil,Sleeping,playlist_2
35,Prefer not to say,Tired,3,Poor,4,Pop,Hindi,Studying,playlist_1
35,Female,Tired,1,Poor,8,Instrumental,Spanish,Studying,playlist_1
57,Male,Anxiety,2,Fair,10,Pop,Telugu,Meditation,playlist_3
27,Male,Angry,6,Fair,7,Lo-fi,Tamil,Meditation,playlist_3
51,Male,Anxiety,9,Poor,2,Instrumental,Other,Exercise,playlist_3
47,Male,Anxiety,5,Good,5,Nature Sounds,Tamil,Studying,playlist_1
38,Male,Tired,4,Poor,9,Lo-fi,Telugu,Meditation,playlist_3
58,Female,Anxiety,5,Poor,9,Nature Sounds,Other,Sleeping,playlist_3
25,Male,Sad,9,Fair,3,Nature Sounds,Tamil,Exercise,playlist_2
31,Female,Anxiety,7,Good,3,Classical,Spanish,Relaxation,playlist_3
18,Female,Sad,8,Poor,2,Pop,Telugu,Meditation,playlist_2
61,Male,Tired,4,Good,7,Classical,Hindi,Meditation,playlist_3
39,Female,Angry,8,Fair,6,Pop,Kannada,Studying,playlist_1
44,Male,Sad,6,Good,5,Classical,Tamil,Exercise,playlist_2
23,Male,Angry,5,Fair,7,Lo-fi,Kannada,Studying,playlist_1
35,Male,Angry,7,Poor,4,Nature Sounds,Tamil,Studying,playlist_1
34,Female,Sad,6,Fair,5,Lo-fi,English,Exercise,playlist_2
33,Male,Tired,3,Good,9,Pop,Spanish,Sleeping,playlist_5
33,Female,Happy,5,Good,9,Nature Sounds,Malayalam,Meditation,playlist_3
26,Male,Angry,9,Good,4,Nature Sounds,English,Studying,playlist_1
51,Male,Angry,7,Poor,6,Pop,Hindi,Meditation,playlist_4
56,Male,Tired,4,Good,2,Lo-fi,Kannada,Exercise,playlist_5
31,Female,Tired,7,Good,3,Nature Sounds,Kannada,Sleeping,playlist_2
51,Female,Anxiety,5,Good,9,Lo-fi,Telugu,Relaxation,playlist_3
68,Female,Tired,2,Fair,6,Lo-fi,Spanish,Sleeping,playlist_5
62,Male,Angry,6,Good,8,Lo-fi,Telugu,Exercise,playlist_4
53,Male,Sad,7,Fair,5,Nature Sounds,Tamil,Sleeping,playlist_2
42,Female,Happy,8,Good,2,Instrumental,Telugu,Relaxation,playlist_1
55,Male,Anxiety,6,Fair,7,Classical,Telugu,Studying,playlist_1
49,Male,Sad,8,Fair,6,Pop,Kannada,Sleeping,playlist_2
61,Male,Happy,7,Poor,2,Lo-fi,English,Exercise,playlist_1
62,Female,Happy,2,Poor,6,Nature Sounds,Kannada,Sleeping,playlist_1
32,Female,Happy,6,Fair,8,Pop,Spanish,Relaxation,playlist_1
28,Male,Sad,9,Fair,1,Instrumental,Telugu,Exercise,playlist_2
49,Female,Anxiety,6,Poor,4,Instrumental,Tamil,Sleeping,playlist_3
58,Female,Anxiety,4,Fair,1,Nature Sounds,English,Exercise,playlist_5
55,Male,Happy,7,Poor,2,Lo-fi,Other,Relaxation,playlist_1
74,Male,Sad,3,Poor,1,Instrumental,Telugu,Studying,playlist_1
21,Female,Happy,5,Good,6,Instrumental,Telugu,Relaxation,playlist_1
55,Female,Tired,1,Good,6,Instrumental,Malayalam,Studying,playlist_1
27,Male,Anxiety,10,Poor,1,Nature Sounds,Other,Meditation,playlist_3
32,Female,Angry,3,Poor,4,Pop,Tamil,Relaxation,playlist_4
51,Female,Happy,8,Fair,4,Classical,Tamil,Studying,playlist_1
27,Female,Tired,9,Poor,8,Nature Sounds,Telugu,Meditation,playlist_3
50,Male,Anxiety,9,Poor,6,Lo-fi,Telugu,Meditation,playlist_3
45,Male,Sad,10,Good,2,Nature Sounds,Kannada,Meditation,playlist_2
16,Female,Anxiety,2,Poor,5,Nature Sounds,Hindi,Exercise,playlist_5
30,Female,Sad,4,Fair,4,Classical,Tamil,Relaxation,playlist_2
23,Male,Sad,5,Poor,10,Classical,Spanish,Relaxation,playlist_2
23,Female,Happy,3,Good,4,Classical,Other,Relaxation,playlist_1
52,Female,Happy,1,Good,8,Pop,Tamil,Relaxation,playlist_1
25,Female,Anxiety,6,Good,5,Nature Sounds,Spanish,Exercise,playlist_3
68,Male,Tired,10,Good,3,Lo-fi,Spanish,Relaxation,playlist_5
70,Female,Anxiety,2,Poor,10,Classical,Other,Studying,playlist_1
36,Female,Angry,9,Fair,4,Classical,Malayalam,Meditation,playlist_4
47,Male,Sad,1,Fair,1,Nature Sounds,Kannada,Exercise,playlist_5
50,Male,Sad,9,Fair,6,Lo-fi,Other,Exercise,playlist_2
59,Male,Happy,7,Poor,10,Classical,English,Relaxation,playlist_1
37,Female,Tired,10,Poor,4,Nature Sounds,Malayalam,Meditation,playlist_5
59,Male,Happy,2,Poor,6,Instrumental,Malayalam,Studying,playlist_1
59,Prefer not to say,Angry,6,Fair,2,Pop,English,Meditation,playlist_4
48,Female,Anxiety,8,Poor,5,Nature Sounds,Other,Sleeping,playlist_2
23,Female,Anxiety,2,Poor,9,Classical,English,Meditation,playlist_3
38,Female,Tired,5,Good,8,Lo-fi,Tamil,Studying,playlist_1
22,Female,Happy,6,Good,3,Instrumental,Hindi,Studying,playlist_1
21,Male,Happy,3,Fair,1,Lo-fi,Other,Studying,playlist_1
50,Female,Angry,2,Good,10,Lo-fi,Hindi,Exercise,playlist_5
32,Male,Anxiety,6,Good,3,Lo-fi,Spanish,Exercise,playlist_3
17,Male,Happy,3,Good,8,Nature Sounds,Kannada,Sleeping,playlist_1
42,Male,Tired,2,Poor,3,Nature Sounds,Spanish,Meditation,playlist_5
20,Female,Anxiety,1,Good,5,Pop,English,Relaxation,playlist_3
58,Male,Angry,8,Good,2,Instrumental,English,Sleeping,playlist_2
58,Female,Tired,1,Good,1,Lo-fi,Telugu,Relaxation,playlist_5
35,Other,Sad,5,Poor,10,Classical,Kannada,Relaxation,playlist_2
42,Male,Angry,6,Fair,5,Lo-fi,Malayalam,Sleeping,playlist_4
54,Female,Tired,3,Poor,5,Instrumental,Malayalam,Meditation,playlist_5
68,Female,Happy,7,Poor,6,Lo-fi,Kannada,Relaxation,playlist_1
68,Male,Sad,2,Good,2,Nature Sounds,Tamil,Exercise,playlist_5
15,Other,Angry,7,Fair,9,Nature Sounds,Tamil,Exercise,playlist_4
50,Female,Happy,2,Good,2,Instrumental,Kannada,Sleeping,playlist_1
35,Male,Sad,5,Good,2,Pop,Hindi,Relaxation,playlist_2
74,Male,Anxiety,7,Fair,5,Lo-fi,Kannada,Sleeping,playlist_2
57,Prefer not to say,Happy,3,Fair,9,Instrumental,Hindi,Exercise,playlist_5
49,Prefer not to say,Tired,4,Poor,4,Classical,Tamil,Sleeping,playlist_5
27,Male,Angry,1,Fair,6,Classical,Spanish,Relaxation,playlist_4
71,Male,Sad,3,Poor,2,Pop,Kannada,Relaxation,playlist_2
63,Female,Happy,9,Poor,4,Nature Sounds,Hindi,Exercise,playlist_1
68,Male,Anxiety,10,Good,9,Instrumental,Telugu,Studying,playlist_1
68,Other,Angry,5,Good,2,Lo-fi,Telugu,Studying,playlist_1
24,Female,Angry,8,Good,1,Instrumental,Kannada,Meditation,playlist_4
67,Female,Happy,2,Fair,4,Pop,English,Exercise,playlist_5
58,Male,Anxiety,3,Fair,4,Instrumental,Kannada,Meditation,playlist_3
61,Female,Sad,7,Poor,1,Pop,Tamil,Exercise,playlist_2
67,Male,Happy,10,Poor,4,Pop,Tamil,Relaxation,playlist_1
24,Male,Sad,4,Poor,3,Pop,Other,Exercise,playlist_5
60,Female,Angry,9,Fair,2,Instrumental,Telugu,Sleeping,playlist_2
27,Female,Sad,7,Poor,10,Classical,Hindi,Meditation,playlist_3
51,Female,Anxiety,1,Poor,4,Lo-fi,Telugu,Exercise,playlist_5
52,Female,Tired,4,Fair,8,Pop,Hindi,Meditation,playlist_3
38,Male,Anxiety,10,Good,7,Nature Sounds,Spanish,Exercise,playlist_3
16,Male,Sad,6,Fair,9,Pop,Kannada,Studying,playlist_1
36,Female,Happy,6,Poor,8,Instrumental,English,Meditation,playlist_3
31,Male,Angry,10,Good,1,Pop,Tamil,Relaxation,playlist_4
50,Female,Tired,6,Fair,2,Nature Sounds,Kannada,Relaxation,playlist_5
28,Female,Happy,5,Good,2,Classical,Telugu,Exercise,playlist_5
24,Other,Happy,3,Good,8,Instrumental,Malayalam,Relaxation,playlist_1
49,Female,Anxiety,2,Poor,4,Instrumental,Malayalam,Relaxation,playlist_3
39,Male,Sad,3,Fair,9,Instrumental,Kannada,Meditation,playlist_3
17,Male,Anxiety,9,Poor,2,Nature Sounds,English,Exercise,playlist_3
61,Male,Sad,3,Fair,4,Instrumental,Hindi,Meditation,playlist_2
52,Male,Anxiety,3,Fair,1,Classical,Spanish,Exercise,playlist_5
31,Male,Happy,1,Fair,3,Lo-fi,English,Relaxation,playlist_1
26,Male,Angry,2,Good,6,Lo-fi,Telugu,Exercise,playlist_5
68,Prefer not to say,Sad,3,Good,9,Pop,English,Exercise,playlist_5
66,Male,Tired,2,Poor,1,Lo-fi,Other,Sleeping,playlist_5
38,Female,Tired,8,Fair,5,Nature Sounds,Tamil,Exercise,playlist_5
43,Male,Happy,6,Fair,2,Lo-fi,Malayalam,Sleeping,playlist_1
57,Male,Anxiety,7,Good,7,Nature Sounds,Other,Meditation,playlist_3
39,Male,Anxiety,1,Fair,4,Nature Sounds,English,Sleeping,playlist_3
50,Male,Happy,6,Poor,5,Pop,Kannada,Meditation,playlist_1
72,Female,Tired,2,Fair,8,Lo-fi,Hindi,Exercise,playlist_5
74,Female,Tired,6,Fair,2,Pop,Tamil,Meditation,playlist_5
40,Female,Anxiety,3,Good,3,Instrumental,Tamil,Relaxation,playlist_3
52,Female,Sad,7,Fair,5,Classical,Tamil,Exercise,playlist_2
15,Female,Angry,3,Poor,10,Lo-fi,Other,Sleeping,playlist_4
34,Female,Sad,9,Poor,4,Instrumental,Telugu,Studying,playlist_1
69,Female,Tired,3,Poor,5,Instrumental,Telugu,Exercise,playlist_5
42,Male,Sad,7,Poor,3,Pop,Kannada,Relaxation,playlist_2
30,Prefer not to say,Angry,4,Good,9,Pop,Other,Meditation,playlist_3
61,Other,Sad,8,Fair,8,Classical,Hindi,Sleeping,playlist_2
31,Female,Sad,2,Good,6,Classical,English,Sleeping,playlist_2
54,Female,Sad,8,Poor,1,Classical,Kannada,Relaxation,playlist_2
42,Male,Sad,9,Fair,4,Classical,Telugu,Relaxation,playlist_2
72,Female,Happy,8,Good,7,Pop,Kannada,Exercise,playlist_1
26,Female,Tired,6,Fair,10,Nature Sounds,Hindi,Studying,playlist_1
41,Female,Angry,10,Poor,5,Pop,Other,Studying,playlist_1
68,Female,Tired,1,Poor,4,Nature Sounds,Kannada,Meditation,playlist_5
67,Male,Happy,7,Fair,9,Pop,Spanish,Sleeping,playlist_2
56,Male,Happy,1,Fair,8,Pop,Malayalam,Exercise,playlist_5
73,Female,Happy,7,Poor,3,Classical,Malayalam,Sleeping,playlist_2
61,Male,Happy,2,Good,6,Nature Sounds,Tamil,Exercise,playlist_5
44,Female,Sad,8,Poor,4,Instrumental,English,Relaxation,playlist_2
55,Female,Tired,2,Fair,7,Instrumental,Spanish,Meditation,playlist_3
48,Male,Anxiety,3,Good,1,Instrumental,Telugu,Relaxation,playlist_3
51,Male,Angry,3,Poor,1,Classical,Spanish,Sleeping,playlist_4
20,Female,Happy,1,Fair,6,Instrumental,Telugu,Meditation,playlist_1
21,Male,Tired,5,Fair,10,Pop,Malayalam,Exercise,playlist_5
46,Male,Happy,5,Fair,7,Classical,Other,Exercise,playlist_5
46,Female,Happy,10,Good,9,Instrumental,Hindi,Meditation,playlist_3
67,Female,Happy,5,Good,7,Classical,Hindi,Relaxation,playlist_1
39,Female,Happy,9,Good,9,Pop,Hindi,Meditation,playlist_3
47,Female,Happy,6,Good,10,Classical,Telugu,Relaxation,playlist_1
69,Female,Angry,6,Fair,9,Instrumental,Tamil,Meditation,playlist_3
72,Female,Tired,3,Fair,8,Classical,Spanish,Relaxation,playlist_5
21,Female,Happy,5,Good,7,Lo-fi,English,Studying,playlist_1
66,Female,Happy,10,Good,3,Instrumental,Hindi,Meditation,playlist_1
71,Male,Happy,7,Fair,3,Pop,Telugu,Relaxation,playlist_1
26,Male,Happy,3,Poor,5,Nature Sounds,Tamil,Sleeping,playlist_1
30,Female,Sad,2,Poor,7,Classical,Hindi,Sleeping,playlist_2
30,Male,Sad,5,Fair,10,Classical,Spanish,Meditation,playlist_3
57,Male,Anxiety,3,Good,7,Instrumental,Hindi,Meditation,playlist_3
67,Prefer not to say,Happy,5,Good,1,Instrumental,English,Exercise,playlist_5
50,Male,Anxiety,9,Fair,8,Lo-fi,Malayalam,Relaxation,playlist_3
27,Male,Angry,10,Poor,1,Pop,English,Meditation,playlist_4
21,Male,Anxiety,1,Fair,4,Classical,Kannada,Sleeping,playlist_3
50,Female,Tired,4,Fair,2,Classical,Malayalam,Sleeping,playlist_5
61,Other,Sad,10,Fair,5,Nature Sounds,Malayalam,Sleeping,playlist_2
65,Female,Sad,5,Good,6,Classical,Spanish,Relaxation,playlist_2
23,Female,Happy,2,Good,4,Classical,Malayalam,Studying,playlist_1
46,Female,Happy,2,Good,4,Lo-fi,Hindi,Meditation,playlist_1
25,Other,Angry,1,Poor,7,Nature Sounds,Kannada,Studying,playlist_1
22,Male,Angry,8,Fair,4,Classical,Spanish,Relaxation,playlist_4
47,Female,Tired,2,Fair,2,Classical,Telugu,Meditation,playlist_5
37,Male,Happy,3,Poor,4,Pop,Spanish,Exercise,playlist_5
39,Male,Happy,2,Good,7,Classical,English,Meditation,playlist_3
70,Female,Angry,4,Fair,1,Lo-fi,Malayalam,Meditation,playlist_4
22,Male,Angry,1,Poor,4,Classical,Malayalam,Meditation,playlist_4
59,Female,Angry,3,Good,6,Classical,Tamil,Meditation,playlist_4
36,Male,Sad,5,Good,8,Instrumental,Hindi,Meditation,playlist_3
73,Male,Anxiety,10,Fair,8,Classical,Spanish,Relaxation,playlist_3
18,Male,Anxiety,1,Good,9,Nature Sounds,Hindi,Meditation,playlist_3
54,Female,Happy,4,Poor,5,Instrumental,Kannada,Relaxation,playlist_1
17,Female,Sad,6,Good,2,Nature Sounds,English,Meditation,playlist_2
43,Prefer not to say,Angry,4,Fair,3,Nature Sounds,Malayalam,Meditation,playlist_4
55,Female,Happy,7,Poor,2,Lo-fi,Malayalam,Relaxation,playlist_1
43,Female,Sad,7,Good,9,Classical,Kannada,Meditation,playlist_3
48,Male,Tired,6,Good,6,Nature Sounds,Spanish,Sleeping,playlist_5
48,Female,Sad,9,Good,1,Classical,Hindi,Meditation,playlist_2
42,Female,Happy,2,Poor,3,Classical,English,Exercise,playlist_5
27,Female,Anxiety,10,Good,7,Lo-fi,Hindi,Relaxation,playlist_3
29,Male,Angry,8,Fair,7,Lo-fi,English,Meditation,playlist_3
74,Female,Tired,8,Poor,5,Nature Sounds,Spanish,Meditation,playlist_5
37,Male,Sad,10,Poor,3,Nature Sounds,Hindi,Relaxation,playlist_2
58,Other,Happy,4,Good,7,Instrumental,Tamil,Studying,playlist_1
40,Female,Happy,6,Poor,5,Classical,Malayalam,Sleeping,playlist_1
18,Male,Angry,6,Fair,6,Classical,Spanish,Sleeping,playlist_4
40,Male,Happy,5,Poor,3,Lo-fi,Spanish,Meditation,playlist_1
54,Female,Happy,1,Fair,6,Lo-fi,Kannada,Relaxation,playlist_1
23,Female,Angry,3,Good,7,Nature Sounds,Other,Exercise,playlist_5
69,Female,Tired,7,Poor,8,Instrumental,Other,Meditation,playlist_3
19,Female,Anxiety,8,Fair,2,Instrumental,English,Sleeping,playlist_2
70,Female,Anxiety,2,Good,2,Lo-fi,Kannada,Meditation,playlist_3
46,Male,Sad,3,Fair,6,Lo-fi,English,Relaxation,playlist_2
34,Other,Tired,4,Poor,8,Instrumental,Spanish,Exercise,playlist_5
64,Female,Sad,5,Poor,5,Instrumental,English,Studying,playlist_1
25,Male,Anxiety,3,Fair,1,Nature Sounds,Malayalam,Exercise,playlist_5
29,Male,Angry,5,Good,1,Instrumental,English,Meditation,playlist_4
46,Male,Happy,8,Good,10,Classical,Hindi,Sleeping,playlist_2
42,Male,Anxiety,8,Good,9,Instrumental,Telugu,Relaxation,playlist_3
36,Female,Tired,2,Good,4,Pop,Hindi,Meditation,playlist_5
55,Male,Anxiety,6,Fair,10,Instrumental,Telugu,Studying,playlist_1
31,Female,Tired,4,Poor,1,Lo-fi,Malayalam,Relaxation,playlist_5
73,Female,Tired,9,Fair,8,Lo-fi,Malayalam,Relaxation,playlist_5
40,Male,Tired,10,Poor,2,Pop,Hindi,Relaxation,playlist_5
58,Male,Sad,2,Poor,2,Classical,Telugu,Meditation,playlist_2
21,Female,Angry,8,Fair,1,Instrumental,Other,Studying,playlist_1
56,Male,Anxiety,1,Fair,1,Instrumental,Other,Meditation,playlist_3
71,Male,Angry,6,Good,9,Pop,Spanish,Relaxation,playlist_4
40,Male,Happy,10,Poor,1,Nature Sounds,Other,Relaxation,playlist_1
39,Male,Anxiety,1,Good,6,Nature Sounds,Malayalam,Sleeping,playlist_3
24,Male,Angry,2,Good,7,Classical,English,Exercise,playlist_5
73,Male,Angry,3,Fair,4,Instrumental,English,Meditation,playlist_4
59,Female,Happy,9,Good,5,Instrumental,Telugu,Studying,playlist_1
33,Male,Tired,5,Good,4,Instrumental,Other,Relaxation,playlist_5
25,Female,Anxiety,10,Good,4,Lo-fi,Telugu,Meditation,playlist_3
27,Male,Anxiety,10,Fair,10,Nature Sounds,Kannada,Exercise,playlist_3
67,Male,Happy,2,Good,1,Pop,English,Meditation,playlist_1
22,Female,Tired,10,Good,6,Lo-fi,Hindi,Exercise,playlist_5
54,Male,Anxiety,5,Fair,10,Lo-fi,Kannada,Meditation,playlist_3
18,Male,Anxiety,5,Fair,10,Nature Sounds,Spanish,Sleeping,playlist_3
61,Female,Anxiety,1,Fair,7,Instrumental,Other,Meditation,playlist_3
45,Male,Tired,3,Poor,7,Classical,Telugu,Sleeping,playlist_5
42,Male,Happy,5,Fair,8,Pop,Spanish,Exercise,playlist_5
25,Male,Anxiety,9,Poor,7,Nature Sounds,Malayalam,Relaxation,playlist_3
57,Male,Angry,10,Fair,6,Classical,Hindi,Relaxation,playlist_4
15,Male,Tired,1,Fair,8,Nature Sounds,Tamil,Meditation,playlist_3
63,Prefer not to say,Sad,8,Fair,3,Nature Sounds,Tamil,Studying,playlist_1
61,Female,Happy,1,Poor,9,Nature Sounds,Spanish,Meditation,playlist_3
66,Female,Angry,9,Good,3,Nature Sounds,Spanish,Sleeping,playlist_2
52,Female,Anxiety,6,Fair,4,Instrumental,Other,Sleeping,playlist_3
38,Female,Sad,1,Poor,10,Lo-fi,Malayalam,Exercise,playlist_5
68,Female,Happy,8,Fair,6,Nature Sounds,Tamil,Meditation,playlist_1
74,Female,Tired,5,Good,8,Classical,Malayalam,Exercise,playlist_5
71,Male,Sad,7,Poor,3,Classical,Hindi,Studying,playlist_1
61,Male,Sad,7,Fair,10,Classical,Malayalam,Relaxation,playlist_2
45,Female,Angry,7,Fair,6,Lo-fi,Spanish,Relaxation,playlist_4
55,Female,Happy,6,Fair,5,Lo-fi,Telugu,Meditation,playlist_1
60,Male,Angry,8,Good,5,Classical,Hindi,Exercise,playlist_4
64,Female,Angry,9,Poor,5,Instrumental,Kannada,Exercise,playlist_4
40,Female,Anxiety,2,Fair,9,Lo-fi,Kannada,Studying,playlist_1
63,Male,Tired,7,Fair,7,Lo-fi,Tamil,Exercise,playlist_5
64,Other,Sad,2,Poor,9,Instrumental,Other,Sleeping,playlist_2
19,Female,Happy,6,Good,9,Nature Sounds,Spanish,Sleeping,playlist_1
34,Female,Tired,2,Good,6,Lo-fi,Telugu,Sleeping,playlist_5
66,Male,Tired,10,Good,6,Classical,Spanish,Meditation,playlist_5
55,Male,Happy,6,Good,4,Classical,Kannada,Sleeping,playlist_1
25,Male,Tired,2,Good,8,Instrumental,English,Sleeping,playlist_5
70,Male,Anxiety,1,Fair,2,Classical,Spanish,Relaxation,playlist_3
68,Female,Tired,7,Fair,5,Pop,English,Meditation,playlist_5
47,Female,Anxiety,3,Fair,1,Classical,Tamil,Sleeping,playlist_3
64,Female,Sad,4,Poor,10,Instrumental,Spanish,Studying,playlist_1
52,Male,Sad,6,Good,2,Instrumental,Tamil,Sleeping,playlist_2
41,Male,Angry,5,Poor,1,Instrumental,Tamil,Meditation,playlist_4
48,Female,Anxiety,4,Good,6,Pop,Other,Exercise,playlist_5
29,Male,Sad,9,Good,2,Lo-fi,Kannada,Relaxation,playlist_2
46,Prefer not to say,Tired,6,Poor,4,Nature Sounds,Telugu,Relaxation,playlist_5
72,Female,Happy,6,Fair,5,Classical,Malayalam,Meditation,playlist_1
35,Female,Happy,2,Poor,7,Lo-fi,Malayalam,Sleeping,playlist_1
60,Male,Anxiety,6,Fair,10,Instrumental,Tamil,Studying,playlist_1
19,Female,Angry,7,Good,1,Lo-fi,Hindi,Sleeping,playlist_2
20,Male,Tired,8,Fair,5,Lo-fi,Tamil,Sleeping,playlist_2
52,Female,Anxiety,8,Good,4,Pop,Other,Studying,playlist_1
36,Male,Happy,9,Good,7,Instrumental,Spanish,Relaxation,playlist_1
32,Female,Anxiety,10,Fair,10,Instrumental,Malayalam,Sleeping,playlist_2
28,Male,Tired,3,Good,7,Classical,Malayalam,Exercise,playlist_5
24,Female,Sad,10,Fair,8,Classical,Malayalam,Exercise,playlist_2
60,Male,Tired,7,Poor,4,Classical,Other,Meditation,playlist_5
27,Male,Sad,7,Good,4,Classical,Other,Meditation,playlist_2
45,Female,Sad,1,Good,10,Lo-fi,Kannada,Studying,playlist_1
44,Prefer not to say,Sad,8,Poor,5,Lo-fi,Telugu,Studying,playlist_1
17,Female,Anxiety,4,Good,5,Classical,Tamil,Meditation,playlist_3
44,Female,Happy,5,Poor,3,Classical,English,Sleeping,playlist_1
20,Male,Anxiety,6,Poor,5,Classical,Tamil,Relaxation,playlist_3
43,Male,Happy,3,Good,5,Nature Sounds,Tamil,Exercise,playlist_5
22,Male,Tired,5,Poor,8,Classical,Telugu,Studying,playlist_1
58,Prefer not to say,Angry,10,Poor,7,Nature Sounds,Hindi,Meditation,playlist_3
59,Male,Tired,5,Poor,8,Classical,Other,Exercise,playlist_5
57,Female,Anxiety,1,Good,5,Instrumental,Tamil,Studying,playlist_1
58,Female,Anxiety,3,Poor,2,Pop,Tamil,Studying,playlist_1
47,Female,Happy,3,Fair,8,Lo-fi,Malayalam,Sleeping,playlist_1
31,Other,Anxiety,1,Fair,9,Instrumental,Other,Studying,playlist_1
62,Male,Sad,7,Poor,2,Pop,Kannada,Relaxation,playlist_2
25,Female,Anxiety,1,Fair,1,Nature Sounds,Telugu,Studying,playlist_1
27,Female,Happy,7,Good,6,Lo-fi,Kannada,Relaxation,playlist_1
64,Female,Happy,4,Poor,3,Nature Sounds,Malayalam,Sleeping,playlist_1
25,Male,Sad,9,Good,1,Nature Sounds,Tamil,Relaxation,playlist_2
45,Male,Happy,7,Fair,6,Lo-fi,Tamil,Exercise,playlist_1
42,Female,Angry,5,Fair,8,Pop,English,Studying,playlist_1
58,Male,Tired,7,Fair,9,Lo-fi,Kannada,Meditation,playlist_3
20,Other,Anxiety,9,Fair,6,Classical,Malayalam,Meditation,playlist_3
55,Male,Angry,10,Good,6,Nature Sounds,Telugu,Relaxation,playlist_4
30,Female,Anxiety,6,Poor,1,Classical,Spanish,Sleeping,playlist_3
18,Female,Angry,1,Good,5,Lo-fi,Spanish,Relaxation,playlist_4
49,Female,Anxiety,6,Poor,3,Lo-fi,Spanish,Relaxation,playlist_3
74,Female,Sad,1,Fair,7,Pop,Tamil,Relaxation,playlist_2
62,Female,Happy,4,Fair,9,Nature Sounds,English,Exercise,playlist_5
70,Female,Happy,8,Fair,6,Instrumental,English,Exercise,playlist_1
73,Female,Sad,5,Fair,5,Lo-fi,Spanish,Relaxation,playlist_2
40,Male,Angry,5,Good,7,Instrumental,Hindi,Sleeping,playlist_4
71,Male,Tired,10,Poor,9,Nature Sounds,Telugu,Studying,playlist_1
26,Male,Angry,8,Poor,5,Classical,Spanish,Meditation,playlist_4
25,Male,Happy,8,Fair,5,Nature Sounds,English,Exercise,playlist_1
51,Female,Tired,1,Good,10,Pop,Telugu,Studying,playlist_1
39,Female,Anxiety,5,Fair,4,Instrumental,Spanish,Exercise,playlist_5
32,Female,Tired,5,Poor,5,Instrumental,Tamil,Exercise,playlist_5
33,Male,Angry,8,Poor,7,Classical,Spanish,Exercise,playlist_4
37,Male,Sad,1,Good,3,Classical,Other,Relaxation,playlist_2
69,Female,Anxiety,7,Poor,4,Lo-fi,Hindi,Relaxation,playlist_3
52,Other,Angry,7,Good,9,Nature Sounds,Malayalam,Exercise,playlist_4
68,Other,Anxiety,9,Fair,2,Pop,Other,Exercise,playlist_3
32,Female,Tired,2,Fair,8,Lo-fi,Other,Meditation,playlist_3
40,Female,Happy,3,Good,9,Nature Sounds,Telugu,Studying,playlist_1
20,Other,Angry,4,Fair,5,Classical,Other,Studying,playlist_1
18,Female,Sad,1,Good,7,Pop,Malayalam,Sleeping,playlist_2
58,Prefer not to say,Tired,7,Fair,6,Classical,Hindi,Sleeping,playlist_2
65,Male,Angry,10,Fair,1,Classical,Malayalam,Sleeping,playlist_2
43,Other,Sad,3,Poor,8,Instrumental,Telugu,Relaxation,playlist_2
73,Female,Angry,3,Poor,9,Nature Sounds,Malayalam,Relaxation,playlist_4
48,Male,Tired,3,Good,10,Lo-fi,Telugu,Meditation,playlist_3
31,Male,Angry,8,Fair,1,Instrumental,Kannada,Relaxation,playlist_4
57,Female,Anxiety,9,Fair,8,Nature Sounds,Other,Sleeping,playlist_2
57,Female,Tired,10,Fair,3,Nature Sounds,Hindi,Exercise,playlist_5
67,Prefer not to say,Angry,2,Poor,6,Nature Sounds,Telugu,Sleeping,playlist_4
30,Male,Happy,10,Good,10,Pop,Kannada,Meditation,playlist_3
16,Male,Angry,10,Good,8,Instrumental,Kannada,Exercise,playlist_4
48,Male,Anxiety,1,Good,5,Lo-fi,Hindi,Relaxation,playlist_3
69,Female,Sad,9,Fair,8,Instrumental,Tamil,Exercise,playlist_2
22,Female,Sad,6,Good,7,Classical,Hindi,Meditation,playlist_3
27,Female,Sad,9,Poor,7,Nature Sounds,Telugu,Relaxation,playlist_2
56,Male,Happy,6,Poor,7,Classical,Tamil,Studying,playlist_1
22,Male,Anxiety,2,Good,9,Instrumental,Other,Sleeping,playlist_3
44,Male,Tired,1,Fair,6,Lo-fi,Hindi,Sleeping,playlist_5
46,Female,Sad,8,Poor,6,Classical,Hindi,Meditation,playlist_2
50,Male,Anxiety,3,Poor,9,Classical,Other,Meditation,playlist_3
61,Male,Angry,1,Fair,6,Pop,Hindi,Sleeping,playlist_4
44,Female,Happy,8,Fair,7,Instrumental,Other,Exercise,playlist_1
15,Female,Anxiety,1,Good,7,Classical,Hindi,Studying,playlist_1
57,Male,Anxiety,8,Poor,2,Instrumental,Tamil,Studying,playlist_1
53,Male,Tired,1,Poor,8,Lo-fi,Telugu,Meditation,playlist_3
31,Female,Anxiety,9,Good,6,Classical,Kannada,Meditation,playlist_3
73,Prefer not to say,Tired,9,Good,4,Lo-fi,Hindi,Exercise,playlist_5
34,Female,Happy,9,Poor,7,Classical,Other,Meditation,playlist_3
38,Male,Happy,3,Poor,8,Nature Sounds,Kannada,Studying,playlist_1
64,Female,Angry,4,Fair,1,Pop,Kannada,Sleeping,playlist_4
36,Prefer not to say,Tired,5,Fair,10,Pop,Kannada,Studying,playlist_1
43,Female,Tired,6,Poor,4,Pop,Hindi,Exercise,playlist_5
36,Male,Sad,9,Poor,4,Lo-fi,Hindi,Sleeping,playlist_2
58,Male,Sad,4,Fair,10,Instrumental,Malayalam,Sleeping,playlist_2
23,Prefer not to say,Angry,6,Good,9,Pop,Hindi,Studying,playlist_1
51,Female,Happy,1,Good,6,Classical,Spanish,Sleeping,playlist_1
24,Female,Sad,2,Poor,4,Classical,Hindi,Sleeping,playlist_2
50,Male,Anxiety,8,Poor,1,Nature Sounds,English,Meditation,playlist_3
51,Female,Happy,4,Fair,8,Lo-fi,Telugu,Sleeping,playlist_1
42,Male,Anxiety,10,Poor,9,Classical,English,Exercise,playlist_3
42,Male,Tired,7,Good,5,Classical,Malayalam,Sleeping,playlist_2
56,Female,Happy,4,Fair,5,Nature Sounds,Spanish,Meditation,playlist_1
57,Male,Angry,9,Fair,10,Nature Sounds,Tamil,Relaxation,playlist_4
35,Male,Tired,9,Good,8,Instrumental,Spanish,Relaxation,playlist_5
38,Other,Tired,4,Good,8,Instrumental,English,Exercise,playlist_5
56,Male,Anxiety,8,Fair,5,Instrumental,English,Exercise,playlist_3
74,Female,Tired,6,Poor,4,Classical,English,Sleeping,playlist_5
54,Female,Sad,1,Good,6,Nature Sounds,Telugu,Sleeping,playlist_2
16,Other,Happy,7,Fair,10,Lo-fi,Kannada,Relaxation,playlist_1
69,Female,Sad,1,Poor,5,Instrumental,Tamil,Relaxation,playlist_2
22,Female,Anxiety,3,Poor,8,Pop,Tamil,Studying,playlist_1
62,Male,Anxiety,8,Fair,9,Classical,Spanish,Relaxation,playlist_3
41,Female,Happy,9,Good,1,Lo-fi,Telugu,Relaxation,playlist_1
36,Other,Tired,3,Poor,9,Classical,Malayalam,Exercise,playlist_5
51,Male,Angry,1,Good,9,Instrumental,Spanish,Studying,playlist_1
41,Female,Anxiety,1,Fair,6,Classical,English,Studying,playlist_1
71,Male,Happy,7,Good,10,Instrumental,Kannada,Sleeping,playlist_2
43,Male,Angry,5,Poor,5,Classical,Spanish,Sleeping,playlist_4
17,Male,Tired,1,Fair,7,Instrumental,Spanish,Studying,playlist_1
58,Male,Anxiety,6,Poor,8,Nature Sounds,Hindi,Studying,playlist_1
27,Prefer not to say,Happy,6,Poor,9,Nature Sounds,Spanish,Sleeping,playlist_1
59,Female,Happy,4,Fair,9,Nature Sounds,Telugu,Exercise,playlist_5
24,Female,Happy,7,Fair,10,Nature Sounds,Malayalam,Exercise,playlist_1
50,Female,Anxiety,7,Good,3,Nature Sounds,Kannada,Exercise,playlist_3
23,Female,Angry,9,Fair,8,Pop,Malayalam,Exercise,playlist_4
68,Female,Happy,1,Good,1,Classical,Telugu,Sleeping,playlist_1
70,Female,Tired,5,Fair,7,Nature Sounds,Telugu,Meditation,playlist_3
69,Male,Happy,10,Poor,5,Pop,Hindi,Relaxation,playlist_1
41,Female,Angry,3,Good,2,Pop,Malayalam,Relaxation,playlist_4
48,Female,Anxiety,7,Fair,2,Classical,Kannada,Relaxation,playlist_3
65,Prefer not to say,Happy,4,Good,8,Classical,Malayalam,Relaxation,playlist_1
15,Female,Happy,4,Good,5,Instrumental,Spanish,Sleeping,playlist_1
46,Female,Tired,1,Good,3,Instrumental,Malayalam,Meditation,playlist_5
39,Female,Tired,1,Poor,1,Nature Sounds,Other,Sleeping,playlist_5
43,Female,Happy,10,Fair,7,Lo-fi,English,Meditation,playlist_3
21,Female,Happy,2,Fair,3,Instrumental,Malayalam,Sleeping,playlist_1
63,Male,Tired,2,Good,7,Lo-fi,Kannada,Studying,playlist_1
17,Male,Angry,1,Fair,2,Instrumental,Spanish,Meditation,playlist_4
34,Female,Sad,8,Poor,4,Pop,Kannada,Relaxation,playlist_2
34,Male,Sad,6,Good,2,Pop,Other,Meditation,playlist_2
67,Male,Happy,6,Poor,4,Pop,Other,Exercise,playlist_1
44,Female,Tired,10,Poor,5,Lo-fi,English,Meditation,playlist_5
49,Male,Anxiety,10,Fair,8,Nature Sounds,Hindi,Exercise,playlist_3
49,Other,Anxiety,9,Fair,2,Instrumental,Kannada,Exercise,playlist_3
63,Prefer not to say,Sad,5,Good,10,Instrumental,Malayalam,Studying,playlist_1
53,Female,Angry,4,Poor,3,Lo-fi,Malayalam,Meditation,playlist_4
41,Female,Sad,6,Fair,10,Pop,English,Studying,playlist_1
40,Female,Happy,8,Good,5,Nature Sounds,Telugu,Relaxation,playlist_1
28,Female,Angry,1,Good,9,Instrumental,Telugu,Meditation,playlist_3
31,Male,Anxiety,7,Fair,10,Nature Sounds,Spanish,Sleeping,playlist_2
32,Female,Tired,8,Poor,5,Nature Sounds,English,Sleeping,playlist_2
59,Female,Tired,9,Good,9,Classical,Telugu,Sleeping,playlist_2
66,Male,Happy,8,Fair,4,Nature Sounds,Kannada,Exercise,playlist_1
43,Female,Sad,7,Good,10,Classical,English,Sleeping,playlist_2
34,Female,Happy,3,Fair,5,Lo-fi,Malayalam,Relaxation,playlist_1
67,Male,Tired,2,Good,9,Pop,Spanish,Meditation,playlist_3
41,Female,Anxiety,3,Poor,4,Classical,Spanish,Meditation,playlist_3
32,Male,Tired,4,Good,5,Nature Sounds,Other,Exercise,playlist_5
18,Male,Angry,4,Fair,5,Pop,Kannada,Exercise,playlist_5
15,Female,Tired,6,Fair,4,Nature Sounds,Tamil,Exercise,playlist_5
64,Other,Tired,7,Fair,4,Nature Sounds,Hindi,Relaxation,playlist_5
15,Male,Angry,4,Poor,5,Classical,Malayalam,Meditation,playlist_4
72,Other,Sad,10,Fair,6,Lo-fi,Malayalam,Studying,playlist_1
40,Male,Tired,6,Fair,7,Nature Sounds,Hindi,Exercise,playlist_5
59,Male,Happy,9,Poor,6,Classical,Hindi,Sleeping,playlist_2
34,Male,Tired,6,Fair,1,Nature Sounds,English,Studying,playlist_1
66,Male,Happy,3,Fair,2,Pop,Tamil,Studying,playlist_1
37,Male,Angry,1,Poor,7,Lo-fi,Other,Exercise,playlist_5
24,Other,Tired,10,Good,3,Nature Sounds,Hindi,Sleeping,playlist_2
73,Male,Angry,10,Fair,10,Lo-fi,Kannada,Exercise,playlist_4
25,Male,Angry,5,Good,2,Lo-fi,Malayalam,Exercise,playlist_5
55,Female,Sad,10,Poor,6,Pop,Hindi,Sleeping,playlist_2
55,Male,Tired,10,Fair,4,Pop,Tamil,Studying,playlist_1
19,Female,Happy,3,Fair,5,Instrumental,Kannada,Studying,playlist_1
72,Male,Happy,8,Poor,6,Lo-fi,Kannada,Sleeping,playlist_2
15,Male,Tired,10,Fair,3,Nature Sounds,English,Studying,playlist_1
31,Female,Sad,1,Good,1,Pop,Other,Relaxation,playlist_2
36,Male,Sad,2,Good,3,Nature Sounds,English,Exercise,playlist_5
48,Male,Sad,3,Poor,3,Lo-fi,Telugu,Relaxation,playlist_2
70,Male,Happy,3,Fair,6,Pop,Tamil,Relaxation,playlist_1
59,Female,Angry,8,Fair,4,Instrumental,Spanish,Relaxation,playlist_4
55,Female,Sad,5,Poor,7,Lo-fi,Kannada,Meditation,playlist_3
43,Female,Happy,8,Good,2,Nature Sounds,Tamil,Meditation,playlist_1
18,Female,Happy,6,Good,4,Instrumental,Hindi,Relaxation,playlist_1
19,Female,Angry,2,Poor,8,Lo-fi,Spanish,Exercise,playlist_5
25,Male,Tired,4,Fair,6,Pop,Malayalam,Relaxation,playlist_5
70,Other,Tired,9,Good,10,Lo-fi,Hindi,Relaxation,playlist_5
65,Prefer not to say,Sad,4,Fair,3,Classical,Malayalam,Meditation,playlist_2
35,Female,Sad,5,Good,10,Nature Sounds,Other,Relaxation,playlist_2
49,Male,Angry,5,Fair,2,Pop,Telugu,Exercise,playlist_5
26,Female,Sad,10,Good,3,Pop,Other,Exercise,playlist_2
40,Male,Angry,8,Fair,1,Classical,Other,Relaxation,playlist_4
65,Female,Happy,6,Poor,1,Instrumental,Kannada,Exercise,playlist_1
33,Male,Sad,10,Good,2,Pop,Malayalam,Relaxation,playlist_2
59,Female,Happy,7,Poor,3,Instrumental,Other,Meditation,playlist_1
74,Male,Anxiety,6,Good,9,Instrumental,Kannada,Relaxation,playlist_3
21,Prefer not to say,Angry,5,Good,8,Instrumental,Malayalam,Studying,playlist_1
61,Male,Anxiety,5,Good,9,Lo-fi,Telugu,Meditation,playlist_3
69,Female,Sad,3,Fair,7,Classical,Hindi,Exercise,playlist_5
21,Other,Happy,7,Good,7,Nature Sounds,Kannada,Exercise,playlist_1
40,Male,Sad,10,Poor,5,Classical,Spanish,Meditation,playlist_2
54,Other,Anxiety,5,Fair,7,Pop,Other,Studying,playlist_1
19,Male,Sad,7,Fair,4,Classical,Malayalam,Meditation,playlist_2
35,Prefer not to say,Tired,2,Good,5,Nature Sounds,Tamil,Sleeping,playlist_5
28,Prefer not to say,Anxiety,9,Fair,1,Lo-fi,Kannada,Studying,playlist_1
18,Male,Sad,8,Good,4,Pop,Malayalam,Meditation,playlist_2
37,Female,Happy,5,Poor,3,Lo-fi,Other,Sleeping,playlist_1
56,Male,Sad,2,Fair,2,Pop,Malayalam,Relaxation,playlist_2
34,Male,Happy,6,Fair,2,Nature Sounds,Hindi,Studying,playlist_1
29,Male,Tired,8,Poor,8,Lo-fi,Kannada,Relaxation,playlist_5
64,Male,Sad,7,Poor,1,Nature Sounds,Kannada,Sleeping,playlist_2
66,Female,Tired,8,Good,8,Nature Sounds,English,Exercise,playlist_5
59,Male,Anxiety,4,Fair,9,Classical,Malayalam,Exercise,playlist_5
43,Female,Happy,3,Poor,6,Pop,Other,Exercise,playlist_5
22,Male,Anxiety,7,Fair,1,Instrumental,Other,Relaxation,playlist_3
55,Prefer not to say,Happy,2,Poor,10,Instrumental,Kannada,Studying,playlist_1
62,Male,Tired,5,Fair,7,Lo-fi,Malayalam,Relaxation,playlist_5
33,Male,Angry,7,Poor,5,Nature Sounds,Telugu,Relaxation,playlist_4
62,Female,Sad,1,Fair,9,Classical,Telugu,Exercise,playlist_5
53,Female,Tired,4,Good,7,Pop,Tamil,Relaxation,playlist_5
60,Female,Happy,2,Fair,5,Lo-fi,Kannada,Sleeping,playlist_1
42,Female,Happy,6,Good,2,Nature Sounds,Tamil,Meditation,playlist_1
60,Male,Happy,1,Good,4,Instrumental,Hindi,Meditation,playlist_1
71,Male,Happy,7,Good,2,Instrumental,Malayalam,Meditation,playlist_1
41,Female,Sad,3,Fair,9,Pop,Hindi,Exercise,playlist_5
18,Female,Anxiety,1,Fair,2,Pop,English,Exercise,playlist_5
72,Male,Angry,8,Good,2,Pop,English,Meditation,playlist_4
29,Female,Sad,7,Poor,2,Lo-fi,Other,Studying,playlist_1
49,Female,Happy,2,Fair,1,Pop,Kannada,Meditation,playlist_1
51,Female,Sad,7,Fair,9,Lo-fi,Kannada,Relaxation,playlist_2
15,Male,Tired,3,Fair,8,Classical,Other,Meditation,playlist_3
17,Female,Happy,9,Fair,2,Nature Sounds,Tamil,Meditation,playlist_1
61,Male,Angry,8,Good,2,Instrumental,Other,Studying,playlist_1
38,Male,Happy,5,Poor,5,Lo-fi,Tamil,Exercise,playlist_5
41,Female,Angry,7,Poor,4,Nature Sounds,Kannada,Exercise,playlist_4
54,Female,Angry,3,Poor,2,Pop,Spanish,Relaxation,playlist_4
50,Female,Anxiety,1,Poor,8,Instrumental,Other,Meditation,playlist_3
48,Male,Anxiety,1,Good,8,Lo-fi,Kannada,Sleeping,playlist_3
43,Other,Sad,2,Fair,4,Pop,English,Relaxation,playlist_2
38,Male,Sad,8,Fair,4,Nature Sounds,English,Exercise,playlist_2
38,Female,Angry,1,Good,9,Classical,English,Studying,playlist_1
56,Male,Happy,5,Fair,4,Nature Sounds,Kannada,Exercise,playlist_5
18,Male,Tired,9,Good,10,Lo-fi,Other,Exercise,playlist_5
17,Male,Tired,9,Poor,9,Classical,Tamil,Studying,playlist_1
48,Male,Happy,2,Good,3,Classical,Telugu,Meditation,playlist_1
71,Female,Happy,7,Fair,2,Pop,Telugu,Meditation,playlist_1
63,Other,Anxiety,1,Fair,8,Nature Sounds,Tamil,Exercise,playlist_5
37,Male,Tired,3,Fair,3,Lo-fi,Tamil,Relaxation,playlist_5
67,Female,Angry,6,Poor,2,Classical,Other,Sleeping,playlist_4
70,Female,Sad,9,Good,8,Pop,Spanish,Relaxation,playlist_2
66,Female,Anxiety,10,Good,8,Classical,Tamil,Relaxation,playlist_3
37,Male,Tired,2,Fair,5,Nature Sounds,English,Exercise,playlist_5
59,Prefer not to say,Happy,7,Good,9,Instrumental,Hindi,Exercise,playlist_1
19,Male,Tired,4,Fair,6,Lo-fi,Spanish,Sleeping,playlist_5
45,Female,Angry,2,Good,5,Instrumental,Kannada,Sleeping,playlist_4
67,Female,Anxiety,3,Poor,3,Nature Sounds,English,Sleeping,playlist_3
55,Male,Happy,6,Poor,7,Instrumental,Telugu,Exercise,playlist_1
71,Female,Angry,10,Good,9,Nature Sounds,Kannada,Exercise,playlist_4
71,Male,Sad,9,Poor,4,Nature Sounds,Tamil,Relaxation,playlist_2
74,Male,Anxiety,8,Poor,7,Pop,Other,Exercise,playlist_3
68,Male,Angry,10,Poor,3,Instrumental,Malayalam,Meditation,playlist_4
20,Prefer not to say,Angry,9,Fair,2,Classical,Spanish,Meditation,playlist_4
51,Female,Happy,4,Good,1,Nature Sounds,Spanish,Sleeping,playlist_1
71,Male,Sad,4,Good,6,Instrumental,Telugu,Exercise,playlist_5
24,Male,Angry,9,Fair,5,Classical,Tamil,Meditation,playlist_4
54,Male,Anxiety,8,Fair,2,Lo-fi,Malayalam,Relaxation,playlist_3
21,Female,Angry,2,Poor,3,Classical,Tamil,Studying,playlist_1
53,Female,Tired,8,Good,9,Instrumental,Tamil,Relaxation,playlist_5
52,Prefer not to say,Anxiety,1,Fair,3,Instrumental,Kannada,Studying,playlist_1
35,Female,Anxiety,9,Poor,7,Classical,Telugu,Relaxation,playlist_3
34,Female,Angry,9,Good,1,Classical,Telugu,Meditation,playlist_4
17,Male,Happy,8,Poor,7,Nature Sounds,Tamil,Exercise,playlist_1
65,Male,Anxiety,5,Good,9,Instrumental,Other,Studying,playlist_1
36,Female,Tired,5,Poor,8,Nature Sounds,English,Exercise,playlist_5
61,Female,Happy,3,Good,7,Nature Sounds,Other,Exercise,playlist_5
18,Female,Happy,5,Good,10,Lo-fi,Other,Meditation,playlist_3
42,Male,Happy,4,Good,8,Instrumental,Hindi,Sleeping,playlist_1
26,Male,Anxiety,1,Good,4,Nature Sounds,Malayalam,Sleeping,playlist_3
52,Male,Happy,9,Poor,2,Lo-fi,English,Studying,playlist_1
65,Prefer not to say,Angry,10,Fair,9,Nature Sounds,Kannada,Meditation,playlist_3
50,Female,Happy,4,Good,3,Nature Sounds,Other,Exercise,playlist_5
61,Male,Tired,3,Good,4,Instrumental,Malayalam,Relaxation,playlist_5
55,Female,Sad,6,Good,7,Classical,Hindi,Relaxation,playlist_2
19,Female,Tired,1,Good,2,Classical,English,Studying,playlist_1
27,Male,Anxiety,5,Poor,8,Instrumental,Other,Studying,playlist_1
37,Male,Happy,7,Fair,10,Classical,Malayalam,Studying,playlist_1
72,Female,Happy,2,Fair,8,Pop,Spanish,Meditation,playlist_3
64,Female,Angry,10,Fair,5,Classical,Telugu,Relaxation,playlist_4
44,Female,Happy,9,Poor,9,Nature Sounds,English,Meditation,playlist_3
51,Female,Tired,6,Fair,8,Nature Sounds,Other,Meditation,playlist_3
39,Male,Anxiety,2,Poor,1,Lo-fi,Tamil,Exercise,playlist_5
62,Male,Sad,8,Poor,9,Instrumental,Kannada,Meditation,playlist_3
41,Female,Happy,8,Good,5,Lo-fi,English,Meditation,playlist_1
65,Female,Sad,1,Poor,9,Nature Sounds,Malayalam,Exercise,playlist_5
28,Male,Happy,1,Fair,9,Nature Sounds,English,Sleeping,playlist_1
71,Male,Anxiety,1,Fair,10,Lo-fi,Malayalam,Exercise,playlist_5
62,Male,Tired,4,Fair,10,Pop,Other,Studying,playlist_1
73,Male,Anxiety,4,Good,3,Classical,Hindi,Sleeping,playlist_3
61,Male,Sad,8,Good,8,Pop,Tamil,Relaxation,playlist_2
68,Female,Happy,1,Good,7,Pop,Other,Meditation,playlist_3
50,Female,Sad,10,Poor,7,Pop,Spanish,Sleeping,playlist_2
53,Male,Tired,3,Fair,10,Pop,Hindi,Relaxation,playlist_5
30,Female,Anxiety,1,Poor,2,Classical,Spanish,Exercise,playlist_5
70,Female,Sad,9,Poor,2,Instrumental,Other,Exercise,playlist_2
36,Male,Sad,10,Fair,2,Lo-fi,Kannada,Studying,playlist_1
35,Female,Tired,9,Good,2,Pop,Other,Studying,playlist_1
68,Male,Happy,7,Fair,4,Pop,Kannada,Sleeping,playlist_2
35,Female,Sad,8,Poor,7,Lo-fi,Malayalam,Meditation,playlist_3
22,Male,Tired,1,Poor,2,Lo-fi,Tamil,Exercise,playlist_5
63,Male,Happy,5,Good,5,Instrumental,Hindi,Sleeping,playlist_1
30,Female,Happy,2,Poor,7,Nature Sounds,Tamil,Sleeping,playlist_1
73,Male,Anxiety,1,Poor,9,Instrumental,Other,Sleeping,playlist_3
69,Male,Tired,3,Fair,8,Nature Sounds,Hindi,Studying,playlist_1
45,Male,Happy,7,Good,9,Classical,Malayalam,Exercise,playlist_1
56,Female,Anxiety,1,Fair,7,Instrumental,Malayalam,Studying,playlist_1
24,Female,Angry,2,Fair,3,Classical,Malayalam,Studying,playlist_1
46,Male,Tired,2,Fair,1,Lo-fi,Telugu,Sleeping,playlist_5
73,Male,Angry,4,Poor,10,Instrumental,Tamil,Relaxation,playlist_4
48,Female,Happy,3,Poor,7,Lo-fi,Other,Relaxation,playlist_1
23,Male,Tired,3,Good,6,Pop,Spanish,Relaxation,playlist_5
31,Female,Anxiety,10,Poor,2,Lo-fi,Kannada,Sleeping,playlist_2
25,Male,Happy,5,Good,1,Pop,Hindi,Meditation,playlist_1
46,Female,Tired,3,Fair,10,Nature Sounds,Telugu,Exercise,playlist_5
24,Female,Tired,7,Fair,4,Pop,Kannada,Sleeping,playlist_2
36,Male,Angry,5,Poor,4,Nature Sounds,Hindi,Sleeping,playlist_4
71,Female,Happy,4,Poor,6,Pop,Telugu,Studying,playlist_1
31,Female,Anxiety,3,Good,5,Pop,Kannada,Relaxation,playlist_3
18,Male,Anxiety,4,Poor,9,Classical,Kannada,Sleeping,playlist_3
62,Male,Happy,2,Poor,8,Classical,Telugu,Meditation,playlist_3
66,Male,Happy,1,Poor,9,Lo-fi,Kannada,Exercise,playlist_5
61,Male,Sad,3,Fair,10,Classical,Hindi,Meditation,playlist_3
39,Male,Angry,2,Poor,7,Nature Sounds,Spanish,Sleeping,playlist_4
73,Female,Happy,1,Poor,9,Classical,Hindi,Sleeping,playlist_1
35,Female,Happy,1,Fair,3,Lo-fi,Kannada,Studying,playlist_1
51,Female,Sad,2,Fair,9,Instrumental,English,Meditation,playlist_3
52,Female,Sad,9,Fair,2,Nature Sounds,Malayalam,Studying,playlist_1
63,Female,Tired,5,Fair,9,Instrumental,Telugu,Meditation,playlist_3
15,Female,Anxiety,9,Poor,6,Nature Sounds,English,Relaxation,playlist_3
39,Prefer not to say,Angry,8,Poor,4,Lo-fi,Hindi,Relaxation,playlist_4
65,Male,Tired,6,Poor,2,Classical,Kannada,Meditation,playlist_5
50,Male,Happy,1,Good,10,Instrumental,Tamil,Studying,playlist_1
31,Male,Sad,10,Fair,3,Instrumental,Spanish,Relaxation,playlist_2
55,Female,Anxiety,5,Poor,5,Classical,Tamil,Sleeping,playlist_3
38,Male,Tired,1,Poor,9,Lo-fi,Malayalam,Exercise,playlist_5
16,Male,Anxiety,7,Poor,7,Classical,English,Studying,playlist_1
54,Female,Sad,10,Fair,3,Pop,Other,Meditation,playlist_2
29,Prefer not to say,Tired,8,Fair,4,Pop,English,Exercise,playlist_5
46,Prefer not to say,Tired,8,Fair,2,Pop,Other,Exercise,playlist_5
53,Female,Anxiety,7,Poor,8,Instrumental,English,Sleeping,playlist_2
73,Male,Sad,2,Fair,6,Instrumental,Hindi,Studying,playlist_1
20,Female,Happy,5,Poor,3,Lo-fi,Malayalam,Exercise,playlist_5
15,Female,Tired,4,Good,5,Nature Sounds,Spanish,Studying,playlist_1
61,Other,Happy,5,Fair,5,Classical,Malayalam,Sleeping,playlist_1
37,Female,Sad,10,Fair,1,Nature Sounds,Hindi,Meditation,playlist_2
72,Male,Tired,9,Poor,5,Instrumental,Malayalam,Exercise,playlist_5
53,Male,Tired,4,Fair,6,Classical,Spanish,Exercise,playlist_5
71,Other,Happy,8,Fair,10,Instrumental,Kannada,Exercise,playlist_1
31,Male,Angry,8,Poor,10,Lo-fi,Hindi,Studying,playlist_1
48,Male,Happy,2,Poor,2,Classical,Other,Exercise,playlist_5
73,Female,Happy,6,Poor,3,Instrumental,Other,Studying,playlist_1
55,Male,Angry,5,Good,10,Pop,Kannada,Relaxation,playlist_4
43,Other,Sad,2,Poor,5,Pop,Kannada,Relaxation,playlist_2
23,Male,Sad,10,Fair,3,Instrumental,English,Studying,playlist_1
27,Male,Tired,4,Good,5,Nature Sounds,Tamil,Relaxation,playlist_5
20,Prefer not to say,Anxiety,7,Poor,5,Lo-fi,Spanish,Sleeping,playlist_2
20,Male,Anxiety,1,Good,8,Lo-fi,English,Sleeping,playlist_3
34,Female,Tired,9,Good,10,Instrumental,Hindi,Relaxation,playlist_5
66,Female,Anxiety,10,Fair,9,Lo-fi,Telugu,Meditation,playlist_3
67,Female,Happy,1,Good,8,Classical,Hindi,Studying,playlist_1
17,Male,Happy,5,Poor,3,Lo-fi,Spanish,Relaxation,playlist_1
31,Female,Angry,7,Good,1,Pop,Tamil,Studying,playlist_1
63,Male,Angry,8,Good,3,Instrumental,Hindi,Relaxation,playlist_4
26,Prefer not to say,Tired,2,Fair,1,Classical,Tamil,Sleeping,playlist_5
62,Male,Tired,4,Fair,9,Lo-fi,Telugu,Meditation,playlist_3
61,Male,Tired,2,Poor,3,Pop,Other,Studying,playlist_1
59,Female,Happy,4,Fair,8,Nature Sounds,Telugu,Meditation,playlist_3
69,Female,Anxiety,6,Poor,6,Lo-fi,Malayalam,Sleeping,playlist_3
15,Female,Tired,6,Poor,3,Pop,Kannada,Exercise,playlist_5
31,Female,Tired,2,Fair,9,Pop,Spanish,Exercise,playlist_5
17,Male,Happy,4,Good,8,Pop,Hindi,Studying,playlist_1
40,Male,Happy,4,Fair,3,Pop,Kannada,Sleeping,playlist_1
29,Other,Happy,1,Good,7,Nature Sounds,English,Studying,playlist_1
50,Male,Anxiety,2,Good,5,Instrumental,Spanish,Studying,playlist_1
46,Male,Tired,3,Poor,2,Pop,English,Studying,playlist_1
46,Female,Sad,5,Poor,8,Instrumental,English,Meditation,playlist_3
18,Male,Sad,8,Fair,1,Nature Sounds,Malayalam,Relaxation,playlist_2
32,Female,Tired,6,Good,4,Nature Sounds,English,Sleeping,playlist_5
63,Female,Tired,3,Fair,4,Classical,English,Meditation,playlist_5
33,Female,Tired,6,Poor,10,Classical,Other,Relaxation,playlist_5
57,Male,Tired,7,Good,5,Pop,Hindi,Studying,playlist_1
66,Male,Anxiety,6,Fair,4,Instrumental,Other,Exercise,playlist_3
49,Female,Sad,10,Fair,1,Nature Sounds,Kannada,Meditation,playlist_2
54,Male,Angry,6,Poor,7,Lo-fi,Kannada,Sleeping,playlist_4
28,Male,Sad,1,Poor,10,Classical,Tamil,Sleeping,playlist_2
72,Female,Sad,3,Poor,2,Classical,English,Relaxation,playlist_2
47,Female,Happy,7,Poor,10,Lo-fi,Telugu,Meditation,playlist_3
28,Male,Tired,4,Fair,3,Instrumental,Tamil,Studying,playlist_1
48,Male,Tired,4,Poor,5,Instrumental,Tamil,Relaxation,playlist_5
69,Female,Tired,7,Poor,8,Instrumental,Hindi,Sleeping,playlist_2
18,Male,Happy,9,Fair,10,Pop,Tamil,Meditation,playlist_3
38,Other,Anxiety,2,Fair,8,Pop,Telugu,Exercise,playlist_5
73,Male,Anxiety,9,Good,2,Lo-fi,Kannada,Studying,playlist_1
43,Female,Angry,3,Fair,9,Nature Sounds,Tamil,Sleeping,playlist_4
33,Male,Anxiety,6,Good,6,Lo-fi,Other,Meditation,playlist_3
20,Male,Anxiety,4,Poor,9,Nature Sounds,Hindi,Exercise,playlist_5
71,Male,Tired,1,Good,4,Lo-fi,Spanish,Sleeping,playlist_5
47,Male,Sad,9,Good,3,Pop,English,Exercise,playlist_2
63,Male,Anxiety,6,Poor,5,Instrumental,Other,Sleeping,playlist_3
54,Male,Anxiety,8,Poor,5,Classical,Telugu,Relaxation,playlist_3
33,Female,Happy,2,Poor,4,Lo-fi,English,Relaxation,playlist_1
67,Male,Angry,7,Good,7,Lo-fi,Malayalam,Relaxation,playlist_4
15,Prefer not to say,Happy,6,Fair,8,Classical,Tamil,Meditation,playlist_3
19,Male,Tired,2,Fair,5,Lo-fi,Kannada,Relaxation,playlist_5
41,Female,Sad,2,Fair,9,Instrumental,Hindi,Meditation,playlist_3
30,Female,Angry,4,Poor,7,Classical,Spanish,Studying,playlist_1
20,Other,Happy,4,Poor,7,Classical,Telugu,Relaxation,playlist_1
54,Male,Anxiety,3,Fair,8,Instrumental,Kannada,Meditation,playlist_3
27,Female,Anxiety,8,Poor,4,Instrumental,Telugu,Sleeping,playlist_2
62,Male,Angry,7,Good,10,Classical,Hindi,Meditation,playlist_3
49,Male,Anxiety,2,Good,6,Instrumental,Other,Meditation,playlist_3
33,Female,Happy,3,Poor,5,Instrumental,Hindi,Sleeping,playlist_1
26,Male,Happy,10,Fair,1,Instrumental,Tamil,Meditation,playlist_1
30,Male,Anxiety,9,Fair,9,Classical,Telugu,Sleeping,playlist_2
73,Male,Anxiety,5,Good,2,Lo-fi,Malayalam,Exercise,playlist_5
57,Male,Tired,2,Poor,6,Nature Sounds,Malayalam,Relaxation,playlist_5
24,Male,Sad,3,Fair,8,Classical,Tamil,Studying,playlist_1
39,Female,Angry,8,Fair,3,Nature Sounds,Telugu,Meditation,playlist_4
34,Male,Happy,4,Poor,5,Instrumental,Telugu,Sleeping,playlist_1
45,Female,Angry,2,Poor,7,Instrumental,English,Relaxation,playlist_4
18,Female,Tired,2,Fair,4,Lo-fi,Tamil,Meditation,playlist_5
58,Female,Happy,6,Poor,5,Instrumental,Telugu,Relaxation,playlist_1
37,Female,Tired,8,Poor,1,Nature Sounds,Telugu,Exercise,playlist_5
16,Female,Tired,7,Poor,4,Classical,Other,Meditation,playlist_5
70,Female,Anxiety,4,Fair,7,Classical,Other,Sleeping,playlist_3
36,Male,Angry,2,Good,10,Lo-fi,Hindi,Exercise,playlist_5
65,Other,Angry,9,Poor,7,Nature Sounds,Spanish,Meditation,playlist_3
71,Prefer not to say,Anxiety,4,Fair,10,Instrumental,English,Relaxation,playlist_3
51,Female,Angry,9,Good,10,Pop,Malayalam,Exercise,playlist_4
22,Male,Anxiety,5,Fair,4,Lo-fi,Other,Sleeping,playlist_3
21,Male,Happy,7,Fair,6,Lo-fi,Malayalam,Meditation,playlist_1
28,Female,Tired,5,Fair,5,Pop,Hindi,Relaxation,playlist_5
70,Female,Tired,2,Good,1,Classical,Spanish,Relaxation,playlist_5
69,Female,Angry,6,Fair,8,Classical,Spanish,Exercise,playlist_4
17,Female,Sad,7,Good,7,Classical,Tamil,Meditation,playlist_3
64,Female,Tired,6,Poor,5,Pop,Malayalam,Relaxation,playlist_5
30,Male,Anxiety,3,Good,10,Instrumental,Tamil,Exercise,playlist_5
69,Female,Sad,10,Fair,10,Instrumental,Telugu,Studying,playlist_1
33,Male,Sad,8,Good,7,Nature Sounds,Kannada,Relaxation,playlist_2
65,Female,Tired,3,Fair,10,Nature Sounds,Spanish,Exercise,playlist_5
32,Male,Tired,5,Poor,3,Classical,Spanish,Studying,playlist_1
66,Male,Tired,9,Good,8,Pop,Hindi,Exercise,playlist_5
30,Male,Anxiety,5,Poor,5,Lo-fi,Spanish,Relaxation,playlist_3
22,Other,Sad,7,Good,2,Instrumental,Tamil,Studying,playlist_1
74,Female,Angry,7,Fair,2,Pop,Spanish,Exercise,playlist_4
47,Male,Anxiety,5,Good,4,Nature Sounds,Telugu,Meditation,playlist_3
63,Female,Happy,2,Poor,7,Instrumental,Telugu,Studying,playlist_1
26,Female,Tired,5,Good,10,Instrumental,Hindi,Exercise,playlist_5
67,Female,Sad,7,Poor,4,Pop,Spanish,Meditation,playlist_2
25,Female,Anxiety,7,Poor,9,Nature Sounds,Other,Studying,playlist_1
19,Male,Happy,4,Fair,2,Pop,Other,Exercise,playlist_5
41,Male,Anxiety,1,Good,6,Lo-fi,Malayalam,Relaxation,playlist_3
26,Male,Anxiety,6,Poor,4,Instrumental,Telugu,Studying,playlist_1
31,Female,Angry,3,Fair,6,Pop,English,Studying,playlist_1
20,Male,Angry,5,Fair,10,Pop,Malayalam,Meditation,playlist_3
47,Female,Anxiety,4,Fair,9,Lo-fi,Kannada,Exercise,playlist_5
19,Male,Happy,2,Poor,10,Pop,Hindi,Relaxation,playlist_1
71,Male,Sad,7,Good,9,Instrumental,Hindi,Meditation,playlist_3
42,Prefer not to say,Sad,5,Poor,9,Classical,Hindi,Studying,playlist_1
28,Other,Tired,7,Fair,9,Classical,Telugu,Meditation,playlist_3
19,Male,Tired,9,Poor,3,Nature Sounds,Telugu,Meditation,playlist_5
68,Female,Sad,4,Poor,9,Lo-fi,Hindi,Meditation,playlist_3
70,Female,Anxiety,5,Fair,3,Nature Sounds,Other,Studying,playlist_1
73,Female,Anxiety,9,Good,10,Classical,Hindi,Sleeping,playlist_2
47,Male,Angry,10,Fair,3,Lo-fi,English,Meditation,playlist_4
64,Male,Angry,4,Fair,5,Pop,Other,Sleeping,playlist_4
62,Female,Tired,5,Poor,6,Pop,Tamil,Relaxation,playlist_5
55,Female,Sad,5,Fair,9,Instrumental,Malayalam,Relaxation,playlist_2
33,Female,Anxiety,8,Poor,1,Classical,Malayalam,Relaxation,playlist_3
36,Female,Sad,4,Fair,8,Pop,English,Exercise,playlist_5
19,Female,Happy,4,Fair,4,Lo-fi,Hindi,Studying,playlist_1
73,Male,Sad,7,Good,10,Pop,Spanish,Sleeping,playlist_2
16,Male,Happy,5,Fair,7,Nature Sounds,Telugu,Exercise,playlist_5
44,Male,Angry,6,Good,6,Nature Sounds,Telugu,Sleeping,playlist_4
61,Female,Angry,6,Fair,6,Nature Sounds,Hindi,Studying,playlist_1
53,Prefer not to say,Tired,6,Fair,7,Nature Sounds,Tamil,Meditation,playlist_3
18,Female,Sad,10,Fair,4,Nature Sounds,Kannada,Exercise,playlist_2
47,Female,Sad,5,Good,6,Instrumental,Kannada,Studying,playlist_1
27,Female,Happy,5,Poor,3,Nature Sounds,English,Exercise,playlist_5
34,Male,Angry,9,Good,5,Instrumental,Malayalam,Relaxation,playlist_4
68,Male,Happy,8,Fair,2,Instrumental,Tamil,Exercise,playlist_1
21,Male,Angry,4,Poor,3,Pop,Kannada,Meditation,playlist_4
29,Female,Happy,7,Fair,9,Lo-fi,Tamil,Meditation,playlist_3
37,Female,Angry,8,Good,6,Nature Sounds,Telugu,Sleeping,playlist_2
28,Male,Happy,9,Good,3,Lo-fi,Telugu,Exercise,playlist_1
37,Female,Angry,5,Poor,2,Classical,Spanish,Relaxation,playlist_4
33,Female,Happy,3,Good,5,Instrumental,Other,Meditation,playlist_1
68,Male,Sad,4,Fair,10,Classical,Tamil,Sleeping,playlist_2
43,Female,Tired,10,Poor,5,Instrumental,Other,Relaxation,playlist_5
70,Male,Happy,6,Fair,1,Nature Sounds,Hindi,Relaxation,playlist_1
34,Female,Tired,10,Poor,3,Classical,Kannada,Relaxation,playlist_5
43,Female,Sad,5,Poor,7,Pop,Kannada,Studying,playlist_1
38,Male,Sad,9,Fair,9,Classical,Telugu,Meditation,playlist_3
32,Female,Angry,3,Good,5,Instrumental,Spanish,Studying,playlist_1
24,Male,Tired,2,Fair,4,Instrumental,Other,Studying,playlist_1
55,Male,Anxiety,6,Good,3,Lo-fi,Spanish,Meditation,playlist_3
71,Female,Angry,7,Good,10,Classical,Malayalam,Exercise,playlist_4
22,Female,Tired,5,Fair,9,Pop,English,Sleeping,playlist_5
40,Male,Happy,1,Poor,7,Nature Sounds,Kannada,Meditation,playlist_3
43,Male,Happy,3,Fair,7,Lo-fi,Telugu,Sleeping,playlist_1
24,Female,Sad,3,Poor,8,Classical,Spanish,Exercise,playlist_5
31,Male,Anxiety,4,Good,10,Lo-fi,Telugu,Meditation,playlist_3
16,Male,Happy,10,Poor,1,Classical,Tamil,Relaxation,playlist_1
20,Male,Tired,6,Fair,4,Nature Sounds,Tamil,Meditation,playlist_5
72,Female,Tired,5,Poor,5,Nature Sounds,Malayalam,Exercise,playlist_5
19,Prefer not to say,Happy,1,Good,5,Pop,Tamil,Studying,playlist_1
42,Male,Tired,6,Good,1,Lo-fi,Other,Meditation,playlist_5
55,Female,Tired,9,Poor,3,Pop,English,Relaxation,playlist_5
19,Male,Sad,1,Good,2,Classical,Spanish,Meditation,playlist_2
32,Female,Anxiety,8,Good,7,Nature Sounds,Kannada,Studying,playlist_1
40,Male,Sad,8,Poor,5,Nature Sounds,English,Meditation,playlist_2
34,Male,Anxiety,3,Good,3,Instrumental,Spanish,Relaxation,playlist_3
55,Female,Tired,9,Poor,8,Instrumental,English,Exercise,playlist_5
63,Male,Anxiety,8,Poor,1,Pop,Tamil,Relaxation,playlist_3
41,Male,Tired,3,Good,1,Lo-fi,Malayalam,Exercise,playlist_5
63,Prefer not to say,Tired,10,Poor,6,Classical,Telugu,Relaxation,playlist_5
26,Prefer not to say,Sad,5,Good,1,Pop,Hindi,Sleeping,playlist_2
21,Male,Sad,3,Good,4,Nature Sounds,Telugu,Meditation,playlist_2
73,Female,Angry,5,Good,6,Nature Sounds,Telugu,Meditation,playlist_4
17,Female,Happy,9,Fair,1,Nature Sounds,Telugu,Studying,playlist_1
24,Female,Angry,4,Good,9,Classical,Telugu,Sleeping,playlist_4
48,Other,Angry,6,Poor,4,Pop,English,Studying,playlist_1
39,Female,Anxiety,3,Poor,9,Classical,Tamil,Meditation,playlist_3
49,Female,Tired,3,Poor,9,Nature Sounds,Tamil,Studying,playlist_1
30,Male,Tired,5,Fair,6,Instrumental,Telugu,Exercise,playlist_5
16,Male,Tired,8,Fair,7,Pop,Hindi,Sleeping,playlist_2
74,Female,Happy,8,Poor,1,Instrumental,Kannada,Relaxation,playlist_1
38,Male,Anxiety,3,Poor,5,Pop,Telugu,Exercise,playlist_5
24,Male,Anxiety,8,Fair,3,Nature Sounds,Telugu,Relaxation,playlist_3
52,Male,Tired,8,Poor,10,Instrumental,Hindi,Studying,playlist_1
36,Male,Angry,3,Good,10,Instrumental,English,Meditation,playlist_3
40,Male,Happy,10,Good,6,Pop,Telugu,Exercise,playlist_1
57,Male,Angry,10,Poor,4,Instrumental,Hindi,Sleeping,playlist_2
69,Male,Sad,2,Good,9,Instrumental,English,Relaxation,playlist_2
53,Female,Anxiety,10,Poor,7,Nature Sounds,English,Exercise,playlist_3
41,Female,Anxiety,2,Fair,4,Pop,Malayalam,Meditation,playlist_3
43,Male,Angry,9,Poor,6,Pop,Spanish,Sleeping,playlist_2
61,Other,Happy,7,Fair,2,Lo-fi,Spanish,Sleeping,playlist_2
52,Female,Anxiety,6,Good,3,Pop,Malayalam,Relaxation,playlist_3
34,Female,Angry,7,Good,7,Nature Sounds,Malayalam,Exercise,playlist_4
41,Other,Happy,8,Good,4,Instrumental,Telugu,Exercise,playlist_1
55,Male,Angry,1,Poor,10,Lo-fi,Spanish,Sleeping,playlist_4
68,Male,Happy,8,Fair,7,Instrumental,English,Studying,playlist_1
34,Male,Tired,3,Fair,9,Pop,Telugu,Sleeping,playlist_5
58,Male,Happy,3,Good,5,Classical,Other,Meditation,playlist_1
33,Male,Sad,6,Good,1,Instrumental,Other,Exercise,playlist_2
34,Female,Tired,4,Fair,5,Pop,Telugu,Relaxation,playlist_5
49,Male,Angry,4,Poor,6,Nature Sounds,Tamil,Exercise,playlist_5
61,Prefer not to say,Tired,4,Good,2,Pop,Kannada,Sleeping,playlist_5
16,Female,Tired,10,Poor,8,Lo-fi,Kannada,Meditation,playlist_3
44,Female,Angry,9,Good,2,Classical,Tamil,Studying,playlist_1
67,Male,Angry,8,Good,9,Classical,Spanish,Exercise,playlist_4
48,Female,Sad,3,Poor,2,Classical,Telugu,Sleeping,playlist_2
36,Male,Angry,1,Poor,3,Nature Sounds,Hindi,Sleeping,playlist_4
17,Male,Anxiety,1,Poor,8,Classical,English,Sleeping,playlist_3
20,Female,Anxiety,1,Poor,6,Instrumental,Tamil,Meditation,playlist_3
29,Male,Sad,4,Fair,1,Nature Sounds,Malayalam,Sleeping,playlist_2
41,Female,Happy,6,Fair,4,Pop,Tamil,Sleeping,playlist_1
24,Female,Happy,4,Good,5,Lo-fi,Tamil,Sleeping,playlist_1
23,Male,Anxiety,3,Good,3,Nature Sounds,Spanish,Exercise,playlist_5
47,Female,Angry,8,Good,1,Lo-fi,Spanish,Sleeping,playlist_2
46,Female,Sad,8,Fair,3,Nature Sounds,Tamil,Meditation,playlist_2
62,Male,Happy,6,Poor,9,Pop,Kannada,Exercise,playlist_1
20,Female,Happy,9,Good,2,Lo-fi,Telugu,Sleeping,playlist_2
55,Other,Tired,10,Fair,1,Nature Sounds,Tamil,Studying,playlist_1
73,Female,Anxiety,1,Good,7,Lo-fi,Tamil,Meditation,playlist_3
50,Female,Angry,8,Fair,7,Classical,Other,Studying,playlist_1
73,Female,Sad,6,Poor,5,Classical,Tamil,Meditation,playlist_2
74,Female,Happy,1,Fair,2,Classical,Hindi,Studying,playlist_1
16,Female,Tired,4,Poor,1,Instrumental,Hindi,Sleeping,playlist_5
43,Male,Anxiety,5,Good,5,Classical,English,Studying,playlist_1
18,Male,Anxiety,7,Poor,10,Classical,Telugu,Studying,playlist_1
15,Other,Sad,8,Fair,4,Pop,Tamil,Meditation,playlist_2
33,Male,Happy,9,Good,9,Lo-fi,English,Sleeping,playlist_2
40,Female,Sad,6,Good,5,Lo-fi,Spanish,Meditation,playlist_2
39,Female,Sad,10,Fair,10,Classical,Malayalam,Sleeping,playlist_2
24,Male,Tired,9,Poor,2,Lo-fi,English,Relaxation,playlist_5
67,Female,Anxiety,4,Fair,4,Nature Sounds,Malayalam,Exercise,playlist_5
29,Male,Angry,8,Poor,9,Classical,Malayalam,Exercise,playlist_4
73,Prefer not to say,Anxiety,3,Poor,8,Classical,Telugu,Meditation,playlist_3
36,Male,Anxiety,4,Good,3,Instrumental,Hindi,Sleeping,playlist_3
65,Male,Tired,10,Poor,8,Nature Sounds,Other,Studying,playlist_1
62,Female,Angry,4,Good,2,Classical,Telugu,Exercise,playlist_5
35,Female,Happy,6,Fair,3,Classical,English,Meditation,playlist_1
73,Male,Angry,9,Fair,5,Lo-fi,Malayalam,Meditation,playlist_4
70,Male,Happy,6,Good,10,Classical,Telugu,Meditation,playlist_3
36,Male,Angry,1,Good,10,Classical,Hindi,Sleeping,playlist_4
50,Male,Sad,5,Poor,8,Classical,English,Meditation,playlist_3
48,Female,Angry,9,Good,1,Classical,Telugu,Relaxation,playlist_4
44,Male,Tired,5,Fair,4,Instrumental,Spanish,Studying,playlist_1
39,Female,Happy,6,Good,1,Nature Sounds,Spanish,Meditation,playlist_1
59,Female,Anxiety,3,Good,1,Instrumental,Tamil,Sleeping,playlist_3
42,Other,Tired,8,Good,5,Lo-fi,Tamil,Studying,playlist_1
15,Female,Happy,10,Poor,6,Pop,Other,Studying,playlist_1
63,Male,Happy,4,Good,1,Classical,Telugu,Exercise,playlist_5
59,Male,Anxiety,4,Poor,6,Lo-fi,Telugu,Meditation,playlist_3
18,Prefer not to say,Sad,5,Poor,5,Pop,Malayalam,Meditation,playlist_2
21,Female,Tired,10,Good,4,Classical,Spanish,Sleeping,playlist_2
63,Female,Anxiety,9,Poor,10,Classical,Malayalam,Relaxation,playlist_3
23,Other,Anxiety,8,Good,5,Pop,Hindi,Relaxation,playlist_3
50,Female,Sad,7,Fair,8,Instrumental,English,Exercise,playlist_2
33,Other,Tired,5,Fair,9,Pop,Telugu,Relaxation,playlist_5
15,Female,Anxiety,9,Poor,2,Pop,English,Sleeping,playlist_2
24,Female,Sad,9,Fair,6,Nature Sounds,Tamil,Exercise,playlist_2
50,Female,Tired,10,Good,3,Classical,English,Meditation,playlist_5
23,Male,Angry,10,Poor,2,Classical,Kannada,Relaxation,playlist_4
59,Prefer not to say,Happy,2,Good,1,Instrumental,Spanish,Sleeping,playlist_1
60,Male,Sad,4,Poor,4,Instrumental,Hindi,Sleeping,playlist_2
56,Male,Happy,8,Poor,8,Nature Sounds,Spanish,Meditation,playlist_3
46,Female,Angry,1,Poor,3,Nature Sounds,Hindi,Sleeping,playlist_4
46,Female,Anxiety,5,Poor,5,Nature Sounds,Other,Exercise,playlist_5
20,Female,Anxiety,8,Fair,10,Instrumental,English,Exercise,playlist_3
62,Male,Tired,2,Fair,5,Pop,Other,Studying,playlist_1
52,Male,Sad,2,Fair,5,Classical,Other,Meditation,playlist_2
31,Male,Sad,8,Poor,9,Classical,Hindi,Sleeping,playlist_2
24,Female,Tired,10,Fair,8,Lo-fi,English,Relaxation,playlist_5
64,Female,Happy,9,Poor,8,Instrumental,English,Exercise,playlist_1
41,Male,Anxiety,7,Fair,1,Instrumental,Tamil,Meditation,playlist_3
68,Female,Anxiety,8,Poor,1,Nature Sounds,Spanish,Meditation,playlist_3
64,Male,Sad,5,Fair,2,Lo-fi,Other,Exercise,playlist_5
49,Female,Sad,1,Fair,8,Lo-fi,English,Studying,playlist_1
66,Male,Tired,4,Fair,10,Instrumental,Hindi,Meditation,playlist_3
73,Female,Angry,2,Poor,1,Nature Sounds,Other,Sleeping,playlist_4
35,Male,Happy,3,Poor,4,Classical,Kannada,Relaxation,playlist_1
39,Male,Angry,3,Fair,9,Nature Sounds,Telugu,Relaxation,playlist_4
42,Female,Angry,9,Poor,2,Classical,Hindi,Exercise,playlist_4
61,Female,Sad,10,Good,3,Instrumental,Kannada,Meditation,playlist_2
29,Female,Sad,4,Fair,6,Nature Sounds,Hindi,Relaxation,playlist_2
18,Female,Sad,2,Fair,10,Lo-fi,Kannada,Meditation,playlist_3
43,Female,Angry,3,Good,3,Pop,Hindi,Exercise,playlist_5
73,Female,Happy,3,Poor,4,Lo-fi,Telugu,Studying,playlist_1
23,Female,Sad,7,Poor,9,Classical,Other,Relaxation,playlist_2
41,Female,Anxiety,8,Poor,9,Instrumental,Tamil,Sleeping,playlist_2
40,Male,Happy,6,Fair,10,Nature Sounds,Tamil,Exercise,playlist_1
33,Male,Anxiety,4,Fair,5,Instrumental,Telugu,Studying,playlist_1
70,Other,Happy,6,Fair,7,Instrumental,Hindi,Sleeping,playlist_1
42,Prefer not to say,Sad,1,Fair,9,Classical,Spanish,Sleeping,playlist_2
31,Male,Tired,10,Fair,8,Instrumental,Kannada,Relaxation,playlist_5
57,Male,Sad,8,Poor,7,Nature Sounds,English,Meditation,playlist_3
71,Male,Angry,1,Good,8,Lo-fi,Hindi,Exercise,playlist_5
55,Female,Angry,5,Poor,5,Instrumental,Telugu,Sleeping,playlist_4
56,Male,Happy,2,Poor,5,Nature Sounds,Malayalam,Relaxation,playlist_1
64,Female,Angry,6,Fair,5,Nature Sounds,Tamil,Studying,playlist_1
34,Other,Sad,9,Good,1,Classical,Tamil,Sleeping,playlist_2
59,Prefer not to say,Anxiety,5,Good,6,Instrumental,Other,Studying,playlist_1
54,Male,Sad,4,Poor,5,Classical,Hindi,Exercise,playlist_5
53,Prefer not to say,Happy,2,Good,8,Lo-fi,Kannada,Relaxation,playlist_1
63,Female,Angry,3,Poor,8,Lo-fi,Spanish,Studying,playlist_1
67,Male,Anxiety,6,Poor,2,Nature Sounds,Spanish,Meditation,playlist_3
37,Male,Tired,8,Poor,6,Instrumental,Telugu,Studying,playlist_1
61,Female,Anxiety,8,Poor,10,Nature Sounds,Telugu,Studying,playlist_1
46,Prefer not to say,Anxiety,5,Fair,10,Instrumental,Kannada,Relaxation,playlist_3
66,Male,Sad,5,Good,6,Classical,Kannada,Relaxation,playlist_2
61,Male,Tired,10,Fair,3,Lo-fi,Spanish,Sleeping,playlist_2
47,Female,Happy,3,Fair,1,Lo-fi,Hindi,Studying,playlist_1
71,Prefer not to say,Happy,7,Fair,7,Classical,Spanish,Studying,playlist_1
60,Prefer not to say,Anxiety,6,Poor,10,Pop,Hindi,Relaxation,playlist_3
19,Male,Anxiety,1,Poor,5,Pop,Malayalam,Meditation,playlist_3
57,Male,Angry,4,Fair,10,Pop,Tamil,Relaxation,playlist_4
62,Other,Tired,6,Fair,5,Instrumental,Other,Meditation,playlist_5
48,Female,Anxiety,6,Good,8,Classical,Tamil,Relaxation,playlist_3
54,Prefer not to say,Angry,3,Fair,5,Instrumental,Kannada,Exercise,playlist_5
25,Female,Tired,6,Poor,5,Instrumental,English,Studying,playlist_1
64,Male,Happy,10,Fair,1,Classical,English,Meditation,playlist_1
17,Female,Angry,6,Good,2,Instrumental,English,Exercise,playlist_4
72,Male,Tired,9,Good,5,Classical,Telugu,Meditation,playlist_5
47,Female,Angry,9,Fair,7,Pop,Hindi,Sleeping,playlist_2
25,Female,Anxiety,2,Good,3,Pop,Kannada,Sleeping,playlist_3
30,Prefer not to say,Sad,4,Good,1,Instrumental,Tamil,Studying,playlist_1
32,Prefer not to say,Happy,9,Poor,2,Lo-fi,English,Exercise,playlist_1
44,Male,Anxiety,4,Good,3,Classical,Tamil,Exercise,playlist_5
62,Male,Anxiety,8,Good,9,Nature Sounds,Hindi,Sleeping,playlist_2
69,Female,Tired,10,Fair,8,Nature Sounds,Malayalam,Studying,playlist_1
24,Female,Angry,3,Poor,4,Instrumental,Malayalam,Sleeping,playlist_4
32,Female,Happy,3,Good,8,Lo-fi,Kannada,Exercise,playlist_5
52,Prefer not to say,Anxiety,9,Fair,9,Classical,English,Meditation,playlist_3
33,Female,Tired,10,Fair,3,Pop,Other,Exercise,playlist_5
50,Male,Happy,8,Fair,6,Instrumental,English,Studying,playlist_1
73,Male,Angry,1,Fair,8,Classical,Malayalam,Exercise,playlist_5
27,Male,Anxiety,10,Fair,10,Classical,Kannada,Relaxation,playlist_3
70,Female,Anxiety,2,Fair,7,Classical,Tamil,Exercise,playlist_5
60,Other,Anxiety,3,Good,9,Lo-fi,Hindi,Relaxation,playlist_3
17,Male,Happy,2,Poor,7,Classical,Malayalam,Sleeping,playlist_1
24,Female,Happy,3,Poor,1,Lo-fi,Malayalam,Relaxation,playlist_1
52,Male,Happy,8,Fair,9,Lo-fi,Hindi,Exercise,playlist_1
15,Male,Happy,6,Fair,5,Classical,Hindi,Exercise,playlist_1
69,Female,Tired,7,Poor,6,Pop,Malayalam,Exercise,playlist_5
70,Male,Sad,10,Good,2,Classical,Tamil,Studying,playlist_1
41,Other,Tired,10,Fair,2,Pop,Tamil,Sleeping,playlist_2
60,Female,Anxiety,6,Poor,4,Instrumental,English,Relaxation,playlist_3
22,Male,Tired,1,Poor,4,Nature Sounds,Tamil,Meditation,playlist_5
65,Female,Angry,3,Fair,5,Instrumental,Telugu,Relaxation,playlist_4
60,Prefer not to say,Happy,1,Poor,7,Lo-fi,Kannada,Exercise,playlist_5
56,Female,Angry,10,Good,1,Instrumental,Tamil,Meditation,playlist_4
31,Male,Angry,9,Poor,10,Nature Sounds,Hindi,Meditation,playlist_3
23,Male,Anxiety,9,Fair,4,Nature Sounds,Tamil,Relaxation,playlist_3
20,Male,Happy,5,Fair,9,Pop,English,Relaxation,playlist_1
57,Male,Angry,4,Poor,8,Instrumental,Spanish,Relaxation,playlist_4
39,Other,Anxiety,9,Poor,3,Lo-fi,Kannada,Relaxation,playlist_3
53,Male,Happy,9,Fair,6,Lo-fi,Kannada,Sleeping,playlist_2
63,Female,Sad,3,Good,9,Pop,Hindi,Studying,playlist_1
74,Female,Anxiety,5,Poor,8,Pop,Kannada,Studying,playlist_1
42,Female,Tired,3,Good,7,Instrumental,Telugu,Relaxation,playlist_5
47,Male,Happy,10,Good,7,Pop,Kannada,Studying,playlist_1
68,Male,Angry,2,Fair,1,Nature Sounds,Malayalam,Relaxation,playlist_4
51,Male,Angry,1,Fair,5,Lo-fi,Hindi,Relaxation,playlist_4
23,Male,Tired,10,Fair,7,Nature Sounds,Kannada,Relaxation,playlist_5
32,Male,Tired,2,Good,2,Classical,Tamil,Sleeping,playlist_5
70,Female,Angry,8,Fair,6,Nature Sounds,English,Exercise,playlist_4
73,Male,Happy,8,Fair,2,Lo-fi,Malayalam,Studying,playlist_1
35,Male,Anxiety,3,Good,3,Classical,Malayalam,Studying,playlist_1
16,Male,Tired,7,Good,1,Instrumental,Tamil,Sleeping,playlist_2
72,Prefer not to say,Tired,7,Good,3,Classical,Spanish,Sleeping,playlist_2
57,Female,Tired,2,Good,7,Pop,Malayalam,Relaxation,playlist_5
73,Female,Sad,9,Poor,5,Lo-fi,Telugu,Relaxation,playlist_2
74,Male,Happy,3,Fair,4,Pop,Telugu,Exercise,playlist_5
52,Female,Happy,2,Poor,8,Nature Sounds,English,Studying,playlist_1
72,Male,Happy,3,Good,8,Instrumental,English,Sleeping,playlist_1
54,Male,Happy,2,Good,1,Lo-fi,English,Exercise,playlist_5
50,Female,Happy,8,Good,9,Instrumental,English,Studying,playlist_1
64,Female,Angry,5,Good,9,Lo-fi,Kannada,Exercise,playlist_5
74,Prefer not to say,Tired,3,Good,2,Pop,Other,Exercise,playlist_5
57,Female,Angry,5,Fair,2,Nature Sounds,Malayalam,Relaxation,playlist_4
51,Male,Sad,8,Poor,8,Classical,Tamil,Exercise,playlist_2
29,Male,Anxiety,7,Poor,6,Instrumental,Telugu,Relaxation,playlist_3
42,Female,Tired,6,Fair,3,Lo-fi,Kannada,Studying,playlist_1
32,Male,Sad,1,Fair,2,Lo-fi,English,Studying,playlist_1
48,Female,Angry,10,Fair,5,Instrumental,Hindi,Relaxation,playlist_4
36,Female,Anxiety,1,Poor,8,Classical,Hindi,Meditation,playlist_3
25,Other,Sad,1,Poor,6,Nature Sounds,Tamil,Exercise,playlist_5
72,Female,Anxiety,10,Good,3,Lo-fi,Telugu,Studying,playlist_1
71,Female,Sad,8,Poor,9,Lo-fi,Other,Exercise,playlist_2
27,Male,Angry,8,Poor,8,Instrumental,Spanish,Meditation,playlist_3
18,Male,Anxiety,7,Fair,10,Instrumental,Telugu,Exercise,playlist_3
36,Female,Sad,6,Poor,6,Lo-fi,Tamil,Meditation,playlist_2
21,Prefer not to say,Angry,4,Good,1,Lo-fi,Spanish,Sleeping,playlist_4
57,Male,Tired,1,Poor,2,Lo-fi,English,Meditation,playlist_5
68,Female,Angry,9,Fair,4,Pop,Other,Studying,playlist_1
38,Female,Angry,1,Fair,2,Lo-fi,English,Relaxation,playlist_4
18,Prefer not to say,Tired,4,Good,3,Nature Sounds,Other,Relaxation,playlist_5
42,Male,Angry,3,Good,8,Nature Sounds,Malayalam,Exercise,playlist_5
29,Female,Tired,7,Poor,9,Classical,Telugu,Sleeping,playlist_2
15,Male,Tired,5,Good,6,Instrumental,Telugu,Exercise,playlist_5
69,Female,Tired,5,Good,4,Classical,Telugu,Meditation,playlist_5
17,Male,Sad,4,Fair,2,Lo-fi,Spanish,Relaxation,playlist_2
28,Female,Anxiety,1,Fair,7,Instrumental,English,Meditation,playlist_3
52,Female,Sad,5,Poor,10,Lo-fi,Hindi,Relaxation,playlist_2
64,Male,Tired,4,Poor,7,Instrumental,Tamil,Relaxation,playlist_5
71,Female,Anxiety,10,Poor,10,Pop,Tamil,Relaxation,playlist_3
15,Female,Anxiety,8,Poor,9,Pop,Kannada,Studying,playlist_1
52,Female,Tired,2,Fair,5,Pop,Kannada,Meditation,playlist_5
52,Male,Anxiety,8,Poor,10,Classical,Hindi,Exercise,playlist_3
35,Male,Anxiety,1,Poor,4,Instrumental,Telugu,Sleeping,playlist_3
62,Female,Sad,4,Good,10,Classical,Hindi,Exercise,playlist_5
43,Male,Anxiety,3,Poor,6,Instrumental,Spanish,Meditation,playlist_3
19,Female,Tired,5,Good,2,Lo-fi,Other,Sleeping,playlist_5
63,Male,Happy,5,Fair,2,Pop,Spanish,Exercise,playlist_5
24,Male,Happy,5,Poor,9,Pop,Kannada,Sleeping,playlist_1
42,Male,Happy,4,Good,7,Instrumental,Malayalam,Meditation,playlist_3
35,Male,Tired,8,Poor,7,Classical,Other,Relaxation,playlist_5
64,Prefer not to say,Happy,3,Good,5,Classical,Kannada,Meditation,playlist_1
21,Prefer not to say,Sad,4,Poor,7,Nature Sounds,Tamil,Studying,playlist_1
17,Female,Tired,1,Fair,9,Pop,Spanish,Sleeping,playlist_5
59,Male,Tired,7,Fair,10,Pop,Hindi,Meditation,playlist_3
61,Other,Tired,1,Good,5,Classical,English,Relaxation,playlist_5
34,Other,Anxiety,2,Good,9,Pop,Kannada,Relaxation,playlist_3
33,Female,Anxiety,7,Fair,1,Classical,Tamil,Meditation,playlist_3
49,Female,Anxiety,1,Poor,3,Nature Sounds,Telugu,Exercise,playlist_5
18,Male,Angry,3,Good,7,Instrumental,Other,Meditation,playlist_3
19,Male,Sad,6,Fair,4,Instrumental,Hindi,Relaxation,playlist_2
15,Female,Tired,6,Good,2,Nature Sounds,Kannada,Meditation,playlist_5
18,Female,Tired,6,Fair,3,Pop,English,Studying,playlist_1
26,Male,Anxiety,2,Fair,7,Lo-fi,Other,Exercise,playlist_5
74,Male,Tired,2,Good,8,Pop,Kannada,Meditation,playlist_3
41,Female,Tired,6,Good,9,Classical,English,Relaxation,playlist_5
70,Female,Happy,10,Fair,6,Lo-fi,Hindi,Meditation,playlist_1
56,Female,Tired,5,Poor,10,Nature Sounds,Malayalam,Meditation,playlist_3
37,Female,Angry,7,Fair,9,Instrumental,English,Sleeping,playlist_2
39,Male,Anxiety,7,Poor,4,Instrumental,English,Meditation,playlist_3
35,Male,Sad,5,Poor,5,Pop,Tamil,Studying,playlist_1
72,Female,Sad,8,Poor,1,Instrumental,Malayalam,Relaxation,playlist_2
66,Female,Happy,10,Good,9,Pop,Hindi,Sleeping,playlist_2
38,Male,Sad,6,Fair,9,Classical,Kannada,Meditation,playlist_3
39,Male,Sad,5,Fair,9,Classical,Malayalam,Exercise,playlist_5
59,Female,Anxiety,4,Poor,3,Nature Sounds,Telugu,Studying,playlist_1
69,Male,Anxiety,7,Poor,10,Classical,Other,Studying,playlist_1
60,Female,Angry,4,Poor,10,Pop,Hindi,Studying,playlist_1
46,Female,Happy,5,Fair,10,Instrumental,Malayalam,Sleeping,playlist_1
69,Female,Sad,5,Poor,8,Classical,Hindi,Meditation,playlist_3
46,Female,Angry,1,Fair,3,Classical,Telugu,Studying,playlist_1
19,Male,Happy,1,Fair,6,Pop,Kannada,Meditation,playlist_1
50,Female,Sad,3,Good,5,Classical,Spanish,Exercise,playlist_5
60,Male,Sad,3,Poor,8,Instrumental,Tamil,Meditation,playlist_3
56,Female,Anxiety,2,Poor,3,Instrumental,Malayalam,Meditation,playlist_3
63,Female,Tired,2,Poor,1,Instrumental,Kannada,Meditation,playlist_5
56,Male,Happy,6,Good,9,Instrumental,Telugu,Relaxation,playlist_1
72,Male,Sad,1,Poor,10,Lo-fi,Kannada,Sleeping,playlist_2
53,Male,Happy,6,Fair,9,Instrumental,Hindi,Meditation,playlist_3
30,Female,Angry,5,Poor,3,Lo-fi,Tamil,Studying,playlist_1
47,Male,Angry,6,Fair,2,Instrumental,English,Relaxation,playlist_4
